Sheet,Row_ID,Term,Order,Context_Used_A,NLD_A,NLD_B,Assigned_Category,Tier,Conditions,Parent_Term,Category,Relationship_Type,Is_Intermediate
NLD_Quality,NLD-001,campos basin,B_first,True,"The Campos Basin is an Early Cretaceous rift basin that is located in the Central Segment of the South Atlantic margin off the coast of East Brazil, contiguous with the Espírito Santo and Santos basins. Originating from the rifting of West Gondwana, its tectonic evolution resulted in the deposition of a significant pre-salt lacustrine carbonate section, a thick Aptian evaporite layer, and a post-rift marine succession. The basin is a major hydrocarbon province containing prolific petroleum systems in pre-salt, syn-rift, and post-rift reservoirs.","Campos Basin is a major sedimentary basin that is located predominantly offshore the coast of Rio de Janeiro state, Brazil, representing one of the country's most prolific petroleum provinces. It is a passive margin basin formed during the Early Cretaceous breakup of Gondwana, containing a complete tectono-stratigraphic sequence from rift to post-rift stages. Historically dominated by production from post-salt deepwater turbidite reservoirs, it also contains significant hydrocarbon accumulations within the underlying Pre-Salt lacustrine carbonate section.",,,,,,,
NLD_Quality,NLD-002,spherulite,B_first,True,"Spherulite is a chemogenic sedimentary particle that is composed of radiating fibrous calcite crystals forming a distinct spherical shape. These particles are interpreted to precipitate directly from calcite-supersaturated, saline, and alkaline lacustrine waters at the sediment-water interface, and are a common grain type within the Aptian Pre-Salt sag interval, often associated with Mg-silicate clays.","Spherulite is a non-skeletal carbonate particle that is characterized by a spherical to subspherical shape and an internal radial fabric of acicular crystals, typically calcite or aragonite. Within Brazilian Pre-Salt reservoirs, these grains are a primary constituent of high-porosity grainstones, where their formation is attributed to rapid abiotic precipitation in highly alkaline, carbonate-saturated lacustrine environments.",,,,,,,
NLD_Quality,NLD-003,organic matter,B_first,True,"Organic matter is a naturally occurring, carbon-based substance that is derived from the remains of organisms and preserved within sedimentary rocks. In the context of the Brazilian Pre-Salt, fine-grained sediments rich in organic matter, such as the dark shales of the Piçarras Formation, constitute the primary source rocks for the petroleum system. This material can be observed as distinct streaks or laminae within the sedimentary succession.","Organic matter is a carbon-based material that is derived from the remains of once-living organisms, such as algae, bacteria, and plants. In petroleum systems, the preservation and subsequent thermal maturation of this material under specific burial conditions leads to the generation of hydrocarbons. The quality and type of organic matter, often classified as kerogen, determine whether oil or gas is generated.",,,,,,,
NLD_Quality,NLD-004,tectonics,A_first,True,"Tectonics is the set of large-scale geological processes that involve the deformation of the Earth's crust and lithosphere, resulting in the formation of structural features such as faults, folds, and sedimentary basins. In the context of the Brazilian Pre-Salt, these processes encompass the syn-rift, post-rift, and inversion stages that governed the basin's structural framework and the deposition of tectono-stratigraphic sequences. The tectonic evolution directly controls the creation of accommodation space and the architecture of reservoir and source rock intervals.","Tectonics is the set of large-scale geological processes that deform a planet's lithosphere, creating major structural features such as continents, ocean basins, mountain ranges, and rift valleys. In the context of the Brazilian Pre-Salt, extensional tectonics associated with the South Atlantic rifting created the graben and horst structures that controlled the deposition of lacustrine source and reservoir rocks. Subsequent salt tectonics, or halokinesis, further modified the structural framework, influencing trap formation and hydrocarbon migration pathways.",,,,,,,
NLD_Quality,NLD-005,wave base,B_first,True,"Wave base is a conceptual water depth that marks the lower limit of sediment agitation and transport by surface wave action. In the lacustrine settings of the Pre-Salt, the zone below wave base is a lower-energy environment characterized by the accumulation of fine-grained carbonates and chemical precipitates, while the zone at or above wave base is a higher-energy environment where reworking of deposits and the formation of grainstones occur. The depth of the wave base is dynamic and can change with factors such as lake level and fetch.","Wave base is the water depth below which the orbital motion of surface waves ceases to interact with and move sediment on the seafloor or lakebed. A distinction is made between the shallower fair-weather wave base, affected by daily wave action, and the deeper storm wave base, which is only reached by high-energy storm-generated waves.",,,,,,,
NLD_Quality,NLD-006,economic basement,B_first,True,"Economic basement is a subsurface stratigraphic unit that represents the deepest interval considered for hydrocarbon exploration, below which drilling is deemed economically or technically unviable. In the Brazilian Pre-Salt of the Santos Basin, this unit is specifically composed of the Hauterivian-age volcanic rocks of the Camboriú Formation. These basalts lie unconformably over the older Precambrian crystalline basement and represent the initial syn-rift phase.","Economic basement is a conceptual depth within the subsurface that defines the lower limit for commercially viable hydrocarbon exploration and production. This boundary is determined by factors such as the absence of petroleum system elements, degradation of reservoir quality, or drilling costs that render operations unprofitable. The economic basement may coincide with the geological basement but can also be situated within the sedimentary section where rocks are no longer considered prospective.",,,,,,,
NLD_Quality,NLD-007,silica nodule,A_first,True,"A silica nodule is a diagenetic body of silica that forms from the early interstitial precipitation of silica gels within lacustrine carbonate sediments. In the context of the Brazilian Pre-Salt, this precipitation is triggered by a decrease in the pH of lake waters, typically associated with freshening intervals or flooding events. These nodules, which may be composed of opal, are commonly found within laminated calcimudstone facies.","A silica nodule is a diagenetic feature that is composed primarily of microcrystalline or cryptocrystalline quartz and forms as a discrete, often irregular to spheroidal mass within a host sedimentary rock. These nodules, commonly known as chert or flint, typically form through the replacement of the host rock, such as limestone or dolostone, or by direct precipitation of silica from pore fluids. Their presence can significantly impact reservoir quality by creating zones of low porosity and permeability, although fracturing of brittle nodules can sometimes enhance secondary porosity.",,,,,,,
NLD_Quality,NLD-008,salt basin,B_first,True,"A salt basin is a sedimentary basin that is characterized by the accumulation of an exceptionally thick succession of evaporites, primarily halite. These basins typically form in tectonically restricted settings, such as during the sag phase of continental rifting, where limited connection to the open ocean and an arid climate promote massive salt precipitation. The resulting salt layer often acts as a regional seal for underlying hydrocarbon systems and controls the structural evolution of the overlying post-rift sequence.","A salt basin is a sedimentary basin that is characterized by the accumulation of thick sequences of evaporite deposits, primarily halite. These basins form in restricted marine or lacustrine environments where evaporation significantly exceeds inflow, leading to the precipitation of salts from a hypersaline brine. The subsequent mobilization of these salt layers, known as halokinesis, plays a critical role in forming structural traps and acting as a regional seal for major petroleum systems, such as the Brazilian Pre-Salt.",,,,,,,
NLD_Quality,NLD-009,hyper-alkaline lake,B_first,True,"A hyper-alkaline lake is a lacustrine depositional system that is characterized by water with exceptionally high alkalinity, typically with a pH of 10 or greater, driven by factors such as high CO2 input, hydrothermal activity, and evaporation. Within the context of the Brazilian Pre-Salt, these Aptian-age lakes were sites of extensive abiotic carbonate precipitation, forming Mg-silicate gels and chemogenic calcite textures that constitute major reservoir intervals.","A hyper-alkaline lake is a lacustrine system that is characterized by a persistently high pH, typically above 9.0, due to high concentrations of dissolved carbonate and bicarbonate ions. This environment is often saline and characterized by high Mg/Ca and Si/Al ratios, which favor the abiotic or microbially-mediated precipitation of non-skeletal carbonates. In the context of the Brazilian Pre-Salt, Aptian-age hyper-alkaline lacustrine systems are considered the primary depositional setting for the microbial carbonate reservoirs.",,,,,,,
NLD_Quality,NLD-010,fracture,B_first,True,"A fracture is a surface or zone of rupture in a rock that forms when applied stress exceeds the rock's strength, causing a loss of cohesion. In reservoir rocks, fractures can be open, partially filled with cement, or fully cemented, creating secondary porosity and permeability pathways or acting as barriers to fluid flow. These features occur at multiple scales, from microscopic breaks within rock fabric to large-scale brittle fracture zones influencing basin architecture.","A fracture is any planar or sub-planar discontinuity in a rock that forms due to stress causing a loss of cohesion across its surface. These features, which include joints and faults, can be open or mineralized and are critical in tight carbonate reservoirs like the Brazilian Pre-Salt, where they create secondary porosity and permeability networks that control fluid flow.",,,,,,,
NLD_Quality,NLD-011,pre-salt section,B_first,True,"Pre-salt section is a tectono-stratigraphic interval that was deposited during the syn-rift and sag phases of continental rifting and is stratigraphically positioned beneath an extensive evaporite layer. In the context of the Brazilian passive margin, this section is predominantly of Aptian age and is characterized by highly productive lacustrine carbonate reservoirs, such as those of the Barra Velha Formation.",The pre-salt section is a Neocomian to Barremian/Early Aptian stratigraphic succession that was deposited in a rift basin setting prior to the widespread deposition of the Aptian evaporite (salt) layer in the South Atlantic marginal basins. This section encompasses the syn-rift and sag phases of basin evolution and hosts the prolific lacustrine carbonate reservoirs and source rocks that constitute the primary petroleum system of Brazil's offshore basins.,,,,,,,
NLD_Quality,NLD-012,ariri formation,B_first,True,"The Ariri Formation is an Aptian-age lithostratigraphic unit that consists of a thick succession of stratified, marine-derived evaporites which forms the regional seal for the Brazilian Pre-Salt petroleum system. It overlies the lacustrine carbonates of the Barra Velha Formation across a major erosional unconformity and is characterized by significant halokinesis, forming complex salt walls and diapiric structures.","The Ariri Formation is a Late Cretaceous stratigraphic unit of the Santos Basin's post-salt succession that is primarily composed of organic-rich shales, marls, and calcilutites. Deposited under anoxic marine conditions during a major regional transgression, this unit represents the primary source rock for the post-salt petroleum system and is positioned stratigraphically between the underlying Itajaí-Açu Formation and the overlying Santos Formation.",,,,,,,
NLD_Quality,NLD-013,marine system,B_first,True,"A marine system is a depositional system that is directly connected to and influenced by the global ocean. Its depositional architecture and facies are primarily controlled by eustatic sea-level fluctuations, oceanic chemistry, and global tectonic processes, in contrast to lacustrine systems which are governed by local climate, tectonics, and catchment-area inputs.","A marine system is a geological system that comprises the depositional environments, sedimentary processes, and biological activity occurring within oceans, seas, or other bodies of saline water. Such systems are critical for the formation of many conventional petroleum systems, depositing organic-rich source rocks in anoxic basins and forming extensive carbonate and clastic reservoirs. This is distinct from the giant lacustrine systems, characterized by saline-to-hypersaline lakes, where the Brazilian pre-salt reservoirs were deposited.",,,,,,,
NLD_Quality,NLD-014,evaporitic lake,B_first,True,"An evaporitic lake is a lacustrine depositional system that is characterized by evaporation rates exceeding water inflow, resulting in an under-filled basin with significant chemical sedimentation. In the context of the Brazilian Pre-Salt, these environments are typically shallow, alkaline, and saline, promoting the precipitation of distinctive chemogenic carbonates like calcite shrubs and spherulites within Mg-silicate matrices.","An evaporitic lake is a lacustrine depositional environment that is characterized by net evaporation rates exceeding water inflow, leading to the concentration of dissolved solids and the chemical precipitation of evaporite minerals. These environments, common in arid rift settings, are responsible for depositing thick sequences of halite and anhydrite that form the regional seal for major petroleum systems, such as the Aptian salt overlying the Brazilian Pre-Salt reservoirs.",,,,,,,
NLD_Quality,NLD-015,depocenter,A_first,True,"Depocenter is an area within a sedimentary basin that is characterized by the maximum thickness of accumulated sediment. In rift basins such as the Brazilian Pre-Salt, depocenters are typically structurally controlled by active fault systems, and their locations can migrate through geologic time in response to evolving tectonic subsidence.","A depocenter is an area within a sedimentary basin that is characterized by the maximum accumulation of sediment for a specific stratigraphic interval. The location of depocenters can migrate over time due to tectonic subsidence, sediment supply changes, or base-level fluctuations. Identifying these areas is critical in petroleum exploration as they often correspond to zones of optimal source rock maturation and the thickest development of potential reservoir facies.",,,,,,,
NLD_Quality,NLD-016,sag phase,B_first,True,"The sag phase is a tectono-stratigraphic interval in basin evolution that follows the main syn-rift stage and is characterized by a broad, regional depression driven predominantly by thermal subsidence with minimal fault activity. In the context of the South Atlantic Pre-Salt, this Aptian-age phase encompasses the deposition of the lacustrine to transitional marine carbonates of the Barra Velha Formation and the overlying evaporites of the Ariri Formation. This phase creates a wide, saucer-shaped basin geometry that contrasts with the fault-bounded grabens of the preceding syn-rift stage.","Sag phase is a stage of basin evolution that occurs after the cessation of active extensional faulting in a rift system. This phase is driven by broad, regional subsidence due to thermal cooling and contraction of the previously thinned lithosphere. It is characterized by the deposition of a widespread sedimentary sequence that drapes over the underlying rift structures, which in the Brazilian Pre-Salt context includes the Aptian salt layer that forms the primary regional seal.",,,,,,,
NLD_Quality,NLD-017,silica cement,A_first,True,"Silica cement is an authigenic mineral precipitate that consists of silica minerals, such as chalcedony and quartz, which precipitate from pore fluids to occlude primary or secondary porosity. In Pre-Salt lacustrine carbonates, it can precipitate syndepositionally or during early diagenesis due to changes in lake water chemistry, or later during burial, commonly lining vugs and occluding inter-particle porosity.","Silica cement is a type of authigenic mineral precipitate that is composed of silica (SiO2) and fills the pore spaces of a sedimentary rock, binding the grains together. It commonly occurs as syntaxial quartz overgrowths on detrital quartz grains or as microcrystalline quartz (chert) and chalcedony, and its precipitation generally reduces reservoir quality by occluding primary and secondary porosity.",,,,,,,
NLD_Quality,NLD-018,laminite,B_first,True,"Laminite is a finely laminated sedimentary carbonate rock that is typically of microbial origin and deposited in a shallow-water lacustrine setting. In the Brazilian Pre-Salt, this facies is considered an indicator of shallow, hyper-alkaline lake environments and often forms the basal component of shallowing-upwards cycles, representing a flooding stage. These microbial laminites are frequently associated with stromatolites and can be sharply overlain by grainstones or shrub facies within depositional sequences.","Laminite is a fine-grained sedimentary rock that is characterized by a sequence of thin, parallel layers or laminae, typically less than one centimeter in thickness. These laminae often reflect cyclical variations in depositional conditions, such as microbial mat growth alternating with chemical precipitates in a lacustrine setting. In the Brazilian Pre-Salt, microbial laminites are significant as they can constitute both source rocks and sealing intervals.",,,,,,,
NLD_Quality,NLD-019,albian,A_first,True,"Albian is a geochronologic age of the Early Cretaceous Epoch that followed the Aptian Age, spanning from approximately 113 to 100.5 million years ago. In the context of the South Atlantic marginal basins, the Albian marks the onset of the post-rift drift phase, characterized by the deposition of platform to deep basin carbonates under open marine conditions. This age is stratigraphically represented by the deposition of the Ariri Formation evaporites and the overlying Guarujá Formation carbonates, which seal the underlying Aptian pre-salt reservoirs.","Albian is a geological age that constitutes the final stage of the Early Cretaceous epoch, spanning the time interval from approximately 113 to 100.5 million years ago. In the context of the South Atlantic margins, the Albian marks the major marine transgression over the Aptian salt, establishing open marine conditions and initiating the deposition of significant post-salt carbonate sequences.",,,,,,,
NLD_Quality,NLD-020,fan delta,A_first,True,"A fan delta is a delta that is formed by the progradation of an alluvial fan directly into a standing body of water. In the context of the Brazilian Pre-Salt, these features are associated with syn-depositional faulting along the margins of underfilled, alkaline lacustrine basins and are considered potential reservoir facies within the Barra Velha Formation.","A fan delta is a clastic depositional system that is formed where an alluvial fan progrades directly into a standing body of water, such as a lake or sea. It is characterized by a triangular or fan-shaped morphology and coarse-grained, poorly sorted sediments deposited on a steep subaqueous slope. These systems are common along tectonically active margins, such as the fault-bounded borders of rift basins, and can form significant reservoirs.",,,,,,,
NLD_Quality,NLD-021,source rock,A_first,True,"Source rock is a sedimentary rock that contains sufficient organic matter to generate and expel hydrocarbons when subjected to heat and pressure. In the Brazilian Pre-Salt, the primary source rocks are organic-rich calcareous shales deposited in distal lacustrine environments, such as those of the Itapema Formation. These rocks form a critical component of a petroleum system, providing the hydrocarbon charge for adjacent or overlying reservoir rocks.","Source rock is a fine-grained sedimentary rock that contains sufficient organic matter to generate and expel hydrocarbons upon reaching thermal maturity. These rocks, typically organic-rich shales or carbonates, are deposited in anoxic environments that preserve the organic material from degradation, forming a fundamental element of a petroleum system.",,,,,,,
NLD_Quality,NLD-022,lacustrine carbonate,A_first,True,"Lacustrine carbonate is a sedimentary rock that is composed primarily of carbonate minerals precipitated or accumulated within a lacustrine (lake) environment. In the context of the South Atlantic Pre-Salt, these are typically alkaline carbonates formed during the Aptian rift phase, where deposition was driven by a combination of microbial activity and widespread abiotic chemical precipitation influenced by mantle-derived CO2 and volcanism. These deposits can form extensive platform-like geometries and constitute the primary reservoir rock in the region.","A lacustrine carbonate is a carbonate rock that is formed through chemical or biogenic precipitation of minerals within a lake environment. These rocks are the primary reservoir type in the Brazilian Pre-Salt, where they were deposited in large, saline, alkaline rift lakes. Their composition includes a wide range of facies, from microbialites to abiotic precipitates and coquinas, creating complex and heterogeneous reservoir systems.",,,,,,,
NLD_Quality,NLD-023,coquina,B_first,True,"Coquina is a bioclastic carbonate rock that is predominantly composed of reworked and accumulated mollusk shells, primarily bivalves and gastropods. Typically occurring as grainstones, packstones, and rudstones deposited in lacustrine rift settings, these rocks form important Pre-Salt reservoirs with significant moldic, vuggy, and intergranular porosity.","Coquina is a sedimentary carbonate rock that is composed almost entirely of accumulated and cemented mollusk shells and their fragments. In the Brazilian Pre-Salt, these rocks consist mainly of bivalve and gastropod bioclasts deposited in saline to brackish lacustrine systems, forming significant reservoir facies due to high primary and diagenetic porosity.",,,,,,,
NLD_Quality,NLD-024,salt deposition,B_first,True,"Salt deposition is a sedimentary process that involves the accumulation of evaporite minerals, such as halite and anhydrite, from the precipitation of a restricted and hypersaline body of water. In the context of the South Atlantic margins, this widespread event occurred during the Late Aptian, marking the transition from the rift phase to the passive margin and forming a regional seal over the pre-salt carbonate reservoirs. The rapid accumulation of thick salt sequences induced significant crustal loading and subsidence, creating a mobile salt layer that profoundly influenced subsequent post-salt structural development.","Salt deposition is a sedimentary process that involves the precipitation of evaporite minerals, primarily halite, from a body of water that has become supersaturated through evaporation. This process occurs in restricted basins under arid climatic conditions, and in the South Atlantic, the massive Aptian salt deposition formed the regional seal for the underlying Pre-Salt hydrocarbon systems.",,,,,,,
NLD_Quality,NLD-025,flood basalt,A_first,True,"Flood basalt is an extensive succession of basaltic lava flows that results from the voluminous extrusion of mafic magma onto a continental surface, often associated with rifting. In the context of the South Atlantic margin, these tholeiitic basalts, such as those of the Cabiúnas and Camboriú Formations, were extruded during the early rift phase and constitute the economic basement for the overlying Pre-Salt carbonate reservoirs.","Flood basalt is an extensive series of basaltic lava flows that erupts from non-explosive, fissure-fed volcanic systems, covering vast areas of land or the ocean floor. These eruptions form large igneous provinces (LIPs) and are characterized by their high volume, low viscosity, and rapid emplacement over geologically short time scales. In the context of the Brazilian Pre-Salt, the Paraná-Etendeka flood basalts represent the volcanic basement emplaced during the Early Cretaceous rifting of Gondwana, upon which the subsequent sag-phase lacustrine source and reservoir rocks were deposited.",,,,,,,
NLD_Quality,NLD-026,carbonate rock,B_first,True,"A carbonate rock is a class of sedimentary rock that is composed primarily of carbonate minerals, such as calcite, aragonite, or dolomite. These rocks are characterized by their chemical reactivity with dilute acid and can form through various biological, chemical, or detrital processes. In the Brazilian Pre-Salt, lacustrine carbonates, including coquinas and microbialites, constitute the primary reservoir facies.","Carbonate rock is a class of sedimentary rock that is composed primarily of carbonate minerals, most commonly calcite and dolomite. These rocks form from the accumulation of biogenic material, chemical precipitates, or transported carbonate grains in marine or lacustrine settings. They are classified based on depositional texture and constitute major petroleum reservoirs, such as those found in the Brazilian Pre-Salt.",,,,,,,
NLD_Quality,NLD-027,normal fault,A_first,True,"A normal fault is a dip-slip fault that accommodates crustal extension, characterized by the hanging wall block moving downward relative to the footwall block. In the Brazilian Pre-Salt basins, these faults are the primary structures formed during the Aptian rifting phase, typically exhibiting NNE to NE-SW strikes and bounding major rift blocks. They are fundamental in creating the horst and graben geometries that control the deposition and trapping of hydrocarbons within the pre-salt section.","A normal fault is a dip-slip fault in which the hanging wall block moves downward relative to the footwall block. This faulting results from extensional tectonic stress, causing crustal lengthening and thinning. In rift basins like the Brazilian Pre-Salt, extensive normal fault systems create the horst and graben structures that form the primary structural traps for hydrocarbon accumulations.",,,,,,,
NLD_Quality,NLD-028,lacustrine environment,A_first,True,"A lacustrine environment is a nonmarine depositional system, centered on a lake, that in the South Atlantic Pre-Salt is characterized by its physical separation from the open ocean and highly saline, alkaline water chemistry. These settings are identified by the absence of marine fossils, the presence of specific nonmarine fauna like ostracods, and authigenic minerals such as stevensite that indicate high pH. They host the deposition of significant carbonate reservoir rocks, including coquinas and microbialites, often interbedded with shales.","A lacustrine environment is a continental depositional environment that encompasses the physical, chemical, and biological conditions within and pertaining to a lake. In the context of the Brazilian Pre-Salt, these environments refer to extensive, saline to hypersaline rift lakes where unique alkaline water chemistry controlled the deposition of prolific microbial carbonate reservoirs. The resulting facies are influenced by water depth, climate, and tectonic activity.",,,,,,,
NLD_Quality,NLD-029,evaporite,A_first,True,"Evaporite is a chemical sedimentary rock that is formed by the precipitation of dissolved minerals from a body of water as it undergoes evaporation. In the Brazilian Pre-Salt, evaporites were deposited during the Aptian in both lacustrine and shallow marine settings and are primarily composed of halite and anhydrite, with Mg-rich clays also forming in some lacustrine environments. These deposits, particularly the thick, ductile halite sections, form the regional seal for the underlying carbonate reservoirs and control post-rift structural deformation through salt tectonics.","Evaporite is a chemical sedimentary rock that is formed by the precipitation of dissolved mineral salts, such as halite and anhydrite, from a concentrated aqueous solution due to evaporation. In the Brazilian Pre-Salt petroleum system, thick Aptian-age evaporite sequences act as the regional seal, trapping hydrocarbons within the underlying carbonate reservoirs.",,,,,,,
NLD_Quality,NLD-030,peloid,A_first,True,"A peloid is a sedimentary grain that is composed of microcrystalline to cryptocrystalline material, typically carbonate or Mg-silicate, and lacks a discernible internal structure. These sand-sized allochems are commonly rounded and can form through various mechanisms, including fecal pelleting, the micritization of other grains, or the aggregation of mud. In the context of the Brazilian Pre-Salt, both carbonate and Mg-silicate peloids are significant grain constituents in reservoir facies.","A peloid is a carbonate grain that is composed of microcrystalline or cryptocrystalline calcite or aragonite and lacks a discernible internal structure. Their origin is often polygenetic, including fecal pellets, micritized bioclasts, or microbial precipitates, and they are a common constituent of reservoir-quality grainstones and microbialites in lacustrine carbonate systems like the Brazilian Pre-Salt.",,,,,,,
NLD_Quality,NLD-031,syn-depositional faulting,B_first,True,"Syn-depositional faulting is a structural process that involves fault movement occurring contemporaneously with sedimentary deposition. This concomitance between structural activity and sedimentation creates accommodation space, resulting in thicker stratigraphic packages on the downthrown block of the fault. In sag basins like the Brazilian Pre-Salt, this process is a primary control on facies distribution and lateral variations in reservoir quality.","Syn-depositional faulting is a tectonic process that involves fault movement occurring contemporaneously with sediment deposition. This process directly influences sediment accommodation space, resulting in characteristic wedge-shaped geometries and abrupt changes in stratal thickness and facies across the fault, which is fundamental to the development of rift basin reservoirs like those in the Brazilian Pre-Salt.",,,,,,,
NLD_Quality,NLD-032,hydrothermal fluid,A_first,True,"A hydrothermal fluid is a hot subsurface fluid that circulates within the Earth's crust, driven by geothermal gradients to redistribute energy and mass. This fluid's circulation causes significant physico-chemical changes in pre-existing rocks, a process known as hydrothermal alteration or diagenesis. In the Brazilian Pre-Salt, these fluids often migrate upwards along faults, interacting with magmatic and basement rocks, and can substantially alter the porosity and permeability of carbonate reservoirs.","A hydrothermal fluid is a naturally occurring, heated aqueous solution that circulates through the Earth's crust, transporting dissolved minerals, metals, and gases. In sedimentary basins like the Brazilian Pre-Salt, these fluids are often associated with magmatic intrusions or deep-seated faults and can drive significant diagenetic alteration, including dolomitization and cementation, which impacts reservoir properties.",,,,,,,
NLD_Quality,NLD-033,clinoform,A_first,True,"A clinoform is a dipping, depositional stratigraphic surface that represents the advancing, down-sloping face of a prograding sedimentary or volcanic body. In the Pre-Salt context, they are identified on seismic data as prograding reflectors associated with carbonate platform margins, lava deltas, or fan deltas, although some apparent clinoforms can be seismic artifacts caused by steeply dipping salt bodies.","A clinoform is a depositional surface that exhibits a sigmoidal to oblique geometry in cross-section, representing the progradation of a depositional system into a basin. It is characterized by three distinct segments: a gently dipping topset, a steeply dipping foreset, and a very gently dipping bottomset, which grades into the basin floor. Within petroleum systems, clinoforms control the spatial distribution of facies, with reservoir-quality rocks often concentrated in the foreset and topset beds, while bottomset beds may act as source rocks or seals.",,,,,,,
NLD_Quality,NLD-034,marine environment,B_first,True,"A marine environment is a depositional environment that is influenced by oceanic waters, characterized by saline conditions and typically containing marine fauna such as foraminifera and echinoderms. In the context of the South Atlantic margin, the establishment of a marine environment marks the end of the lacustrine pre-salt depositional phase. This transition is often represented by a restricted, evaporitic shallow marine setting that deposited the Aptian salt layer, which was later succeeded by open marine conditions during the post-salt drift phase.","A marine environment is a depositional environment that is characterized by the presence of seawater. It is broadly classified by water depth and distance from shore into zones such as neritic, bathyal, and abyssal, each with distinct sedimentary, chemical, and biological characteristics that influence the potential for petroleum source and reservoir rock deposition.",,,,,,,
NLD_Quality,NLD-035,florianópolis high,B_first,True,"Florianópolis High is a regional structural high that defines the southern boundary of the Santos Basin, separating it from the Pelotas Basin on the southeastern Brazilian continental margin. This basement feature acted as a critical paleogeographic barrier during the Aptian, restricting marine circulation from the south and enabling the deposition of the extensive pre-salt evaporite sequence.","The Florianópolis High is a prominent basement high that separates the Santos Basin to the north from the Pelotas Basin to the south offshore southern Brazil. Composed of Precambrian to Paleozoic crystalline rocks, this first-order tectonic feature acted as a major structural control during the opening of the South Atlantic. It marks the southern boundary of the Aptian salt basin, thereby defining the southern limit of the prolific Pre-Salt petroleum province.",,,,,,,
NLD_Quality,NLD-036,deep water,B_first,True,"Deep water is a depositional environment within a lacustrine or marine basin that is characterized by sufficient depth and stratification to establish anoxic bottom conditions, typically occurring below the storm wave base. In the context of Brazilian Pre-Salt rift basins, this environment is associated with the deposition of organic-rich mudstones, which serve as the primary source rocks for the petroleum system. Structurally, these environments often correspond to the more distal, highly extended domains of the rifted margin.","Deep water is a marine or lacustrine depositional environment that is located basinward of the continental or platform shelf break, generally in water depths exceeding 200 meters. In petroleum geology, this environment is characterized by sediment gravity flows, such as turbidites and debrites, which can form significant hydrocarbon reservoirs in slope and basin floor settings.",,,,,,,
NLD_Quality,NLD-037,anhydrite,B_first,True,"Anhydrite is an evaporite mineral that is a major component of the Aptian salt section in the Santos Basin, characterized by its brittle mechanical behavior and high density. Within the Pre-Salt sequence, it commonly forms a dense, high-velocity basal layer to the main halite body, creating a strong seismic reflector that defines the base of the salt. Its presence in stratified salt cycles moderates halokinesis, leading to less intense salt deformation and thinner salt structures compared to regions dominated by ductile halite.","Anhydrite is an evaporite mineral that is composed of anhydrous calcium sulfate (CaSO₄). It is a key component of the Aptian salt succession in the South Atlantic basins, where it contributes to the regional seal overlying the Pre-Salt carbonate reservoirs. Anhydrite can also occur as a diagenetic cement within reservoir facies, which may occlude porosity and impact reservoir quality.",,,,,,,
NLD_Quality,NLD-038,geological record,A_first,True,"The geological record is the chronicle of Earth's history that is preserved within the sequence of rock strata, their internal structures, and the fossils they contain. This record provides the primary evidence for understanding past geological processes and environments, serving as a basis for comparison with unique depositional systems like the Brazilian Pre-Salt. It can refer to the entire history of the Earth as documented in rocks globally, or to a specific stratigraphic interval within a well or basin.","The geological record is the chronicle of Earth's history that is preserved in the sequence of rock strata, their contained fossils, and their structural relationships. Although inherently incomplete due to processes like erosion and non-deposition, it provides the fundamental evidence for reconstructing past environments, tectonic events, and the evolution of life, which is essential for resource exploration.",,,,,,,
NLD_Quality,NLD-039,tholeiitic basalt,A_first,True,"Tholeiitic basalt is an extrusive igneous rock of the tholeiitic magma series that, in the context of the Brazilian Pre-Salt, is associated with the Early Cretaceous rifting of the South Atlantic. These basalts form the economic basement as part of the Camboriú and Cabiúnas formations and also occur as volcanic flows interbedded within the pre-salt rift succession. Geochemically and temporally linked to the Paraná-Etendeka Large Igneous Province, these rocks represent the initial magmatic phase of the continental break-up.","Tholeiitic basalt is a common type of basaltic igneous rock that is characterized by a chemical composition relatively rich in iron and poor in alkalis, belonging to the tholeiitic magma series. It is the principal rock type composing the oceanic crust and is also voluminous in continental flood basalt provinces, such as the Paraná-Etendeka province which forms the basement for the Brazilian Pre-Salt basins.",,,,,,,
NLD_Quality,NLD-040,shallow lake,A_first,True,"A shallow lake is a lacustrine depositional system that is characterized by a low-gradient, ramp-like profile and highly evaporitic, alkaline water chemistry. In the context of the Brazilian Pre-Salt, this system is responsible for depositing the metre-scale, cyclic carbonate successions of the Barra Velha Formation, including key reservoir facies such as shrubstones and spherulites.","A shallow lake is a lacustrine depositional environment that is characterized by a relatively low water depth, which typically allows for light penetration to the lake floor. In the context of the South Atlantic Aptian rift, these environments were often extensive, saline to hypersaline, and subject to significant fluctuations in water level and chemistry. These conditions promoted the widespread precipitation of microbial and abiotic carbonates, which constitute the primary reservoir facies of the Pre-Salt succession.",,,,,,,
NLD_Quality,NLD-041,lagoa feia group,A_first,True,"The Lagoa Feia Group is a Barremian to Late Aptian stratigraphic group in the Campos Basin, offshore Brazil, that comprises lacustrine siliciclastic and carbonate deposits of the pre-salt section, deposited during the rift and sag phases of the South Atlantic opening. It is stratigraphically positioned above the Cabiúnas Formation and extends to the top of the Retiro Formation evaporites, encompassing key reservoir intervals such as the Macabu Formation. The group is the stratigraphic equivalent of the Guaratiba Group in the Santos Basin and represents a critical component of the petroleum system in the Brazilian Pre-Salt.","Lagoa Feia Group is a lithostratigraphic group that comprises the syn-rift and early post-rift lacustrine sedimentary succession of the Campos and Santos Basins, deposited during the Early Cretaceous. This unit contains the primary source rocks (organic-rich shales) and the main carbonate reservoirs (coquinas and microbialites) of the Brazilian Pre-Salt petroleum system.",,,,,,,
NLD_Quality,NLD-042,petroleum system,B_first,True,"A petroleum system is a unified natural system that encompasses all the essential geological elements and processes required for the generation, migration, and accumulation of hydrocarbons. These elements include a mature source rock, a migration pathway, a reservoir rock, and a trap with an effective seal, such as the thick salt layer in the Santos Basin Pre-Salt which also influences source rock maturation.","A petroleum system is a unified natural system that encompasses all the essential geological elements and processes required for the formation and accumulation of hydrocarbons. The essential elements include a source rock, reservoir rock, seal rock, and overburden rock, while the critical processes are trap formation and the generation, migration, and accumulation of petroleum. The system is defined by a specific active source rock and all the genetically related oil and gas accumulations, providing a framework for assessing exploration risk.",,,,,,,
NLD_Quality,NLD-043,wackestone,A_first,True,"Wackestone is a mud-supported carbonate rock that is characterized by containing more than 10% grains floating within a fine-grained carbonate mud matrix. In Pre-Salt lacustrine settings, these rocks indicate low-energy depositional environments and are composed of grains such as mollusk fragments, ostracods, or spherulites within a matrix of lime mud, dolomite, or argillaceous minerals.","Wackestone is a matrix-supported carbonate rock that contains more than 10% allochems (grains) suspended within a fine-grained carbonate mud (micrite) matrix. This texture indicates deposition in a low-energy environment where mud could settle from suspension, and its reservoir quality is typically lower than grain-supported fabrics unless modified by diagenesis such as dissolution or dolomitization.",,,,,,,
NLD_Quality,NLD-044,deep lake,A_first,True,"A deep lake is a depositional model for the Brazilian Pre-Salt carbonates that postulates a lacustrine system with significant water depths, often exceeding hundreds of meters. In this model, carbonate deposition occurs as microbial platforms and isolated buildups, with evidence derived from seismic interpretations of features like dipping reflectors interpreted as slope clinoforms.","A deep lake is a lacustrine system that is characterized by significant water depth, leading to thermal and chemical stratification and the development of distinct depositional zones. In the context of the Brazilian Pre-Salt, these systems are typically large, tectonically controlled rift lakes with saline to hypersaline waters, where anoxic bottom conditions promote the preservation of organic-rich source rocks. The deposition of key reservoir facies, such as microbial carbonates, is often controlled by the bathymetric profile and water chemistry gradients within these deep lake settings.",,,,,,,
NLD_Quality,NLD-045,erosional truncation,B_first,True,"Erosional truncation is a type of stratal termination that is characterized by the cutting off of inclined seismic reflectors by an overlying surface representing an episode of erosion. This geometric relationship, observed on seismic profiles, is a primary indicator of an unconformity, which marks a significant depositional hiatus and often defines the boundary of a stratigraphic sequence.","Erosional truncation is a termination of strata that results from the removal of the upper part of a stratigraphic unit by erosion, causing underlying, often tilted, layers to be cut off by an overlying unconformity surface. In seismic reflection data, it is identified by the angular termination of underlying reflectors against a younger, continuous reflector representing the unconformity. This geometric relationship is a primary indicator of an unconformity and often forms the upper boundary of structural or stratigraphic traps.",,,,,,,
NLD_Quality,NLD-046,aptian,A_first,True,"Aptian is a geological age of the Early Cretaceous epoch that, in the context of the South Atlantic basins, encompasses the critical period of deposition for the pre-salt petroleum system. This interval is marked by the accumulation of vast lacustrine carbonate systems, which form the prolific reservoirs of the Barra Velha Formation, and the subsequent deposition of the overlying Ariri Formation evaporites that act as the regional seal. In Brazilian stratigraphy, this age corresponds to the Alagoas local stage and is globally dated from approximately 125 to 113 million years ago.","The Aptian is a geological age of the Early Cretaceous Epoch that chronologically follows the Barremian and precedes the Albian, spanning from approximately 125 to 113 million years ago. In the context of Brazilian petroleum geology, this age corresponds to the deposition of the main lacustrine carbonate reservoirs of the sag phase, such as those of the Barra Velha Formation in the Santos Basin.",,,,,,,
NLD_Quality,NLD-047,marl,B_first,True,"Marl is a fine-grained sedimentary rock that is composed of a variable mixture of carbonate minerals and clay. Within Pre-Salt lacustrine settings, these rocks are characteristically rich in magnesium-bearing minerals such as stevensite and dolomite, reflecting deposition in highly alkaline lake waters. They are typically deposited in shallower, more oxidized water conditions compared to associated organic-rich muds.","Marl is a sedimentary rock that is composed of a mixture of calcium carbonate and fine-grained siliciclastic sediment, typically clay and silt, in roughly equal proportions. In petroleum systems, particularly within lacustrine rift settings like the Pre-Salt, marls often serve as seals, source rocks, or represent transitional facies between carbonate and siliciclastic depositional environments.",,,,,,,
NLD_Quality,NLD-048,barremian,B_first,True,"Barremian is a geological stage of the Early Cretaceous epoch that chronologically follows the Hauterivian and precedes the Aptian, spanning from approximately 131 to 126 million years ago. Within the South Atlantic pre-salt successions, this stage represents a critical period of continental rifting characterized by the deposition of lacustrine and fluvial-deltaic sediments, corresponding to the local Aratu, Buracica, and Jiquiá stages.","Barremian is a geologic age of the Early Cretaceous epoch that spans the time interval from approximately 126.3 to 121.4 million years ago, following the Hauterivian and preceding the Aptian. In the context of the Brazilian Pre-Salt, this age corresponds to the main sag phase of rift basin development, during which the primary lacustrine carbonate reservoir facies, including coquinas and microbialites, were deposited.",,,,,,,
NLD_Quality,NLD-049,kwanza basin,A_first,True,"The Kwanza Basin is a major sedimentary rift basin on the continental margin of Angola that contains a significant pre-salt succession deposited during the Early Cretaceous opening of the South Atlantic. Its pre-salt stratigraphy is characterized by Barremian synrift deposits, including mollusk grainstones and organic-rich mudstones, which are overlain by Aptian sag-phase carbonates. The basin hosts important petroleum systems and is a key geological analogue to the pre-salt basins on the conjugate Brazilian margin.","Kwanza Basin is a sedimentary basin that is located on the passive continental margin of Angola, forming a conjugate pair with the Campos and Santos basins of Brazil. It contains a significant pre-salt section of Aptian age, analogous to the Brazilian pre-salt, which hosts major hydrocarbon accumulations. The basin's geological history is intrinsically linked to the Early Cretaceous rifting of the South Atlantic Ocean and the separation of the South American and African continents.",,,,,,,
NLD_Quality,NLD-050,pyramid lake,B_first,True,"Pyramid Lake is a modern lacustrine system in an extensional basin in Nevada, USA, that serves as a key geological analog for the formation of Pre-Salt carbonate reservoirs. The lake is characterized by alkaline waters and contains large, sub-lacustrine tufa mounds formed by carbonate precipitation where calcium-rich spring waters vent into the lake. These exhumed mounds provide a valuable model for understanding the morphology, scale, and complex internal geometries of similar hydrothermal carbonate buildups in the South Atlantic rift basins.","Pyramid Lake is a terminal alkaline lake in Nevada that is a remnant of the Pleistocene Lake Lahontan, characterized by extensive modern and ancient tufa formations. Due to its unique hydrochemistry and associated microbial carbonate precipitates, it serves as a critical modern analog for understanding the depositional environments and reservoir facies of the lacustrine carbonate systems of the Brazilian Pre-Salt.",,,,,,,
NLD_Quality,NLD-051,magmatic event,B_first,True,"A magmatic event is a discrete geological episode that involves the emplacement of magma, resulting in the formation of intrusive and/or extrusive igneous rocks within a specific time interval. In the context of the Brazilian Pre-Salt, these events are recorded as volcanic and sub-volcanic rocks of varying ages and compositions, such as Aptian basalts and Santonian-Campanian alkaline intrusions. These episodes are critical as they can be associated with hydrothermal alteration of carbonate reservoirs and the release of mantle-derived fluids that influence the petroleum system.","A magmatic event is a geological episode that involves the generation, movement, emplacement, and solidification of magma or lava. In the context of the South Atlantic rift, these events are associated with the emplacement of volcanic and sub-volcanic rocks during continental break-up, which can significantly influence the petroleum system by affecting the thermal regime and stratigraphy.",,,,,,,
NLD_Quality,NLD-052,rifting,A_first,True,"Rifting is a large-scale tectonic process that involves the extension and thinning of the lithosphere, leading to the formation of elongated basins bounded by normal faults. In the context of the South Atlantic, this process of continental breakup during the Early Cretaceous created the extensive lacustrine basins where the Pre-Salt successions were deposited. The tectonic style is often characterized by oblique extension, resulting in complex fault geometries, transfer zones, and distinct rift phases that control the initial structural and stratigraphic framework of the basin.","Rifting is a tectonic process that involves the extension and thinning of the continental lithosphere in response to divergent plate motions. This process is characterized by the development of normal faults, horst-and-graben structures, and crustal subsidence, which creates accommodation space for thick sedimentary sequences. The Early Cretaceous rifting that led to the separation of South America and Africa is the fundamental tectonic event responsible for the formation of the basins containing the Brazilian Pre-Salt petroleum systems.",,,,,,,
NLD_Quality,NLD-053,sandstone,A_first,True,"Sandstone is a clastic sedimentary rock that is composed predominantly of sand-sized siliciclastic grains. In the context of the Pre-Salt, sandstones are typically deposited in fluvial, alluvial fan, and fan delta systems at the margins of lacustrine basins. These deposits often exhibit current laminations and can be interbedded with conglomerates or contain mollusk shells, reflecting episodic sediment input into the lake.","Sandstone is a clastic sedimentary rock that is composed predominantly of sand-sized mineral, rock, or organic fragments, typically ranging from 0.0625 to 2 millimeters in diameter. The framework grains, most commonly quartz, are bound together by a mineral cement or a finer-grained matrix. Due to its typically high porosity and permeability, sandstone constitutes one of the most significant conventional reservoir rock types in petroleum systems worldwide.",,,,,,,
NLD_Quality,NLD-054,progradation,B_first,True,"Progradation is a depositional process that results in the lateral, basinward outbuilding of strata. This pattern occurs when the rate of sediment supply is greater than the rate of accommodation creation, causing depositional environments, such as shorelines or carbonate platform margins, to migrate into the basin. In seismic reflection data, progradation is characteristically expressed as clinoforms or prograding wedges, which are key geometries for interpreting the evolution of depositional systems like the lacustrine carbonate buildups of the Pre-Salt.","Progradation is a stratigraphic pattern that results from the lateral outbuilding of a depositional system, such as a delta or carbonate platform, into a basin. This pattern occurs when the rate of sediment supply is greater than the rate of accommodation space creation, leading to a basinward migration of the shoreline or depositional margin. In seismic stratigraphy, progradation is identified by offlapping reflection patterns, which are crucial for predicting the distribution of reservoir facies.",,,,,,,
NLD_Quality,NLD-055,lake,A_first,True,"A lake is a lacustrine depositional system that, in the Pre-Salt context, occupied an extensive area within an active continental rift during the sag phase of basin evolution. This system was characterized by a complex paleohydrology with significant subsurface hydrothermal fluid input, which resulted in alkaline and often saline water chemistry. This unique hydrochemistry promoted the widespread precipitation of chemogenic and biogenic carbonates that constitute the main reservoir facies.","A lake is a large, inland body of water that occupies a basin or depression. In the context of the South Atlantic Pre-Salt, these were extensive, long-lived, rift-related lacustrine systems characterized by saline and alkaline water chemistry. These unique conditions favored the deposition of microbial carbonates and coquinas, which constitute the primary reservoir facies.",,,,,,,
NLD_Quality,NLD-056,post-rift phase,A_first,True,"The post-rift phase is a tectono-stratigraphic stage in basin evolution that follows the active rifting phase and is primarily driven by broad thermal subsidence, creating accommodation space for widespread deposition. In the context of the Brazilian Pre-Salt, this phase, also known as the sag or transitional phase, encompasses the deposition of the Aptian lacustrine carbonates of the Barra Velha Formation. This depositional sequence culminates with the precipitation of thick evaporite layers of the Ariri Formation, which precedes the final establishment of a passive margin.","Post-rift phase is a tectono-stratigraphic phase of basin evolution that commences after the cessation of active extensional faulting and is primarily controlled by broad, thermally-driven subsidence. This stage is characterized by the deposition of a widespread and relatively undeformed sedimentary succession, which in the South Atlantic margin includes the Aptian evaporites that form the regional seal for the Pre-Salt petroleum system.",,,,,,,
NLD_Quality,NLD-057,shale,A_first,True,"Shale is a fine-grained, laminated, clastic sedimentary rock that, in the context of the Brazilian Pre-Salt, is characterized by its high radioactivity and potential to act as both a source rock and a vertical seal. These shales, such as the Jiquia Member, form significant permeability barriers that can vertically segment reservoirs, leading to fluid compartmentalization and the formation of perched water tables.","Shale is a fine-grained clastic sedimentary rock that is composed of clay- and silt-sized particles and exhibits fissility, a tendency to split into thin layers. Within the Brazilian Pre-Salt petroleum system, organic-rich lacustrine shales are the primary source rocks that generated the vast hydrocarbon accumulations. These shales can also function as critical vertical and lateral seals, trapping oil and gas within the carbonate reservoirs.",,,,,,,
NLD_Quality,NLD-058,deposition,B_first,True,"Deposition is a geological process by which sediments, minerals, and organic matter are laid down or settled out of a transporting medium such as water. This accumulation of material forms layers of sedimentary rock, with the final rock characteristics being controlled by the physical, chemical, and biological conditions of the depositional environment. In the Brazilian Pre-Salt, this process is responsible for the accumulation of key carbonate reservoir rocks in shallow, alkaline lacustrine systems and the overlying thick evaporite sequences.","Deposition is a geological process that involves the laying down of sediment carried by an agent of transport such as water, wind, ice, or gravity. This process occurs when the energy of the transporting medium decreases, causing particles to settle out of suspension or ions to precipitate from solution. In sedimentary basins like the Pre-Salt, the specific depositional environment controls the initial geometry, texture, and composition of sedimentary bodies that may form reservoir, source, or seal rocks.",,,,,,,
NLD_Quality,NLD-059,cretaceous,A_first,True,"Cretaceous is a geologic period of the Mesozoic Era that spans from approximately 145 to 66 million years ago, following the Jurassic and preceding the Paleogene. The Early Cretaceous epoch is particularly significant in South Atlantic geology as it encompasses the rifting of Gondwana and the subsequent deposition of the economically important pre-salt lacustrine carbonate sequences in basins such as Santos and Campos.","Cretaceous is a geological period of the Mesozoic Era that spans from approximately 145 to 66 million years ago, following the Jurassic and preceding the Paleogene. This period is characterized by the rifting of Gondwana that formed the South Atlantic Ocean and the associated deposition of the economically significant pre-salt lacustrine carbonate successions in basins such as the Santos and Campos.",,,,,,,
NLD_Quality,NLD-060,hydrocarbon,B_first,True,"Hydrocarbon is a naturally occurring organic compound that consists primarily of hydrogen and carbon atoms, forming molecules of various sizes and complexities. In a petroleum geology context, these compounds are generated from the thermal maturation of organic matter and exist as liquid (crude oil) and gaseous (natural gas) phases. These fluids migrate and accumulate in subsurface reservoirs, forming economically significant deposits referred to as hydrocarbon columns or accumulations.","A hydrocarbon is a naturally occurring organic compound that consists primarily of hydrogen and carbon atoms. As the principal component of petroleum, hydrocarbons encompass crude oil and natural gas, which are generated from the thermal maturation of organic matter in source rocks and subsequently migrate to accumulate in reservoir traps.",,,,,,,
NLD_Quality,NLD-061,aragonite,B_first,True,"Aragonite is a calcium carbonate mineral (CaCO3) that is a common polymorph of calcite. In the context of the Pre-Salt, it is significant as the original biogenic mineral forming mollusk shells, which is typically unstable and undergoes neomorphism to calcite during diagenesis.","Aragonite is a polymorph of calcium carbonate (CaCO₃) that crystallizes in the orthorhombic system, making it less stable than its polymorph, calcite. As a common primary precipitate in lacustrine carbonate systems, its subsequent diagenetic inversion to calcite is a fundamental process controlling the creation of moldic porosity and overall reservoir quality in the Brazilian Pre-Salt.",,,,,,,
NLD_Quality,NLD-062,depositional facies,A_first,True,"Depositional facies is a body of rock that is characterized by a distinctive set of lithological, biological, and physical attributes reflecting its origin within a specific depositional environment. In the context of the Pre-Salt, these facies are typically associated with lacustrine systems and are often defined by the combined product of primary depositional conditions and subsequent syngenetic or eodiagenetic mineral precipitation. Their spatial distribution and stacking patterns, often interpreted from seismic data, are fundamental for reconstructing the evolution of depositional systems and predicting reservoir quality.","Depositional facies is a body of rock that is characterized by a distinct set of lithological, biological, and sedimentary structural attributes reflecting its formation within a specific depositional environment. In petroleum geology, the mapping of depositional facies is critical for predicting the distribution and quality of reservoir, source, and seal rocks, such as the lacustrine carbonate reservoirs of the Brazilian Pre-Salt.",,,,,,,
NLD_Quality,NLD-063,basin,B_first,True,"A basin is a large-scale depression in the Earth's crust that forms through tectonic subsidence and serves as a depocenter for the accumulation of sediments. In the context of the Brazilian Pre-Salt, these basins originated as continental rift systems during the breakup of the Gondwana supercontinent and subsequently evolved into passive continental margins. These features are typically bounded by structural highs and contain the thick sedimentary successions that host petroleum systems.","A basin is a large-scale structural and topographic depression in the Earth's crust that serves as a depocenter for the accumulation of sediments over geological time. These features are formed by tectonic processes such as rifting or subsidence, creating the accommodation space necessary for the deposition of thick sedimentary sequences. Basins are the fundamental geological setting for the development of petroleum systems, containing the source, reservoir, and seal rocks.",,,,,,,
NLD_Quality,NLD-064,lacustrine setting,B_first,True,"A lacustrine setting is a continental depositional environment that is associated with a large-scale palaeolake system, typically formed within a rift valley. In the context of the Brazilian Pre-Salt, this setting is specifically a vast, closed endorheic basin that was disconnected from the ocean and controlled by continental water inputs. Such systems can develop significant bathymetry and are characterized by the deposition of unique carbonate successions that form major petroleum reservoirs.","A lacustrine setting is a continental depositional environment that is characterized by the accumulation of sediments within a lake basin. These settings can range from freshwater to highly saline and alkaline systems, with sedimentation patterns controlled by climate, tectonics, and water chemistry. In the context of the Brazilian Pre-Salt, this environment corresponds to the extensive, tectonically-controlled sag basin where unique saline and alkaline waters promoted the widespread deposition of microbial and bioclastic carbonates.",,,,,,,
NLD_Quality,NLD-065,texture,A_first,True,"Texture is a fundamental physical property of a rock that describes the size, shape, and arrangement of its constituent components, such as crystals, grains, and cement. In Pre-Salt lacustrine carbonates, characteristic textures like spherulitic, shrub-like, and laminated cementstones provide key evidence for interpreting depositional models, which range from microbial to abiotic chemogenic processes.","Texture is a fundamental physical property of a rock that describes the size, shape, sorting, and fabric of its constituent grains, crystals, or clasts. In sedimentary carbonates, such as those of the Brazilian Pre-Salt, texture is a key control on primary porosity and permeability, distinguishing between mud-supported (e.g., mudstone, wackestone) and grain-supported (e.g., packstone, grainstone) fabrics. The original depositional texture is often modified by diagenetic processes, which can significantly alter reservoir quality.",,,,,,,
NLD_Quality,NLD-066,tectonic activity,A_first,True,"Tectonic activity is a geological process that encompasses the deformation of the Earth's crust, manifesting as faulting, folding, and variations in subsidence. In a sedimentary basin, its intensity directly controls the creation of accommodation space, the development of structural features like horsts and grabens, and the distribution of sedimentary facies and reservoir quality. Periods of high activity are characterized by syn-depositional faulting and growth strata, while low activity is indicated by the deposition of more continuous and laterally extensive stratigraphic units.","Tectonic activity is a geological process that encompasses the movement, deformation, and interaction of lithospheric plates. This activity manifests as faulting, folding, uplift, and subsidence, which are fundamental in creating sedimentary basins and the structural traps necessary for hydrocarbon accumulation. In the context of the Brazilian Pre-Salt, extensional tectonic activity during the Early Cretaceous rifting of the South Atlantic was responsible for forming the horst-and-graben structures that host the primary carbonate reservoirs.",,,,,,,
NLD_Quality,NLD-067,intraclast,B_first,True,"An intraclast is a sedimentary carbonate grain that is composed of reworked fragments of penecontemporaneous Pre-Salt lithologies, such as microbial shrubs, spherulites, or laminated clays, eroded from within the lacustrine depositional basin. These clasts are transported and redeposited by currents, forming intraclastic calcarenites and calcirudites. In the Pre-Salt, these resedimented deposits often constitute significant reservoirs due to well-developed interparticle porosity.","An intraclast is a carbonate grain that consists of a fragment of penecontemporaneously deposited, semi-consolidated carbonate sediment that has been eroded and redeposited within the same depositional basin. These grains are formed by the erosion of early-cemented or cohesive carbonate muds and sands, often by storm events or strong currents, and are indicative of dynamic, high-energy depositional environments.",,,,,,,
NLD_Quality,NLD-068,south atlantic ocean,A_first,True,"The South Atlantic Ocean is an ocean basin that formed during the Early Cretaceous separation of the South American and African continents as part of the breakup of Gondwana. Its formation created the conjugate passive margins of Brazil and West Africa, with the initial restricted marine conditions during the Aptian leading to the widespread deposition of evaporites that form the regional seal for the Pre-Salt petroleum systems.","The South Atlantic Ocean is an ocean basin that separates the continents of South America and Africa, formed by the rifting and subsequent seafloor spreading that initiated the breakup of the Gondwana supercontinent. Its formation during the Early Cretaceous created a series of restricted rift basins along the conjugate margins of Brazil and West Africa. These basins provided the ideal setting for the deposition of the sag-phase lacustrine carbonates that constitute the prolific Pre-Salt petroleum reservoirs.",,,,,,,
NLD_Quality,NLD-069,half-graben,A_first,True,"A half-graben is an asymmetric structural basin that is bounded by a major normal fault on one side and a tilted, gently dipping ramp on the other. Formed in extensional or transtensional tectonic settings such as continental rifts, they are filled with syn-tectonic sediments that typically exhibit a wedge-shaped, divergent geometry thickening towards the main bounding fault.","A half-graben is a structural basin that is bounded by a major, typically listric, normal fault on one side and a less faulted, more gently dipping monoclinal flexure on the other. This asymmetric geometry is characteristic of continental rift systems, such as the one that formed the South Atlantic margins and controlled the deposition of the Brazilian Pre-Salt succession. The sedimentary fill within a half-graben typically thickens and dips towards the main bounding fault, creating wedge-shaped stratigraphic units that are primary targets for hydrocarbon exploration.",,,,,,,
NLD_Quality,NLD-070,intra-alagoas unconformity,A_first,True,"The Intra-Alagoas Unconformity is an intra-formational stratigraphic surface that separates the lower and upper sections of the Barra Velha Formation within the Aptian Pre-Salt succession of the Santos Basin. Dated to approximately 117 Ma, it is seismically characterized as a regional, high-amplitude, continuous positive reflector that represents a significant period of erosion influencing the architecture of overlying carbonate reservoirs.","The intra-alagoas unconformity is a regional unconformity that marks a significant stratigraphic break within the Aptian Alagoas Stage of the Brazilian marginal basins. This surface, a key seismic marker in Pre-Salt exploration, separates the lower Alagoas depositional sequence from the upper Alagoas sequence and is associated with a major fall in relative lake level during the late rift to early sag transition.",,,,,,,
NLD_Quality,NLD-071,shrub,B_first,True,"A shrub is a dendritic carbonate growth structure that is characterized by an upward-bifurcating morphology composed of radiating bundles of fibrous-to-prismatic calcite crystals. These structures grow upward in-situ within lacustrine settings, creating positive relief and significant primary inter-branch porosity, and are a key component of Pre-Salt boundstone reservoir facies.","A shrub is a type of microbial carbonate structure that is characterized by a distinctive branching, bush-like morphology. These structures form through the organomineralization of microbial communities, resulting in calcite precipitation that creates a complex internal fabric. In the context of the Brazilian Pre-Salt, shrubs are a fundamental building block of the lacustrine carbonate reservoirs, contributing significantly to reservoir volume and heterogeneity.",,,,,,,
NLD_Quality,NLD-072,stromatolite,B_first,True,"Stromatolite is an organosedimentary deposit that is formed by the trapping, binding, and precipitation of minerals by a benthic microbial community, resulting in a characteristically laminated and often convex-upward growth structure. In the context of the Brazilian Pre-Salt, stromatolites are a facies within the Barra Velha Formation that can exhibit significant fenestral and vug porosity, contributing to reservoir quality.","Stromatolite is an organo-sedimentary structure that is characterized by a laminated fabric formed by the trapping, binding, and precipitation of sediment by microbial mats. In the context of the Brazilian Pre-Salt, these structures are a major component of the lacustrine carbonate reservoirs, where their growth is influenced by water chemistry and their fabric contributes to reservoir porosity.",,,,,,,
NLD_Quality,NLD-073,macabu formation,A_first,True,"Macabu Formation is an Aptian-age stratigraphic unit of the Lagoa Feia Group that consists of lacustrine carbonates deposited in a shallow, highly alkaline, and evaporative sag basin setting within the Campos Basin. This unit is composed of shallowing-up cyclothems including mud-grade laminated carbonates, spherulitic carbonates, and calcite shrub-like crusts. It is the direct stratigraphic equivalent of the prolific Barra Velha Formation reservoirs in the Santos Basin and is overlain by the evaporites of the Retiro Formation.","Macabu Formation is a geological formation that is composed predominantly of Aptian-age volcanic and volcaniclastic rocks and constitutes the economic basement in much of the Campos Basin, Brazil. Deposited during the early rift phase of the South Atlantic opening, it underlies the lacustrine sedimentary rocks of the Lagoa Feia Group.",,,,,,,
NLD_Quality,NLD-074,rudstone,A_first,True,"Rudstone is a grain-supported sedimentary carbonate rock that is characterized by grains larger than 2 mm in diameter, which in the Pre-Salt context are predominantly composed of whole or fragmented bivalve shells. This facies, often described as a coquina, typically displays massive or cross-bedded depositional features and can develop significant moldic and vuggy porosity, making it an important reservoir lithotype.","Rudstone is a grain-supported sedimentary carbonate rock that is characterized by containing more than 10% of grains larger than 2 mm in diameter, with a matrix composed of finer-grained sediment. The large clasts are typically bioclasts, such as mollusk shells or microbialite fragments, and the rock is indicative of high-energy depositional environments where large fragments are transported and deposited with finer sediment filling the interstitial spaces.",,,,,,,
NLD_Quality,NLD-075,post-depositional faulting,A_first,True,"Post-depositional faulting is a structural deformation process that displaces a sedimentary sequence after its deposition has ceased. Unlike syn-depositional faulting, this process does not influence the thickness of the affected stratigraphic units, which typically maintain a constant thickness across the fault. Within the Brazilian Pre-Salt, it often involves the reactivation of pre-existing rift faults, creating structural relief and inversion features that are critical for trap formation and reservoir architecture.","Post-depositional faulting is a structural deformation process that involves the fracturing and displacement of rock strata along a fault plane after the initial deposition of the sediments. This process can occur at any time during burial history, from early compaction to later tectonic events, and significantly impacts reservoir continuity, trap integrity, and fluid migration pathways.",,,,,,,
NLD_Quality,NLD-076,structural low,B_first,True,"A structural low is a structural feature that is topographically lower in elevation than adjacent areas, typically formed by tectonic processes such as faulting. In extensional rift settings like the Brazilian Pre-Salt, these features often manifest as grabens or half-grabens flanking structural highs and serve as depocenters for sedimentary sequences, which may exhibit distinct seismic facies like onlapping, high-amplitude parallel reflectors.","A structural low is a region on a geological surface that is characterized by a lower elevation relative to its surrounding areas. In petroleum systems analysis, these features often correspond to synclines or the deepest parts of basins, which can act as hydrocarbon kitchens where source rocks reach thermal maturity. Hydrocarbons generated in these lows typically migrate updip to accumulate in adjacent structural highs.",,,,,,,
NLD_Quality,NLD-077,weathering,B_first,True,"Weathering is a set of geological processes that involves the physical disintegration and chemical decomposition of rocks and minerals at or near the Earth's surface. Driven by factors such as atmospheric CO2 levels, this process releases dissolved ions and alkalinity from continental crust, controlling the chemical flux into depositional basins. In lacustrine settings like the Pre-Salt, the style of weathering is a critical control on lake chemistry and carbonate precipitation, with its signature recorded by geochemical proxies such as strontium isotopes.","Weathering is a set of exogenic processes that breaks down rocks, soils, and minerals at or near the Earth's surface through physical, chemical, and biological means, with no or minimal transport of the resulting material. This process is fundamental in creating unconformities and can significantly enhance reservoir quality by developing secondary porosity, such as through the karstification of exposed carbonate platforms.",,,,,,,
NLD_Quality,NLD-078,calcite,A_first,True,"Calcite is a carbonate mineral with the chemical formula CaCO₃ that, in the Pre-Salt lacustrine setting, constitutes the primary mineralogy of microbial carbonates like shrubs and spherulites and also occurs as a diagenetic product through cementation or neomorphism. Primary lacustrine calcite often preserves original fibrous or fascicular-optical crystal fabrics, whereas diagenetic calcite typically forms as equant cements filling porosity or as neomorphic crystals replacing precursor minerals like aragonite. This non-magnesian calcite is a fundamental component of Pre-Salt reservoir rocks, both forming the primary rock framework and influencing porosity through subsequent diagenetic processes.","Calcite is a carbonate mineral that is the most stable polymorph of calcium carbonate (CaCO₃) and crystallizes in the trigonal system. It is the principal constituent of the lacustrine carbonate rocks, including microbialites and coquinas, that form the primary reservoirs in the Brazilian Pre-Salt. Calcite also occurs as a common diagenetic cement, which can significantly impact reservoir porosity and permeability by either occluding pore space or forming early, rigid frameworks that resist compaction.",,,,,,,
NLD_Quality,NLD-079,carbonate reservoir,B_first,True,"A carbonate reservoir is a subsurface rock body that is composed of carbonate minerals and possesses sufficient porosity and permeability to store and transmit hydrocarbons. In the Brazilian Pre-Salt, these reservoirs are typically complex successions of facies, such as spherulites, shrubs, and stromatolites, deposited in alkaline lacustrine environments. Their significant faciological and diagenetic heterogeneity often results in reservoir compartmentalization, impacting connectivity and hydrocarbon distribution.","A carbonate reservoir is a subsurface rock unit that is composed predominantly of carbonate minerals and possesses sufficient porosity and permeability to store and transmit hydrocarbons. These reservoirs, typically limestones or dolostones, develop complex pore systems through depositional and diagenetic processes, which in lacustrine settings like the Brazilian Pre-Salt can form extensive vuggy and cavernous porosity.",,,,,,,
NLD_Quality,NLD-080,marine carbonate,B_first,True,"Marine carbonate is a carbonate rock that is precipitated from seawater through biological or chemical processes within a marine depositional environment. The depositional architecture and facies distribution of marine carbonate systems are primarily controlled by the interplay between sea-level fluctuations and the rate of carbonate factory production. These systems are distinct from lacustrine carbonates, such as those found in the Brazilian Pre-Salt, which are governed by different hydrochemical and climatic controls.","Marine carbonate is a sedimentary rock that is composed primarily of carbonate minerals, such as calcite and aragonite, which originated and were deposited in a marine environment. These rocks typically form from the accumulation of skeletal fragments of marine organisms, including corals, foraminifera, and mollusks, or through inorganic precipitation from seawater.",,,,,,,
NLD_Quality,NLD-081,water depth,B_first,True,"Water depth is the vertical distance that measures from the surface of a body of water to the sediment-water interface at the time of deposition. In sedimentary geology, it is a critical parameter for interpreting depositional environments, with specific facies associations, such as microbial laminites or wave-influenced grainstones, indicating the shallow lacustrine settings characteristic of the Brazilian Pre-Salt. This depositional measurement is distinct from the present-day vertical depth of a rock unit within a wellbore, which is used for analyzing reservoir fluid properties and pressures.","Water depth is the vertical distance that extends from a water surface, such as mean sea level or a lake surface, to the underlying seafloor or lakebed. In a depositional context, such as the lacustrine systems of the Brazilian Pre-Salt, paleo-water depth is a primary control on facies distribution, carbonate factory type, and the development of reservoir versus source rock intervals.",,,,,,,
NLD_Quality,NLD-082,facies,B_first,True,"Facies is a body of rock that is defined by a distinctive set of observable lithological, biological, and physical characteristics. These characteristics reflect the specific depositional or diagenetic environment in which the rock was formed, with examples in the Pre-Salt including coquinas, spherulites, and laminates. In petroleum geology, the term also extends to seismic facies, which are seismically identifiable units defined by their reflection patterns and attributes, used to infer lithology and depositional settings away from well control.","Facies is a body of rock that is characterized by a distinctive set of lithological, sedimentological, and biological attributes reflecting its origin under specific depositional conditions. The concept is fundamental for interpreting depositional environments and predicting the spatial distribution and properties of reservoir units, such as the carbonate facies of the Brazilian Pre-Salt.",,,,,,,
NLD_Quality,NLD-083,depositional model,A_first,True,"A depositional model is a conceptual framework that integrates geological, geophysical, and geochemical data to explain and predict the processes, environments, and resulting three-dimensional geometry of sedimentary deposits. In the context of the Brazilian Pre-Salt, competing models, such as the microbialite platform versus the shallow evaporitic lake model, are used to interpret the origin and distribution of lacustrine carbonate reservoirs. This framework is crucial for predicting reservoir presence, quality, and continuity, thereby guiding petroleum exploration and development strategies.","A depositional model is a conceptual framework that describes and predicts the spatial and temporal distribution of sedimentary facies within a specific depositional environment. It integrates observations of sedimentary structures, lithology, and fossil content to explain the processes and geometry of sediment accumulation. In petroleum geology, these models are critical for predicting the location, geometry, and quality of potential reservoir, source, and seal rocks.",,,,,,,
NLD_Quality,NLD-084,espírito santo basin,A_first,True,"The Espírito Santo Basin is a South Atlantic marginal sedimentary basin that is located on the southeastern coast of Brazil, contiguous with the Campos and Santos basins, and formed during the Early Cretaceous rifting of West Gondwana. As a conjugate to the Kwanza Basin in West Africa, it evolved through rift, sag, and post-rift stages, which include the deposition of extensive pre-salt lacustrine carbonates and a thick overlying salt layer, forming a major petroleum province.","The Espírito Santo Basin is an Atlantic marginal sedimentary basin located offshore southeastern Brazil that was formed during the Early Cretaceous rifting of the South Atlantic Ocean. It contains a complete rift-to-drift succession, including a significant Aptian salt layer that separates the pre-salt and post-salt sequences. The basin is a major hydrocarbon province, with significant production from both post-salt turbidite reservoirs and pre-salt lacustrine carbonate reservoirs analogous to those in the Santos and Campos basins.",,,,,,,
NLD_Quality,NLD-085,rift,A_first,True,"Rift is a tectonic stage of basin evolution that is driven by crustal extension and characterized by active normal faulting, which creates structurally controlled depocenters for the accumulation of syn-rift sedimentary sequences. In the context of the South Atlantic margin, this stage is associated with the deposition of lacustrine source rocks and carbonate reservoirs, where the fault systems controlled sedimentation patterns and later served as conduits for hydrocarbon migration.","A rift is an elongate basin that is formed by the extension and thinning of the continental lithosphere. This extensional process is accommodated by normal faulting, which creates a series of horsts and grabens that control sediment deposition. In the context of the South Atlantic, the rift phase created the restricted lacustrine basins where the Pre-Salt source rocks and carbonate reservoirs were deposited prior to the onset of oceanic spreading.",,,,,,,
NLD_Quality,NLD-086,hauterivian,A_first,True,"Hauterivian is a geologic age of the Early Cretaceous Epoch that spans the time from approximately 132.6 to 129.4 million years ago, following the Valanginian and preceding the Barremian. In the context of Brazilian marginal basins like the Santos and Campos, the Hauterivian corresponds to the onset of the rift phase, characterized by the development of half-grabens and extensive syn-rift volcanism. This initial rifting stage is associated with the deposition of the volcanic and volcaniclastic rocks of the Camboriú Formation, which form the economic basement for the overlying pre-salt reservoirs.","Hauterivian is a geological age of the Early Cretaceous Epoch that spans the time from approximately 132.9 to 129.4 million years ago. In the context of the Brazilian Pre-Salt, this age corresponds to the initial rifting phase of the South Atlantic, during which key lacustrine source rocks and early carbonate reservoir sequences were deposited.",,,,,,,
NLD_Quality,NLD-087,base salt,B_first,True,"Base salt is a regional seismic-stratigraphic surface that defines the bottom of the Aptian evaporite sequence and the top of the underlying pre-salt carbonate section, such as the Barra Velha Formation. It is seismically expressed as a high-amplitude, continuous positive reflector generated by a basal layer of dense anhydrite, which creates a significant acoustic impedance contrast with the underlying carbonates.","Base salt is a stratigraphic salt unit that constitutes the lowermost part of a salt succession, directly overlying the pre-salt sequence. In the context of the Brazilian Pre-Salt, this Aptian-age unit is typically composed of halite and acts as the primary regional seal for the underlying lacustrine carbonate reservoirs, with its top surface often marking the onset of significant salt tectonics.",,,,,,,
NLD_Quality,NLD-088,rift section,A_first,True,"A rift section is a tectono-stratigraphic sequence that comprises the sedimentary and volcanic rocks deposited during the extensional rifting phase of a basin's evolution, with deposition strongly controlled by active normal faulting. In the Brazilian Pre-Salt basins, this section is typically divided into lower and upper rift phases, encompassing lithologies from basal volcanic rocks and fluvial-lacustrine siliciclastics to the primary organic-rich source rocks and early bioclastic carbonate reservoirs.","A rift section is a stratigraphic succession that was deposited contemporaneously with active extensional faulting during the formation of a rift basin. This syn-rift sequence is characteristically bounded by a pre-rift unconformity below and a break-up unconformity above, which separates it from the overlying post-rift sag deposits. In the Brazilian Pre-Salt, this section contains the key lacustrine source rocks and carbonate reservoirs.",,,,,,,
NLD_Quality,NLD-089,porosity,A_first,True,"Porosity is a fundamental physical property of a rock that quantifies the volume of void spaces, or pores, relative to the total rock volume. In Pre-Salt carbonate reservoirs, it manifests as various pore types including intergranular, inter-shrub, moldic, vuggy, and fracture porosity, which can be either primary or formed by diagenetic processes like dissolution. This property, typically expressed as a percentage, is a critical control on hydrocarbon storage capacity and overall reservoir quality.","Porosity is a petrophysical property that quantifies the void space within a rock, expressed as the ratio of the pore volume to the total bulk volume. It is the fundamental rock property that determines the storage capacity for fluids such as oil, gas, or water. Porosity can be classified as primary (interparticle) or secondary (resulting from diagenetic processes like dissolution, dolomitization, or fracturing), with secondary porosity being particularly significant in carbonate reservoirs like the Brazilian Pre-Salt.",,,,,,,
NLD_Quality,NLD-090,oil,A_first,True,"Oil is a naturally occurring liquid hydrocarbon mixture that is generated from the thermal maturation of organic matter, migrates into porous rock, and accumulates in a subsurface trap. Within a reservoir, it exists as a distinct fluid phase with a characteristic pressure gradient, forming a hydrocarbon column that is typically situated above a water zone due to its lower density. Its specific composition, gas content, and physical properties are determined by the source rock type, maturation history, and any subsequent alteration processes.","Oil is a naturally occurring liquid petroleum that consists of a complex mixture of hydrocarbons generated from the thermal maturation of organic matter within a source rock. After generation, it migrates and accumulates in a reservoir rock, forming a petroleum deposit. The oils found in the Brazilian Pre-Salt are characteristically light crudes with low sulfur content, sourced from organic-rich lacustrine shales.",,,,,,,
NLD_Quality,NLD-091,fault,A_first,True,"A fault is a planar or curviplanar fracture or zone of fractures in a rock volume across which there has been significant displacement as a result of rock-mass movement. In the Brazilian Pre-Salt, faults are fundamental rift-related structures that were often active during sedimentation, controlling the depositional architecture, accommodation space, and the distribution of carbonate reservoirs. These structures are critical components of the petroleum system, forming structural traps, influencing fluid migration, and potentially compartmentalizing reservoirs.","A fault is a brittle fracture or zone of fractures in a rock volume that exhibits measurable displacement of the adjacent blocks. These structures are fundamental in petroleum systems, acting as traps, migration pathways, or seals, and in the Brazilian Pre-Salt, rift-related normal faults control the primary architecture of the hydrocarbon-bearing basins.",,,,,,,
NLD_Quality,NLD-092,reservoir,B_first,True,"A reservoir is a subsurface rock formation that possesses sufficient porosity and permeability to store and transmit fluids such as oil and gas. In the Brazilian Pre-Salt, reservoirs are typically complex carbonate bodies whose quality and heterogeneity are controlled by the interplay of depositional facies, such as shrubstones and grainstones, and subsequent diagenetic and tectonic events. These formations contain commercially significant accumulations of hydrocarbons, often within a structural or stratigraphic trap.","A reservoir is a subsurface rock body that possesses sufficient porosity and permeability to store and transmit fluids. In a petroleum system, a reservoir contains an accumulation of hydrocarbons that are confined by an overlying, impermeable sealing rock. Significant reservoirs in the Brazilian Pre-Salt are found within lacustrine carbonate rocks, such as the microbialites and coquinas of the Barra Velha Formation.",,,,,,,
NLD_Quality,NLD-093,rift basin,B_first,True,"A rift basin is a sedimentary basin that is formed by the extension and thinning of the continental lithosphere, typically associated with the breakup of supercontinents. Characterized by fault-bounded blocks, their syn-rift fill in the South Atlantic includes volcanic rocks, organic-rich lacustrine source rocks, and carbonate reservoirs of the pre-salt succession.","A rift basin is a sedimentary basin that is formed by the extensional tectonics of continental crust, resulting in subsidence bounded by normal faults. These basins are characterized by a syn-rift phase with rapid subsidence and deposition of lacustrine sediments, followed by a post-rift or sag phase of thermal subsidence, a sequence critical to the formation of petroleum systems like the Brazilian Pre-Salt.",,,,,,,
NLD_Quality,NLD-094,rift phase,A_first,True,"A rift phase is a distinct tectono-stratigraphic stage within a syn-rift supersequence that is defined by a unique combination of tectonic strain, fault geometry, depocenter distribution, and associated lithofacies. In the Brazilian Pre-Salt, successive rift phases document the evolution of continental extension and control the deposition of key petroleum system elements, from early volcanic rocks to the later lacustrine source rocks and carbonate reservoirs.","A rift phase is a tectonic stage that is characterized by the extension and thinning of continental lithosphere in response to tensional stresses, leading to the formation of rift valleys bounded by normal faults. This phase is associated with high heat flow, significant normal faulting creating horst and graben structures, and the development of restricted depositional environments. In the context of the South Atlantic's opening, this stage corresponds to the Neocomian and is responsible for creating the accommodation space where the lacustrine source and reservoir rocks of the Pre-Salt succession were deposited.",,,,,,,
NLD_Quality,NLD-095,dolomitization,B_first,True,"Dolomitization is a diagenetic process that involves the replacement of precursor calcium carbonate minerals with the mineral dolomite through interaction with magnesium-rich fluids. In Pre-Salt lacustrine settings, this process often occurs during early diagenesis, but dolomite can also form as a primary precipitate or a pore-filling cement, significantly altering reservoir properties.","Dolomitization is a diagenetic process that replaces calcium carbonate minerals with the mineral dolomite through the substitution of calcium ions by magnesium ions. This geochemical alteration, often driven by Mg-rich fluids in burial or hydrothermal settings, can significantly enhance reservoir quality by creating or modifying porosity and permeability.",,,,,,,
NLD_Quality,NLD-096,microbial microstructure,B_first,True,"Microbial microstructure is a microscopic-scale fabric or texture that is formed by or preserves evidence of microbial activity, such as biofilms or mats. In Pre-Salt carbonates, these features commonly manifest as clotted (grumous) peloidal fabrics, filament moulds, or laminated textures observed in thin section. Although often rare within the overall Barra Velha Formation, these microstructures are a key component in the interpretation of microbialites and can contribute to the formation of boundstone reservoir facies.","A microbial microstructure is a primary sedimentary fabric that is formed by the in-situ metabolic activities of microorganisms, such as trapping, binding, and precipitating minerals. These microstructures, which include clotted, peloidal, and dendritic textures, are the fundamental building blocks of microbialites. In the context of Brazilian Pre-Salt carbonates, the analysis of microbial microstructures is critical for defining reservoir facies and understanding the development of complex pore systems.",,,,,,,
NLD_Quality,NLD-097,deformation,A_first,True,"Deformation is a geological process that changes the original shape, size, or orientation of a rock body in response to applied stress. In the context of the Brazilian Pre-Salt, this process manifests through both brittle mechanisms, such as faulting, and ductile mechanisms, including folding and salt flow (halokinesis). Deformation occurs across various scales, from regional tectonic events controlling basin architecture to the plastic compaction of individual grains, and can be contemporaneous with deposition.","Deformation is a geological process that changes the original shape, size, or orientation of a rock body in response to applied stress. This process includes brittle faulting and ductile folding, which are fundamental to the formation of structural traps and can significantly influence reservoir quality by creating fracture networks or permeability barriers.",,,,,,,
NLD_Quality,NLD-098,hanging wall,A_first,True,"Hanging wall is the crustal block that is positioned above a non-vertical fault plane, in contrast to the footwall block which lies below it. In rift settings such as the Brazilian Pre-Salt, the hanging wall is a primary locus for deformation, accommodating strain through processes like fault-propagation folding, particularly during periods of tectonic inversion. The structural and stratigraphic complexity within the hanging wall is critical for petroleum systems, as it can form structural traps or create permeability barriers that lead to reservoir compartmentalization.","A hanging wall is the block of rock that is positioned above an inclined fault plane. It is distinguished from the footwall, which is the block situated below the fault. In extensional tectonic regimes, such as those that formed the Pre-Salt basins, the hanging wall moves downward relative to the footwall along a normal fault, creating accommodation space and forming potential structural traps for hydrocarbons.",,,,,,,
NLD_Quality,NLD-099,facies variation,B_first,True,"Facies variation is the spatial or temporal change in the lithological and petrophysical characteristics of a sedimentary rock unit that reflects differing depositional conditions. In Pre-Salt lacustrine carbonates, this often manifests as abrupt lateral transitions between reservoir and non-reservoir facies, driven by factors like sedimentary input, lake chemistry, and climate, which are critical for creating stratigraphic entrapments.","Facies variation is a geological phenomenon that describes the lateral and vertical changes in the lithological, biological, and physical characteristics of a sedimentary rock unit. These changes, which reflect shifts in the depositional environment, directly control the spatial distribution and heterogeneity of reservoir properties, making their prediction critical for hydrocarbon exploration and production.",,,,,,,
NLD_Quality,NLD-100,facies association,A_first,False,"A facies association is a group of sedimentary facies that are genetically related and characteristically occur together, representing deposition within a specific paleoenvironmental setting or system. The analysis of facies associations is critical for interpreting depositional systems, such as the lacustrine carbonate systems of the Pre-Salt, and for predicting the distribution of reservoir rocks.","A facies association is a group of sedimentary facies that are genetically related and occur together in a predictable pattern. This grouping reflects deposition in adjacent or related sub-environments, and its analysis is fundamental for interpreting the overall depositional system. In the context of the Pre-Salt, identifying specific facies associations, such as those representing high-energy shrubstone shoals or low-energy lacustrine mudflats, is critical for mapping reservoir quality and distribution.",,,,,,,
NLD_Quality,NLD-101,moldic porosity,B_first,True,"Moldic porosity is a type of secondary porosity that is formed by the selective dissolution of a pre-existing constituent of a rock, such as a shell or crystal, where the resulting pore space preserves the shape of the original component. In Brazilian Pre-Salt carbonate reservoirs, it is a significant porosity type commonly created by the dissolution of mollusk shells within coquinas and packstones, often by meteoric or hydrothermal fluids.","Moldic porosity is a type of secondary porosity that is formed by the selective dissolution of a soluble component, such as a fossil shell or a grain, leaving a pore space with the shape and size of the original component. This porosity is particularly significant in carbonate reservoirs like the Brazilian Pre-Salt, where the dissolution of aragonitic bivalve shells in lacustrine limestones is a primary mechanism for its creation. The connectivity of moldic pores, which is critical for reservoir permeability, often depends on the original packing of the grains and subsequent fracturing or further dissolution.",,,,,,,
NLD_Quality,NLD-102,post-rift sequence,B_first,True,"A post-rift sequence is a tectono-stratigraphic unit that is deposited after the cessation of active faulting and crustal extension, primarily under a regime of regional thermal subsidence. This phase, also known as the sag phase, is characterized by an aggradational filling pattern with parallel seismic facies that onlap and heal the underlying rift-related topography. In the Brazilian Pre-Salt of the Santos Basin, this succession encompasses the lacustrine carbonates of the Barra Velha Formation and the overlying evaporites of the Ariri Formation.","A post-rift sequence is a succession of sedimentary strata that is deposited after active extensional faulting associated with a rifting event has ceased. It is characterized by deposition during a phase of regional thermal subsidence, resulting in widespread strata that typically drape over the underlying, fault-bounded syn-rift deposits.",,,,,,,
NLD_Quality,NLD-103,hydrothermal vent,B_first,True,"A hydrothermal vent is a geological structure, often forming a pipe-like complex, that is created by the fracturing, transport, and eruption of geothermally heated fluids and associated sediments. In the Brazilian Pre-Salt, these features are identified on seismic data as mounds or vertical discontinuities and are interpreted as conduits for deep-seated fluids, including mantle-derived CO2, which influence diagenesis and can form associated travertine deposits.","A hydrothermal vent is a fissure in a planet's surface from which geothermally heated water issues. These vents are commonly found near volcanically active areas, such as mid-ocean ridges, where the expelled fluids are rich in dissolved minerals that precipitate upon contact with cold ambient water. In the context of the South Atlantic rift, ancient hydrothermal systems are considered a potential source for magnesium-rich fluids that drove diagenetic processes, such as dolomitization, within the Pre-Salt carbonate successions.",,,,,,,
NLD_Quality,NLD-104,late cretaceous,A_first,True,"The Late Cretaceous is a geologic epoch that constitutes the final division of the Cretaceous Period, extending from approximately 100.5 to 66 million years ago. Within the Brazilian Pre-Salt domain, this time interval is significant for post-rift tectonic and magmatic events, including Santonian-Campanian volcanism, that drove deep-burial hydrothermal alteration of the underlying Early Cretaceous carbonate reservoirs. This late-stage diagenesis had a profound impact on the final characteristics of the pre-salt petroleum system.","Late Cretaceous is a geological epoch of the Mesozoic Era that spans the time interval from approximately 100.5 to 66 million years ago, representing the final part of the Cretaceous Period. In the context of the South Atlantic, this epoch is marked by significant thermal subsidence following the main rifting phase, leading to the deposition of thick marine clastic and carbonate sequences of the post-salt section. These deposits form the primary overburden for the underlying Aptian pre-salt petroleum systems, playing a critical role in their thermal maturation and preservation.",,,,,,,
NLD_Quality,NLD-105,trap,A_first,True,"A trap is a geological configuration of reservoir and seal rocks that confines and holds buoyant hydrocarbons, formed by a combination of structural and/or stratigraphic elements. In the Brazilian Pre-Salt, the dominant style is a structural trap characterized by a four-way closure of the carbonate reservoir against the overlying thick salt layer, which acts as the main seal.","A trap is a geological structure or stratigraphic feature that prevents the upward or lateral migration of hydrocarbons, leading to their accumulation in a reservoir. It is formed by the juxtaposition of a porous reservoir rock and an overlying, impermeable cap rock in a geometry that confines buoyant fluids. In the context of the Brazilian Pre-Salt, traps are predominantly large structural highs, such as anticlines and faulted blocks, often associated with Aptian salt tectonics.",,,,,,,
NLD_Quality,NLD-106,lower cretaceous,B_first,True,"Lower Cretaceous is the earlier of two epochs of the Cretaceous Period that, in the context of the South Atlantic, encompasses the critical syn-rift and sag phases of continental breakup and the deposition of the entire pre-salt lacustrine petroleum system. This epoch includes the Hauterivian, Barremian, Aptian, and Albian stages, during which the key lacustrine source rocks and microbial carbonate reservoirs of the Brazilian Pre-Salt were deposited prior to the widespread Aptian salt.","Lower Cretaceous is an epoch of the geologic timescale that spans the time from approximately 145 to 100.5 million years ago, comprising the Berriasian through Albian ages. The rock succession deposited during this time is known as the Lower Cretaceous Series, which in the context of the Brazilian continental margin, encompasses the syn-rift and sag phases of basin evolution, including the deposition of the highly significant pre-salt carbonate reservoirs.",,,,,,,
NLD_Quality,NLD-107,early cretaceous,B_first,True,"Early Cretaceous is a geochronological epoch that, in the context of the South Atlantic, is characterized by the continental rifting of Gondwana and the subsequent deposition of thick lacustrine sequences. This interval, encompassing the Hauterivian through Albian stages, is marked by the formation of extensive rift basins where the economically significant pre-salt carbonate reservoirs were deposited. The epoch culminates with the deposition of widespread Aptian evaporites, signifying the transition towards the opening of the South Atlantic Ocean.","The Early Cretaceous is a geological epoch that spans the time from approximately 145 to 100.5 million years ago, comprising the first half of the Cretaceous Period. This epoch is characterized by the initial rifting and subsequent opening of the South Atlantic Ocean, which led to the formation of the restricted sag basins where the Brazilian Pre-Salt source and reservoir rocks were deposited. It includes the Barremian and Aptian ages, which are fundamental for understanding the stratigraphy of the Santos and Campos basins.",,,,,,,
NLD_Quality,NLD-108,lake tanganyika,A_first,True,"Lake Tanganyika is a modern rift lake in eastern Africa that serves as a key geological analogue for the Aptian pre-salt lacustrine systems of the South Atlantic. As one of the world's largest and deepest rift lakes, its dimensions, latitudinal position, and hydrochemistry are used for comparative studies and quantitative modeling of the ancient carbonate-producing lakes of the Santos and Campos basins.","Lake Tanganyika is a large rift lake that is located within the East African Rift System and serves as a modern geological analog for the lacustrine carbonate depositional systems of the Brazilian Pre-Salt. Its great depth, prolonged stratification, and anoxic bottom waters create conditions favorable for the preservation of organic matter and the deposition of microbial carbonates, similar to those interpreted for the Aptian sag phase of the South Atlantic.",,,,,,,
NLD_Quality,NLD-109,thermal subsidence,A_first,True,"Thermal subsidence is a tectonic subsidence process that is driven by the cooling and contraction of the lithosphere following the cessation of active rifting. This process characterizes the post-rift sag phase, creating the broad, regional accommodation space that healed rift topography and enabled the deposition of the extensive Pre-Salt lacustrine systems and overlying Aptian evaporites.","Thermal subsidence is a geological process that describes the sinking of the Earth's lithosphere as it cools, contracts, and increases in density following a period of heating and extension. This mechanism is the dominant driver of the post-rift or sag phase in rift basins, creating the accommodation space for the deposition of thick sedimentary sequences. In the Brazilian Pre-Salt province, this phase is responsible for depositing the Aptian salt layer and the overlying post-salt marine succession, which act as the regional seal and overburden for the pre-salt reservoirs.",,,,,,,
NLD_Quality,NLD-110,unconformity,B_first,True,"An unconformity is a surface of erosion or non-deposition that separates younger strata from older rocks, representing a significant hiatus in the geologic record. In seismic data, it is identified as a key reflector characterized by stratal terminations such as erosional truncation and downlap. Within the Brazilian Pre-Salt, these surfaces, like the regional Pre-Alagoas and Intra-Alagoas unconformities, are fundamental for defining tectono-stratigraphic units.","An unconformity is a stratigraphic surface that represents a significant hiatus in the geologic record, separating younger strata from older rocks. It is produced by erosion or a period of non-deposition, followed by the resumption of sedimentation. In petroleum systems, unconformities are critical elements that can form seals or create stratigraphic traps for hydrocarbon accumulation.",,,,,,,
NLD_Quality,NLD-111,horst,A_first,True,"A horst is an uplifted structural block that is bounded by normal faults, creating a structural high relative to adjacent, down-dropped blocks known as grabens. In extensional rift settings such as the Brazilian Pre-Salt, horsts represent basement-involved highs that influence syn-rift depositional patterns and can be reactivated, forming critical structural traps for hydrocarbon accumulations.","A horst is an uplifted structural block that is bounded by normal faults on its sides. These features typically form in extensional tectonic settings where the crust is being stretched. In petroleum systems like the Brazilian Pre-Salt, horsts can create structural traps by elevating potential reservoir rocks relative to adjacent down-dropped blocks, known as grabens.",,,,,,,
NLD_Quality,NLD-112,gondwana,A_first,True,"Gondwana is a former supercontinent that comprised the landmasses of the Southern Hemisphere, including the conjoined plates of South America and Africa. Its fragmentation during the Early Cretaceous initiated the rifting that formed the precursor basins of the South Atlantic Ocean, where the Brazilian Pre-Salt sequences were deposited.","Gondwana is a large supercontinent that existed from the Neoproterozoic until the Jurassic. The rifting and subsequent breakup of West Gondwana, specifically the separation of the South American and African plates during the Early Cretaceous, created the extensional tectonic setting and accommodation space for the deposition of the lacustrine carbonate successions of the Brazilian Pre-Salt.",,,,,,,
NLD_Quality,NLD-113,packstone,A_first,True,"Packstone is a grain-supported sedimentary carbonate rock that contains a matrix of carbonate mud (micrite) in the interstitial spaces between grains. In Pre-Salt successions, the grains are typically mollusk shells and fragments, but can also include spherulites, ostracods, and ooids. These rocks often form important reservoirs, especially where diagenetic processes like shell leaching have created significant moldic porosity.","Packstone is a grain-supported carbonate rock that contains a matrix of carbonate mud (micrite) between the grains. According to the Dunham classification system, this texture indicates deposition in an environment with enough energy to concentrate grains but not enough to completely remove the finer mud fraction. The presence of this micrite matrix can significantly reduce interparticle porosity and permeability, impacting the rock's quality as a potential reservoir.",,,,,,,
NLD_Quality,NLD-114,dissolution,B_first,True,"Dissolution is a diagenetic process that chemically breaks down and removes mineral material, such as carbonates or Mg-rich clays, through interaction with a solvent fluid. In the Brazilian Pre-Salt, this process is a critical factor in creating and enhancing reservoir quality, particularly through the congruent dissolution of Mg-rich clays like stevensite and the later-stage dissolution of carbonate minerals. This dissolution can be driven by fluids acidified by the release of hydrogen ions during the decay of Mg-silicates.","Dissolution is a diagenetic process that removes mineral matter by dissolving soluble minerals, such as calcite or aragonite, into a fluid. In carbonate reservoirs like the Brazilian Pre-Salt, this process is a primary mechanism for creating secondary porosity, often driven by the interaction of CO2-rich fluids with carbonate minerals. The resulting dissolution features, which range from vugs and molds to extensive cavern systems, can significantly enhance reservoir storage capacity and permeability.",,,,,,,
NLD_Quality,NLD-115,lithology,A_first,True,"Lithology is the characterization of a rock or stratigraphic unit that is based on its physical attributes, including composition, mineralogy, texture, and grain size. In the context of Brazilian Pre-Salt carbonates, this involves identifying specific rock types such as shrubstones, spherulitestones, grainstones, and rudstones, which result from complex depositional and diagenetic processes. This characterization is fundamental for defining reservoir facies, interpreting depositional environments, and constructing geological models.","Lithology is a description of a rock unit that is based on its physical characteristics observable at the outcrop, hand-specimen, or microscopic scale, such as composition, grain size, texture, and color. In petroleum geology, lithology is a fundamental property used to define reservoir, source, and seal rock intervals, directly controlling petrophysical properties like porosity and permeability.",,,,,,,
NLD_Quality,NLD-116,south atlantic,B_first,True,"The South Atlantic is an ocean basin that separates the continents of South America and Africa, formed by the rifting of the Gondwana supercontinent during the Mesozoic Era. Its formation created conjugate passive margins, such as those of Brazil and West Africa, which host prolific petroleum systems. The early rift and sag phases of its opening are particularly significant for the deposition of the extensive Aptian lacustrine carbonate successions of the Brazilian Pre-Salt.","The South Atlantic is an ocean basin that formed during the Mesozoic Era through the rifting and subsequent separation of the South American and African continents. Its tectonic evolution governed the creation of the conjugate passive margins, including the extensive rift systems that host the prolific Pre-Salt petroleum systems of Brazil and West Africa. The basin's history progressed from an early continental rift phase, characterized by lacustrine deposition, to a later marine drift phase following the establishment of a permanent oceanic connection.",,,,,,,
NLD_Quality,NLD-117,stevensite,B_first,True,"Stevensite is an aluminum-poor, magnesium-rich smectitic clay mineral that precipitates directly from silica-rich, highly alkaline lacustrine waters. Within the Brazilian Pre-Salt, it is a characteristic authigenic mineral of low-energy, deeper-water depositional environments, commonly associated with calcite spherulites or dolomite rhombs. It can occur as discrete beds, oolitic coatings, or as a matrix component within carbonate facies.","Stevensite is a trioctahedral smectite clay mineral that is characterized by a magnesium silicate composition and a near-zero layer charge originating from vacancies in the octahedral sheet. In the context of Brazilian Pre-Salt reservoirs, it is a significant authigenic mineral that precipitates from magnesium-rich lacustrine brines, often forming spherulitic aggregates that can impact reservoir porosity.",,,,,,,
NLD_Quality,NLD-118,carbonate platform,A_first,True,"A carbonate platform is a large-scale, seismically mappable depositional body that develops on broad structural highs within a lacustrine sag basin. In the context of the Brazilian Pre-Salt, these platforms are primarily composed of non-marine carbonate grains, such as shrubby microbial boundstones, spherulites, and intraclasts, which form significant reservoir facies. The geometry of these lacustrine platforms is often strongly influenced by antecedent topography and fault-controlled subsidence, distinguishing them from classic marine platform models.","A carbonate platform is a large-scale sedimentary body that is built up primarily by the accumulation of in situ carbonate sediments within a shallow marine or lacustrine setting, creating a structure with significant topographic relief. These systems can be classified based on their geometry and relationship to the basin margin, including ramps, rimmed shelves, and isolated platforms. In the context of the Brazilian Pre-Salt, these features are extensive lacustrine systems where microbial and bioclastic carbonates accumulated, forming the primary hydrocarbon reservoirs.",,,,,,,
NLD_Quality,NLD-119,precambrian basement,B_first,True,"Precambrian basement is a complex of crystalline igneous and metamorphic rocks that formed during the Precambrian eon and constitutes the fundamental crustal framework beneath the volcanic and sedimentary sequences of a rift basin. In the context of the Brazilian Pre-Salt, it is typically composed of granitoids, orthogneisses of tonalitic to syenogranitic composition, and associated high-grade metamorphic rocks. This crystalline basement is unconformably overlain by Mesozoic flood basalts, which in turn form the economic basement directly beneath the Pre-Salt sag and rift sequences.","Precambrian basement is a complex of crystalline rocks that was formed during the Precambrian eons and serves as the structural foundation upon which younger sedimentary basins are deposited. This complex typically consists of igneous and high-grade metamorphic rocks, such as granites, gneisses, and schists. In petroleum exploration, it is generally considered non-reservoir 'economic basement', but its paleotopography and structural fabric significantly influence the deposition of overlying sedimentary sequences and the development of structural traps.",,,,,,,
NLD_Quality,NLD-120,travertine,B_first,True,"Travertine is a chemically precipitated carbonate rock that is deposited in continental settings from hydrothermal springs. In the Pre-Salt context, it is associated with subaerial exposure and forms mound-type and fissure ridge-type deposits, representing a potential origin for some isolated carbonate buildups.","Travertine is a freshwater carbonate rock that is formed by the rapid precipitation of calcium carbonate from geothermally heated, supersaturated groundwater, typically at hot springs or along fault systems. In the Brazilian Pre-Salt, these deposits are considered important non-traditional reservoirs, where their complex fabrics, ranging from dense crystalline crusts to porous dendritic or brecciated textures, are controlled by hydrothermal activity linked to rift tectonics.",,,,,,,
NLD_Quality,NLD-121,hydrothermal vent complex,A_first,True,"A hydrothermal vent complex is a pipe-like geological complex that is formed by the fracturing, transport, and eruption of hydrothermal fluids and sediments through the crust. These seismic-scale features, often appearing as isolated mound-like buildups, are associated with intrusive events in continental rift settings and can play a significant role in carbonate reservoir formation and heterogeneity.","A hydrothermal vent complex is a geological system that comprises an assemblage of vents, chimneys, and associated deposits formed by the focused expulsion of heated, mineral-rich fluids onto the seafloor. Within the Brazilian Pre-Salt, these features are linked to Cretaceous magmatism and significantly influence the diagenesis and reservoir quality of adjacent carbonate rocks through fluid-rock interaction and mineral precipitation.",,,,,,,
NLD_Quality,NLD-122,graben,B_first,True,"A graben is a depressed structural block that is down-dropped between two or more sub-parallel normal faults as a result of crustal extension. In rift settings such as the Brazilian Pre-Salt, grabens evolve from small, isolated features into larger, linked systems that serve as primary depocenters for syn-rift sediments. These tectonic features can also act as significant permeability barriers, leading to the compartmentalization of hydrocarbon reservoirs.","A graben is an elongate, down-dropped block of crust that is bounded by subparallel normal faults. As a primary feature of extensional tectonics, grabens form sedimentary basins that create accommodation space for syn-rift deposits, such as the lacustrine source and reservoir rocks of the Brazilian Pre-Salt.",,,,,,,
NLD_Quality,NLD-123,silicification,B_first,True,"Silicification is a diagenetic process that involves the precipitation of silica or the replacement of pre-existing minerals by silica within a rock. In Pre-Salt lacustrine carbonates, this process is often characterized by the early interstitial precipitation of silica gels to form nodules and sheets, typically triggered by a decrease in pH during lake freshening events. The resulting silicification can significantly impact reservoir quality by creating fractures or by preserving or occluding porosity.","Silicification is a diagenetic process that involves the replacement of pre-existing minerals, particularly carbonates, by silica minerals such as quartz, chert, or opal. This process can significantly alter reservoir quality by either occluding porosity or creating a rigid framework that preserves pore space during burial.",,,,,,,
NLD_Quality,NLD-124,depositional setting,A_first,True,"A depositional setting is a specific geological environment that is characterized by the physical, chemical, and biological conditions under which a particular type of sediment or rock accumulates. This environment dictates the depositional processes and resulting sedimentary facies, with examples in the Pre-Salt context including lacustrine, hydrothermal, and rift settings. The interpretation of the depositional setting, such as a deep versus shallow lacustrine system, is critical for predicting reservoir distribution and quality.","A depositional setting is a geological environment that is characterized by the specific physical, chemical, and biological conditions under which a particular assemblage of sediments accumulates. These conditions, including water depth, energy, sediment supply, and climate, determine the resulting sedimentary facies and their geometry. In the context of the Brazilian Pre-Salt, key depositional settings include the various sub-environments within a large-scale lacustrine carbonate system.",,,,,,,
NLD_Quality,NLD-125,clay,A_first,True,"Clay is a group of authigenic magnesian phyllosilicate minerals that precipitates directly from alkaline, silica- and magnesium-rich lacustrine waters. In the Brazilian Pre-Salt, these minerals are primarily stevensite and saponite, occurring as laminated muds or as interstitial components within carbonate facies. The subsequent dissolution of these chemically unstable clays is a critical diagenetic process responsible for creating significant secondary porosity and enhancing reservoir quality.","Clay is a group of hydrous aluminum phyllosilicate minerals that are characterized by a layered crystal structure and a particle size of less than 2 micrometers. In petroleum systems, clays are significant as they form the primary constituent of cap rocks and seals, and can also act as source rocks when rich in organic matter. Within reservoir intervals, the presence of authigenic or detrital clays can significantly reduce permeability and porosity by occluding pore throats.",,,,,,,
NLD_Quality,NLD-126,pre-salt,A_first,True,"Pre-salt is a tectono-stratigraphic sequence that was deposited prior to the widespread Aptian evaporite (salt) layer associated with the opening of the South Atlantic Ocean. This Lower Cretaceous succession comprises syn-rift to post-rift deposits, including the highly productive lacustrine carbonate reservoirs and source rocks that form the supergiant petroleum systems of the Brazilian and West African conjugate margins.","Pre-salt is a tectono-stratigraphic sequence that was deposited during the syn-rift and sag phases of a continental rift basin, stratigraphically underlying a thick and extensive evaporite layer. In the context of the Brazilian continental margin, this sequence corresponds to the Early Cretaceous lacustrine section deposited prior to the massive Aptian salt layer associated with the opening of the South Atlantic Ocean. It hosts world-class petroleum accumulations in unique carbonate reservoirs, primarily composed of microbialites and coquinas.",,,,,,,
NLD_Quality,NLD-127,desiccation,A_first,True,"Desiccation is a geological process that involves the drying out of exposed or shallowly submerged sediments due to evaporation. In Pre-Salt lacustrine settings, this process leads to the formation of features such as syndepositional desiccation cracks and drives the precipitation of evaporite minerals from concentrated brines. Cyclic episodes of desiccation alternating with flooding events are fundamental to the depositional models for both the carbonate reservoir facies and the overlying stratified evaporite seals.","Desiccation is a geological process that involves the drying out of water-saturated sediments due to subaerial exposure. This process commonly forms distinctive sedimentary structures, such as mudcracks, and is indicative of peritidal or lacustrine shoreline environments where it can influence early diagenesis.",,,,,,,
NLD_Quality,NLD-128,magmatism,A_first,True,"Magmatism is a fundamental geological process that encompasses the generation, movement, and solidification of magma and its associated volcanic and plutonic activity. Within the South Atlantic basins, multi-stage magmatic events associated with continental rifting influenced the depositional system through the release of mantle-derived CO2 and drove late-stage hydrothermal alteration of Pre-Salt carbonate reservoirs.","Magmatism is a complex geological process that encompasses the generation, migration, emplacement, and solidification of molten rock (magma). In extensional settings such as the South Atlantic rift, this process results in the formation of volcanic and sub-volcanic igneous bodies that are interlayered with or intrude into the sedimentary succession. These igneous rocks can significantly impact petroleum systems by influencing the thermal maturation of source rocks, acting as seals or flow barriers, and locally forming fractured reservoirs.",,,,,,,
NLD_Quality,NLD-129,gas,A_first,True,"Gas is a phase of petroleum that consists of a mixture of light hydrocarbon compounds and various non-hydrocarbon impurities, generated through the thermal maturation of organic matter. In the context of Pre-Salt petroleum systems, it is typically an oil-associated thermogenic fluid whose specific composition, including contaminants like CO2, is used to infer thermal maturity, fluid origin, and reservoir compartmentalization.","Gas is a naturally occurring mixture of hydrocarbon gases that is found in a gaseous state at standard temperature and pressure conditions. It consists predominantly of methane (CH4) but may also contain varying amounts of other higher alkanes and non-hydrocarbon gases such as carbon dioxide (CO2) and nitrogen (N2). In petroleum systems, it can exist as free gas in a gas cap, as associated gas dissolved in crude oil, or as non-associated gas in dedicated gas reservoirs.",,,,,,,
NLD_Quality,NLD-130,sediment,B_first,True,"Sediment is naturally occurring material that is transported and deposited by physical processes or is chemically or biochemically precipitated from solution. This material includes a wide range of compositions, such as siliciclastic particles, carbonate grains (muds, grainstones), and chemical precipitates like silicate gels. The accumulation of these materials, often quantified by sedimentation rates, forms the sedimentary fill that comprises depositional sequences within a basin.","Sediment is a naturally occurring material that is formed by the breakdown of rocks and organic matter and is subsequently transported and deposited by wind, water, ice, or gravity. In a geological context, it can consist of clastic particles, chemical precipitates, or biogenic material such as shell fragments. Within the Brazilian Pre-Salt, sediments are predominantly lacustrine carbonates, including bioclastic fragments and spherulites, which form the primary reservoir rocks after diagenesis.",,,,,,,
NLD_Quality,NLD-131,alkalinity,A_first,True,"Alkalinity is a chemical property of a natural water body that measures its capacity to neutralize acid, primarily determined by the concentration of dissolved bicarbonate and carbonate ions. In the context of Brazilian Pre-Salt lacustrine systems, periods of hyper-alkalinity (pH > 10) are critical for the widespread precipitation of chemogenic carbonates and Mg-silicate clays like stevensite. This elevated alkalinity is primarily attributed to high inputs of CO2 from magmatic/hydrothermal activity and accelerated weathering of associated volcanic rocks.","Alkalinity is a measure of the capacity of a solution, such as lake or pore water, to neutralize acids. This capacity is primarily determined by the concentration of dissolved bases, especially bicarbonate (HCO₃⁻) and carbonate (CO₃²⁻) ions. In the context of Pre-Salt carbonate deposition, high alkalinity in the lacustrine water column is a critical factor that promotes the precipitation of calcium carbonate, leading to the formation of microbialites and other key reservoir facies.",,,,,,,
NLD_Quality,NLD-132,ooid,B_first,True,"An ooid is a coated sedimentary grain, typically spherical and less than 2 mm in diameter, that is formed by the concentric precipitation of mineral layers around a central nucleus. In the context of Pre-Salt lacustrine systems, ooids accumulate in agitated, high-energy environments to form reservoir facies such as ooid grainstones. These grains are distinctively composed of minerals like the Mg-silicate stevensite and can be subject to later diagenetic alteration, including silicification.","An ooid is a coated sedimentary carbonate grain that is characterized by a nucleus surrounded by a cortex of concentric laminae and is typically less than 2 mm in diameter. They form in high-energy, shallow, carbonate-saturated aquatic environments, such as the lacustrine shoals of the Pre-Salt, where agitation allows for the regular precipitation of carbonate layers around a nucleus. Accumulations of ooids form oolitic grainstones, which often possess high primary interparticle porosity and can constitute significant hydrocarbon reservoirs.",,,,,,,
NLD_Quality,NLD-133,basalt,B_first,True,"Basalt is a mafic extrusive igneous rock that, in the context of the Brazilian Pre-Salt, occurs as tholeiitic flood basalts and lava flows representing major magmatic events within the syn-rift sequence. These volcanic rocks typically form the acoustic basement or are found as part of the Camboriú and Cabiúnas Formations, and can also be intercalated with volcanoclastics within the overlying Piçarras Formation.","Basalt is a mafic extrusive igneous rock that is characterized by its fine-grained (aphanitic) texture and composition rich in plagioclase and pyroxene minerals. In the context of the Brazilian Pre-Salt, basaltic lava flows are commonly interlayered with the sag-phase lacustrine carbonates, acting as vertical seals or flow baffles that compartmentalize reservoirs. These volcanic rocks can also be highly fractured, creating secondary porosity and permeability pathways.",,,,,,,
NLD_Quality,NLD-134,grainstone,B_first,True,"Grainstone is a grain-supported sedimentary carbonate rock that is characterized by the absence of a mud matrix, indicating deposition in a high-energy environment where currents prevent the accumulation of fine sediment. In the Pre-Salt lacustrine setting, this facies is commonly composed of mollusk fragments, spherulites, or intraclasts and represents a critical reservoir target due to its high primary intergranular porosity.","Grainstone is a grain-supported sedimentary carbonate rock that is characterized by the absence of a micrite matrix. It forms in high-energy depositional environments where mud is winnowed away, and in the Brazilian Pre-Salt, its constituent grains can include spherulites, coated grains, and bioclasts, often resulting in excellent primary porosity and reservoir quality.",,,,,,,
NLD_Quality,NLD-135,siliciclastic,B_first,True,"Siliciclastic is an adjective describing a class of sedimentary rocks and sediments that are composed predominantly of silicate minerals and rock fragments derived from the weathering and erosion of pre-existing rocks. This class includes common rock types such as sandstones, siltstones, and conglomerates, which are composed of clasts like quartz and fragments of rocks such as quartzite, gneiss, and schist. In the South Atlantic pre-salt basins, these deposits are found in syn-rift and sag sequences, often sourced from the erosion of basement highs and interbedded with carbonate facies.","Siliciclastic is a class of sedimentary rocks, sediments, or particles that are composed predominantly of silicate minerals, such as quartz, feldspar, and clay minerals, derived from the weathering and erosion of pre-existing rocks. This category includes a wide range of rock types, from conglomerates and sandstones to siltstones and shales, which are classified based on their grain size and represent terrigenous input into a depositional basin.",,,,,,,
NLD_Quality,NLD-136,siltstone,B_first,True,"Siltstone is a siliciclastic sedimentary rock that is composed predominantly of silt-sized particles. Within the Pre-Salt lacustrine successions, it often occurs as a low-energy, hybrid lithology in depocenters, characterized by a mixture of siliciclastic silt and carbonate material such as mollusk shells. These deposits are found within both syn-rift and sag sequences and can exhibit sedimentary structures like horizontal lamination or bioturbation.","Siltstone is a clastic sedimentary rock that is composed predominantly of consolidated silt-sized particles, defined as grains with diameters between 4 and 62.5 micrometers. It is a type of mudrock, finer than sandstone and coarser than claystone, and often exhibits lamination. In petroleum systems, siltstones can act as seals, source rocks if organic-rich, or low-permeability layers interbedded with reservoir facies.",,,,,,,
NLD_Quality,NLD-137,diagenesis,B_first,True,"Diagenesis is the collective term for the physical, chemical, and biological processes that alter sediments after their initial deposition and during and after their lithification, but before the onset of metamorphism. In the context of the Brazilian Pre-Salt, these processes are intense and include multiple phases of cementation, dissolution, dolomitization, and silicification. These alterations, such as the dissolution driven by the decay of magnesium silicates, are critical in creating or modifying the porosity and permeability of carbonate reservoirs.","Diagenesis is the collective term for the physical, chemical, and biological processes that alter sediments after initial deposition and during and after lithification, but before the onset of metamorphism. These processes, which include compaction, cementation, dissolution, and mineral replacement, control the evolution of porosity and permeability in sedimentary rocks. In the context of Brazilian Pre-Salt carbonates, diagenetic alteration is a primary control on the creation, preservation, or destruction of reservoir quality.",,,,,,,
NLD_Quality,NLD-138,reflector termination,A_first,True,"Reflector termination is a geometric relationship observed in seismic reflection data that describes the lateral ending of a seismic reflector against another surface or reflector. The analysis of termination patterns, such as onlap, downlap, toplap, and erosional truncation, is a fundamental component of seismic stratigraphy used to interpret depositional geometries, stratal relationships, and define sequence boundaries.","Reflector termination is a seismic stratigraphic feature that marks the lateral end of a seismic reflector against another seismic surface. These terminations are classified based on their geometric relationship with the adjacent surface, such as onlap, downlap, toplap, or truncation. The analysis of reflector terminations is fundamental for sequence stratigraphic interpretation, as they define the boundaries of depositional sequences and indicate stratal relationships like depositional pinch-outs or erosional truncation.",,,,,,,
NLD_Quality,NLD-139,seismic facies,B_first,True,"A seismic facies is a mappable three-dimensional seismic unit that is defined by a distinct set of reflection characteristics, such as geometry, continuity, amplitude, and frequency, which differentiate it from adjacent units. These seismic patterns are interpreted in conjunction with well data to represent specific depositional environments or lithofacies, serving as a primary tool for inferring reservoir distribution and boundaries in settings like the Brazilian Pre-Salt.","A seismic facies is a mappable, three-dimensional seismic unit that is composed of a group of seismic reflections whose parameters, such as configuration, continuity, amplitude, and frequency, differ from those of adjacent units. The interpretation of these distinct seismic parameters allows for the inference of geological characteristics, including depositional processes, lithology, and fluid content within the corresponding rock body. In petroleum exploration, seismic facies analysis is a critical tool for predicting the distribution of reservoir, source, and seal rocks before drilling.",,,,,,,
NLD_Quality,NLD-140,lake water,A_first,True,"Lake water is the water contained within a lacustrine basin that originates from surface runoff, direct precipitation, and groundwater, and whose chemical composition is influenced by these inputs and subsequent in-basin modification. Within the context of the South Atlantic Pre-Salt, the lake waters were characteristically highly saline and alkaline, often with a pH greater than 9. This specific hydrochemistry, driven by evaporative concentration and variable inputs including hydrothermal fluids, was a primary control on the deposition of chemogenic carbonates and the viability of aquatic fauna.","Lake water is the aqueous medium that occupies a lacustrine basin and whose specific geochemical properties control sedimentation and diagenesis. In the context of the Brazilian Pre-Salt, this water was characterized by high alkalinity and variable salinity, often exhibiting strong density and chemical stratification. These conditions were critical for promoting the widespread precipitation of carbonate reservoir facies and the preservation of organic matter in anoxic bottom waters, which formed world-class source rocks.",,,,,,,
NLD_Quality,NLD-141,gneiss,B_first,True,"Gneiss is a high-grade foliated metamorphic rock that is characterized by distinct compositional banding where light-colored minerals are segregated from dark-colored minerals. In the context of the South Atlantic pre-salt basins, gneiss constitutes a major component of the crystalline basement which, upon erosion during rifting, provided clasts for the syn-rift conglomerates.","Gneiss is a high-grade metamorphic rock that is characterized by a distinct compositional banding where light-colored felsic minerals and dark-colored mafic minerals are segregated into layers. In the context of the Brazilian Pre-Salt, gneiss, along with other crystalline rocks, forms the economic basement beneath the sedimentary rift sequence that contains the hydrocarbon reservoirs.",,,,,,,
NLD_Quality,NLD-142,erosion,B_first,True,"Erosion is a geological process that wears away and removes rock and sediment from the land surface by natural agents. In the Brazilian Pre-Salt, significant erosion occurred at the top of the carbonate sequence due to tectonic uplift or major lake-level fall, resulting in the widespread removal of strata prior to the deposition of the overlying Ariri Formation evaporites. This event created a major unconformity, which is identified on seismic data by the truncation of underlying reflectors against the base of the salt.","Erosion is a geological surface process that involves the wearing away and transport of rock, soil, and sediment by natural agents such as water, wind, ice, or gravity. This process is responsible for creating unconformities, which are significant surfaces in sequence stratigraphy that can form stratigraphic traps or act as barriers or conduits for fluid flow.",,,,,,,
NLD_Quality,NLD-143,limestone,A_first,True,"Limestone is a sedimentary rock that is composed principally of calcium carbonate (CaCO3), typically in the form of the mineral calcite. In the context of the Pre-Salt, it is a dominant lithology forming a wide range of lacustrine carbonate facies, including bioclastic grainstones, packstones, wackestones, and laminated mudstones. Its components include various allochems, such as mollusk shells, and a matrix of lime mud (micrite), and it can be subject to diagenetic alteration like dolomitization.","Limestone is a carbonate sedimentary rock that is composed primarily of calcium carbonate (CaCO3) in the form of calcite and/or aragonite. It typically forms from the accumulation of skeletal fragments, chemical precipitation, or microbial activity, and in the Brazilian Pre-Salt, includes key reservoir facies such as microbially-influenced carbonates and bioclastic coquinas which serve as precursors to dolomitized reservoirs.",,,,,,,
NLD_Quality,NLD-144,ostracod,A_first,True,"An ostracod is a microscopic aquatic crustacean that is enclosed in a bivalved carapace and serves as a primary tool for biostratigraphic zonation in the non-marine Lower Cretaceous successions of the Brazilian Pre-Salt. Due to their tolerance for stressed environments, such as deep or saline lacustrine settings, their presence and abundance are key indicators of paleoenvironmental conditions. The accumulation of their small shells can form significant bioclastic deposits, including ostracod grainstones, packstones, and wackestones.","Ostracod is a microscopic crustacean that is characterized by a bivalved, chitinous or calcareous carapace. Their fossilized carapaces are significant microfossils used for biostratigraphy and paleoenvironmental reconstruction, particularly in lacustrine and marine settings. In the context of Brazilian Pre-Salt reservoirs, accumulations of ostracod shells can form important bioclastic carbonate facies, contributing to reservoir rock volume.",,,,,,,
NLD_Quality,NLD-145,reservoir facies,A_first,True,"Reservoir facies is a distinct rock unit that possesses sufficient porosity and permeability to store and transmit hydrocarbons. In the Brazilian Pre-Salt, these are predominantly lacustrine carbonates whose reservoir potential is defined by specific depositional textures and subsequent diagenetic alteration. Key examples include coquinas, in-situ crystal shrubs, and reworked grainstones composed of spherulites.","Reservoir facies is a distinct body of rock that possesses sufficient primary or secondary porosity and permeability to store and transmit hydrocarbons. This facies represents the primary target for hydrocarbon exploration and production, with its favorable petrophysical properties being a function of its depositional environment and subsequent diagenetic history. In the Brazilian Pre-Salt, key reservoir facies include lacustrine microbial carbonates (spherulites and shrubs) and coquinas.",,,,,,,
NLD_Quality,NLD-146,subsidence,A_first,True,"Subsidence is a geological process that involves the sinking or downward vertical movement of the Earth's crust, which creates accommodation space for sediment accumulation. In rift basins such as the Brazilian Pre-Salt, this process is driven by mechanisms including tectonic extension, thermal cooling and contraction of the lithosphere, and isostatic loading from sediments and salt, often resulting in diachronous and heterogeneous depositional patterns.","Subsidence is the vertical downward movement of the Earth's surface that occurs relative to a specific datum, such as sea level. In the context of the Brazilian Pre-Salt, subsidence is primarily driven by crustal extension during the syn-rift phase and subsequent thermal cooling and contraction of the lithosphere during the post-rift sag phase. This process is fundamental for creating the accommodation space required for the deposition of thick lacustrine source rocks and carbonate reservoirs.",,,,,,,
NLD_Quality,NLD-147,seal,B_first,True,"A seal is a low-permeability rock unit that forms a barrier to fluid flow, capable of trapping petroleum columns within a reservoir. Seals are categorized as static, which are completely impermeable over geological time, or dynamic, which are low-permeability baffles that restrict flow over production timescales but may allow pressure equilibration over geological time.","A seal is an impermeable rock unit that prevents the upward or lateral migration of hydrocarbons from a reservoir. Common seal lithologies, such as evaporites and shales, possess very low permeability and high capillary entry pressure, with the extensive Aptian salt layer serving as the primary regional seal for the Brazilian Pre-Salt reservoirs.",,,,,,,
NLD_Quality,NLD-148,precambrian,B_first,True,"Precambrian is a supereon of geologic time that spans from the formation of Earth to the beginning of the Cambrian Period, approximately 539 million years ago. In the context of the Brazilian Pre-Salt, the term refers to the crystalline igneous and metamorphic rocks that constitute the continental basement upon which the Mesozoic rift basins were deposited. The structural fabric inherited from this Precambrian basement played a critical role in controlling the geometry and evolution of the fault systems that developed during the rifting phase.","Precambrian is a supereon of geologic time that precedes the Phanerozoic Eon and encompasses the Hadean, Archean, and Proterozoic eons. This vast interval, spanning from Earth's formation to the start of the Cambrian Period approximately 538.8 million years ago, represents the time before the proliferation of complex, multicellular life. In the context of Brazilian geology, Precambrian rocks form the crystalline basement upon which younger sedimentary basins, including those hosting the Pre-Salt sequence, were deposited.",,,,,,,
NLD_Quality,NLD-149,cyclothem,B_first,True,"A cyclothem is a repetitive, shallowing-upward stratigraphic succession that records fluctuations in lake level and water chemistry within a lacustrine carbonate system. In the Barra Velha Formation, a typical cyclothem consists of basal laminated calcimudstones deposited during a flooding phase, overlain by calcite shrub and spherulite facies formed during an evaporative, high-alkalinity phase. The succession, typically 0.75 to 5 meters thick, is often capped by reworked grainstones and represents a key depositional motif.","A cyclothem is a stratigraphic unit that comprises a succession of beds deposited during a single, repeated sedimentary cycle. These cycles are typically driven by allocyclic mechanisms such as glacio-eustatic sea-level changes or, in lacustrine basins like the Pre-Salt, by orbitally-forced climate changes affecting lake level and water chemistry, resulting in a predictable vertical succession of facies.",,,,,,,
NLD_Quality,NLD-150,mound,A_first,True,"A mound is a carbonate buildup that forms a positive topographic feature whose genesis is strongly controlled by fluid expulsion along deep-seated fault systems. In the Brazilian Pre-Salt, these features are identified on seismic data as isolated or ridge-like bodies with a mounded external geometry, chaotic or convex internal reflections, and can reach heights of several hundred meters. Their formation is commonly attributed to precipitation from sub-lacustrine hydrothermal vents or springs, creating significant lacustrine carbonate reservoirs.","A mound is a type of carbonate buildup that forms a positive topographic feature on the seafloor or lakefloor, constructed by the in-situ accumulation of organisms or precipitated carbonates and typically lacking a rigid skeletal framework. In the context of the Brazilian Pre-Salt, these features are often microbial in origin, forming complex shrub-like buildups that constitute highly porous and permeable reservoir facies.",,,,,,,
NLD_Quality,NLD-151,phanerozoic,B_first,False,"Phanerozoic is the current and youngest geologic eon that is characterized by the proliferation of complex, multicellular life, including animals and plants, as evidenced by an abundant fossil record. It spans from approximately 539 million years ago to the present day and is subdivided into the Paleozoic, Mesozoic, and Cenozoic eras. The Aptian-age Pre-Salt carbonate successions of the South Atlantic are a significant geological feature within the Mesozoic portion of this eon.","Phanerozoic is a geologic eon that spans from approximately 538.8 million years ago to the present, characterized by the proliferation of abundant and diverse animal and plant life. It is subdivided into the Paleozoic, Mesozoic, and Cenozoic eras, and its name, meaning 'visible life', refers to the appearance of organisms with hard parts preserved in the fossil record.",,,,,,,
NLD_Quality,NLD-152,late aptian,A_first,True,"Late Aptian is a geochronologic epoch that, in traditional South Atlantic tectono-stratigraphic models, represents the period of major evaporite deposition that concluded the pre-salt sequence. While historically dated to approximately 115 million years ago and associated with the end of rifting, this timing is now highly debated, with significant evidence suggesting the main salt was deposited earlier, in the Early Aptian.","Late Aptian is a geochronologic subdivision that represents the final part of the Aptian Age of the Early Cretaceous Epoch. This interval, spanning approximately from 117 to 113 million years ago, is stratigraphically significant in the South Atlantic marginal basins as it corresponds to the deposition of the organic-rich source rocks of the pre-salt petroleum system immediately preceding the major salt depositional event.",,,,,,,
NLD_Quality,NLD-153,tectono-stratigraphic evolution,B_first,True,"Tectono-stratigraphic evolution is the geological reconstruction that describes the interplay between tectonic processes and the resulting stratigraphic architecture of a sedimentary basin over time. This analysis involves integrating structural data, such as fault displacement and fold kinematics, with stratigraphic data, like sediment fill geometries and isopach maps, to understand how tectonic activity controlled depositional patterns and basin development. In the context of the Brazilian Pre-Salt, it typically delineates the distinct rift and post-rift phases, characterizing how fault-controlled subsidence and uplift influenced the deposition of lacustrine carbonates and subsequent evaporites.","Tectono-stratigraphic evolution is the geological history that describes the interplay between tectonic processes and the resulting deposition, geometry, and preservation of sedimentary sequences through time. This framework is used to reconstruct how events like continental rifting, thermal subsidence, and salt tectonics have controlled the development of depositional systems and the architecture of stratigraphic units within a basin. Understanding this evolution is fundamental for predicting the distribution of source rocks, reservoirs, and seals in exploration.",,,,,,,
NLD_Quality,NLD-154,mudstone,B_first,True,"Mudstone is a fine-grained sedimentary rock that, in the Brazilian Pre-Salt context, is primarily composed of laminated magnesian clays with variable subordinate amounts of terrigenous silt, calcite, dolomite, and silica. These rocks encompass a wide compositional range, including organic-rich varieties that are critical petroleum source rocks deposited in low-energy lacustrine environments.","Mudstone is a fine-grained siliciclastic sedimentary rock that is composed of a mixture of silt- and clay-sized particles and is characterized by its non-fissile, blocky or massive structure. Unlike shale, which is laminated and splits into thin layers, mudstone breaks into irregular blocks. Within petroleum systems, these rocks can function as organic-rich source rocks or as low-permeability seals for hydrocarbon accumulations.",,,,,,,
NLD_Quality,NLD-155,pre-salt play,A_first,True,"Pre-salt play is a major petroleum exploratory play that targets hydrocarbon accumulations in strata deposited prior to the widespread Aptian salt layer along the conjugate margins of the South Atlantic. The play is primarily characterized by prolific but highly heterogeneous Lower Cretaceous lacustrine carbonate reservoirs, which present significant geological uncertainties and exploration challenges due to their faciological, depositional, and diagenetic complexity.","A pre-salt play is a petroleum play that targets hydrocarbon accumulations in reservoirs situated stratigraphically beneath a thick, extensive evaporite sequence. This play concept is typified by the Brazilian Pre-Salt, where lacustrine source rocks charge microbial and bioclastic carbonate reservoirs within rift-related structural highs, all effectively sealed by the overlying Aptian salt.",,,,,,,
NLD_Quality,NLD-156,pre-alagoas unconformity,A_first,True,"Pre-Alagoas unconformity is a regional unconformity of Aptian age that separates the underlying syn-rift sequence from the overlying post-rift sag sequence within the Brazilian Pre-Salt basins. This surface marks the top of the Itapema Formation and represents a significant depositional hiatus, often characterized seismically as a low to medium amplitude, discontinuous reflector.","The pre-alagoas unconformity is a regional unconformity that separates the syn-rift sequences of the Barremian-Aptian from the overlying sag-phase Alagoas sequence within the Brazilian marginal basins. This surface marks the end of the main rifting phase and the onset of thermal subsidence, representing a major tectono-stratigraphic boundary. It is often characterized by significant erosion and truncation of the underlying rift fault blocks, forming a crucial element in the structural and stratigraphic framework of the Pre-Salt petroleum system.",,,,,,,
NLD_Quality,NLD-157,santos basin,A_first,True,"Santos Basin is an offshore sedimentary basin that is located on the southeastern Brazilian continental margin, bounded by the Cabo Frio High to the north and the Florianópolis High to the south. The basin originated during the Lower Cretaceous rifting of Gondwana, evolving from a continental rift system into a passive divergent margin. It is one of the world's most prolific petroleum provinces, containing the giant Pre-Salt carbonate reservoirs which account for the majority of Brazil's hydrocarbon production.","ERROR: 429 RESOURCE_EXHAUSTED. {'error': {'code': 429, 'message': 'Resource exhausted. Please try again later. Please refer to https://cloud.google.com/vertex-ai/generative-ai/docs/error-code-429 for more details.', 'status': 'RESOURCE_EXHAUSTED'}}",,,,,,,
NLD_Quality,NLD-158,recrystallization,B_first,True,"Recrystallization is a diagenetic process that modifies the crystal fabric of primary carbonate minerals through changes in crystal size and shape. In the context of Pre-Salt carbonates, this process can transform original fibrous calcite into prismatic crystals while often preserving the primary depositional fabric, unlike neomorphism which typically obliterates original textures. This alteration may occur in an open system via dissolution and re-precipitation, potentially modifying the original geochemical and isotopic signatures of the rock.","Recrystallization is a diagenetic process that alters the crystal fabric of a mineral, such as its size and shape, without changing its chemical composition. In carbonate rocks, this process commonly involves the transformation of fine-grained micrite into a coarser mosaic of calcite crystals, a process known as aggrading neomorphism. This alteration can significantly impact rock properties, often reducing primary porosity by occluding pore spaces.",,,,,,,
NLD_Quality,NLD-159,basement high,A_first,True,"A basement high is a positive structural feature that represents a topographically elevated area of the crystalline basement surface. In rift settings such as the Brazilian Pre-Salt, these features are commonly formed as horst blocks or through transpressive uplift, controlling the architecture of overlying sedimentary sequences and often serving as the foundation for significant hydrocarbon accumulations.","A basement high is an uplifted block of crystalline basement rock that forms a positive topographic or structural feature influencing the deposition of overlying sedimentary strata. In rift settings, such as the Brazilian Pre-Salt, these features are fundamental in controlling the architecture of syn-rift and post-rift sequences, often localizing the development of carbonate reservoirs and influencing hydrocarbon migration and trapping.",,,,,,,
NLD_Quality,NLD-160,fault zone,A_first,True,"A fault zone is a tabular zone of brittle deformation that consists of numerous, geometrically and kinematically related fault strands and branches. It accommodates significant displacement and is characterized by internal complexity, including high-strain fault branches and low-strain intra-fault domains that often control the location of syn-rift depocenters. Such zones can be highly segmented, exhibit varying fault polarity, and evolve through processes of fault growth and linkage.","A fault zone is a tabular volume of rock that consists of numerous, closely spaced, and interconnected faults and fractures accommodating strain over a finite width. It typically comprises a central fault core containing fault gouge or cataclasite, surrounded by a damage zone of subsidiary faults and fractures. The properties of a fault zone are critical in petroleum systems as they can form either conduits or barriers to fluid flow.",,,,,,,
NLD_Quality,NLD-161,carbonate factory,B_first,True,"A carbonate factory is a depositional system that produces and accumulates carbonate sediments, which in the Pre-Salt context refers to a vast, chemogenic lacustrine environment. This abiotic system was driven by hyper-alkaline water chemistry influenced by mantle-derived CO2, precipitating unique carbonate components like spherulites and crystal shrubs that form the main reservoir rocks.","A carbonate factory is a sedimentary system that produces carbonate sediments in situ through biological and/or chemical processes. In the context of the Brazilian Pre-Salt, these lacustrine factories were dominated by microbial and molluskan activity, controlling the type and distribution of carbonate deposits that form the primary reservoir facies.",,,,,,,
NLD_Quality,NLD-162,alkaline lacustrine environment,B_first,True,"An alkaline lacustrine environment is a lacustrine depositional environment that is characterized by lake waters with high alkalinity, typically with a pH greater than 9. Often associated with high salinity and evaporative conditions, this setting is conducive to the precipitation of distinctive minerals like stevensite and extensive non-skeletal carbonates, while being inhospitable to fauna such as mollusks.","An alkaline lacustrine environment is a continental depositional system within a lake that is characterized by water with a pH greater than 7 and high concentrations of dissolved carbonate and bicarbonate ions. Such conditions, often found in hydrologically closed rift basins, promote the direct chemical or microbially-mediated precipitation of carbonate minerals, which are the primary constituents of the Brazilian Pre-Salt reservoirs.",,,,,,,
NLD_Quality,NLD-163,antecedent topography,A_first,True,"Antecedent topography is a pre-existing landscape or paleotopographic surface that controls the depositional architecture and facies distribution of overlying sedimentary units. Within the Brazilian Pre-Salt, this topography is primarily inherited from syn-rift fault blocks and the Pre-Alagoas unconformity, providing a substrate that dictates the location and geometry of subsequent lacustrine carbonate reservoirs.","Antecedent topography is a pre-existing land surface that controls the spatial distribution, thickness, and facies of subsequently deposited sedimentary successions. In the context of the Brazilian Pre-Salt, it specifically refers to the rift-related horst and graben structures formed prior to the deposition of the Aptian sag-phase carbonates. This inherited relief was a primary control on the location of carbonate factories and the development of reservoir facies.",,,,,,,
NLD_Quality,NLD-164,permeability,B_first,True,"Permeability is a petrophysical property of a porous medium that quantifies its ability to transmit fluids. In petroleum geology, it is a critical measure of reservoir quality, controlled by the size, shape, and interconnectedness of the pore network, including features like fractures and vugs. Significant variations in permeability, often caused by faults, shales, or lateral facies changes, can create barriers that lead to reservoir compartmentalization.","Permeability is a petrophysical property of a porous medium that quantifies its ability to transmit fluids. It is a function of the size, shape, and connectivity of the pores within the rock and is a critical factor controlling the flow of hydrocarbons to a wellbore.",,,,,,,
NLD_Quality,NLD-165,platform,B_first,True,"A platform is a large-scale, seismically-resolvable carbonate depositional body that is characterized by a relatively flat top, depositional relief, and distinct lateral and vertical facies patterns. Within the Pre-Salt sag sequence, platform tops typically represent shallow, high-energy lacustrine environments where facies such as shrubby boundstones and intraclast-spherulite grainstones accumulate. These platform-top facies often develop widespread stratified porosity and permeability, forming significant hydrocarbon reservoirs.","A platform is a broad, relatively flat-topped depositional body that is built up primarily by the accumulation of carbonate sediments in a shallow marine or lacustrine setting. Within the Brazilian Pre-Salt, these features are extensive lacustrine carbonate platforms that developed during the sag phase and controlled the distribution of key microbialite and coquina reservoir facies.",,,,,,,
NLD_Quality,NLD-166,microbial macrostructure,A_first,True,"A microbial macrostructure is an organosedimentary structure that is formed by the trapping, binding, and precipitation of minerals by microbial communities, resulting in features visible at a macroscopic or larger scale. In Pre-Salt successions, these include features such as stromatolites, oncoids, and planar laminites, as well as larger, seismically mappable buildups like mounds and reef-like forms. Although often rare in specific formations like the Barra Velha, these structures can be composed of carbonate or silica and represent significant localized buildups.","A microbial macrostructure is an organosedimentary structure that is formed by the in-situ metabolic activities of microorganisms, such as trapping, binding, and/or precipitating sediment. These structures, which include stromatolites, thrombolites, and dendrolites, can form large-scale buildups that are a key component of the lacustrine carbonate reservoirs of the Brazilian Pre-Salt.",,,,,,,
NLD_Quality,NLD-167,oceanic crust,A_first,True,"Oceanic crust is the portion of the Earth's lithosphere that is generated at mid-ocean ridges during seafloor spreading, marking the final stage of continental rifting and the onset of a mature ocean basin. In the South Atlantic passive margin, its formation commenced around the Aptian and is associated with ridge-push forces that can cause subsequent tectonic inversion within the adjacent continental basins.","Oceanic crust is the layer of the Earth's lithosphere that underlies the ocean basins and is primarily composed of mafic rocks like basalt and gabbro. It is significantly thinner and denser than continental crust, with a typical thickness of 5 to 10 kilometers. This crust is continuously formed at mid-ocean ridges through seafloor spreading and is recycled back into the mantle at subduction zones.",,,,,,,
NLD_Quality,NLD-168,salt deposit,A_first,True,"A salt deposit is a regional stratigraphic unit that is composed of evaporite minerals, primarily halite, deposited during the Aptian sag phase of the South Atlantic opening. In the Brazilian Pre-Salt province, this extensive layer separates the underlying lacustrine pre-salt reservoirs from the overlying marine post-salt section, acting as a highly effective regional seal. The mobility of this salt layer under sedimentary loading causes significant deformation (halokinesis) in the overlying strata, creating complex structural traps.","A salt deposit is a body of evaporite rock that is composed primarily of halite (sodium chloride). In the context of the Brazilian Pre-Salt, these thick Aptian-age evaporite sequences act as a regional top seal, trapping vast hydrocarbon accumulations in the underlying carbonate reservoirs. The ductile nature of salt allows it to flow and deform under pressure, creating complex salt structures (halokinesis) that significantly influence trap formation and overburden stress.",,,,,,,
NLD_Quality,NLD-169,camboriú formation,B_first,True,"The Camboriú Formation is a Lower Cretaceous stratigraphic unit that constitutes the economic basement of the Santos Basin, composed primarily of syn-rift volcanic rocks. This formation consists mainly of tholeiitic basalts and associated dyke swarms emplaced during the initial Hauterevian rifting phase, although it may also include older sedimentary rift units at its base. It lies unconformably over the Precambrian crystalline basement and is directly overlain by the lacustrine deposits of the Piçarras Formation.","Camboriú Formation is a stratigraphic formation of Aptian age that is composed predominantly of volcanic and volcaniclastic rocks marking the initial rifting stage in the Santos Basin, offshore Brazil. This unit unconformably overlies the Neoproterozoic crystalline basement and is considered the base of the Santos Basin sedimentary sequence, representing the initial volcanic expression of the South Atlantic opening.",,,,,,,
NLD_Quality,NLD-170,onlap,A_first,True,"Onlap is a basal stratal termination that occurs where younger, initially horizontal strata terminate progressively updip against an older, more steeply inclined surface. Visible on seismic profiles, this geometric pattern indicates deposition during a relative rise in base level and is fundamental for identifying sequence boundaries and interpreting basin-fill history, particularly in rift settings like the Pre-Salt.","Onlap is a type of stratal termination that is characterized by the progressive updip termination of initially inclined younger strata against an older, more steeply dipping surface. This geometric pattern signifies a relative rise in base level, such as a transgression, and is a key criterion for identifying the base of a depositional sequence.",,,,,,,
NLD_Quality,NLD-171,silica,A_first,True,"Silica is a group of naturally occurring minerals and amorphous solids based on silicon dioxide (SiO₂) that, in the Pre-Salt, precipitates from alkaline lacustrine waters to form primary sediments, diagenetic cements, and replacement phases. Commonly occurring as nodules, sheets, or cements of chert, chalcedony, and quartz, its precipitation is often triggered by a decrease in pH and can significantly occlude reservoir porosity.","Silica is a naturally occurring oxide of silicon (SiO₂) that exists in numerous crystalline and amorphous mineral forms, such as quartz, chert, and opal. In sedimentary systems, it can be a primary biogenic component, a detrital grain, or a diagenetic product that cements grains or replaces other minerals. Diagenetic silicification is a critical process in carbonate reservoirs, where it can significantly alter porosity and permeability by either occluding pore space or creating molds through the replacement of carbonate allochems.",,,,,,,
NLD_Quality,NLD-172,carbonate,A_first,True,"Carbonate is a sedimentary rock that is primarily composed of minerals containing the carbonate anion (CO3)2−, such as calcite and dolomite. In the Brazilian Pre-Salt, these rocks are characteristically lacustrine, forming through complex chemical and biological precipitation in alkaline lake systems to create extensive reservoir build-ups.","Carbonate is a class of sedimentary rock that is composed primarily of carbonate minerals, such as calcite, aragonite, or dolomite. These rocks form through biological, chemical, or detrital processes in diverse depositional environments, ranging from marine to lacustrine. In the Brazilian Pre-Salt, lacustrine carbonates, including microbialites and coquinas, form the principal hydrocarbon reservoirs.",,,,,,,
NLD_Quality,NLD-173,structural high,B_first,True,"A structural high is a geological feature, such as a horst or uplifted block, that is stratigraphically or topographically elevated relative to its surroundings due to tectonic processes like faulting. In rift basins like the Brazilian Pre-Salt, these features often represent paleotopographic highs that control the deposition of reservoir facies, such as high-energy carbonates. Structural highs are fundamental elements in forming structural and stratigraphic traps for hydrocarbon accumulations.","A structural high is a geological feature that is characterized by rock strata positioned at a higher elevation relative to the surrounding area due to tectonic deformation. These features, which include anticlines and horsts, form classic traps for hydrocarbons when overlain by an effective sealing rock. In the Brazilian Pre-Salt, large-scale horst blocks formed during the South Atlantic rifting constitute the primary structural highs where major carbonate reservoirs have accumulated.",,,,,,,
NLD_Quality,NLD-174,aquifer,B_first,True,"An aquifer is a subsurface body of permeable rock that is saturated with and can transmit significant quantities of groundwater. In the context of the Brazilian Pre-Salt, aquifers are often hosted in fractured crystalline basement and can provide regional pressure support to hydrocarbon reservoirs or act as conduits for groundwater and hydrothermal fluids feeding the lacustrine depositional systems.","An aquifer is a subsurface body of permeable rock or unconsolidated material that can store and transmit economically significant quantities of groundwater. In petroleum systems, aquifers are extensive water-bearing rock formations that are in hydraulic communication with a hydrocarbon reservoir, often providing pressure support through a water-drive mechanism. The extensive lacustrine carbonate successions underlying the Brazilian Pre-Salt oil accumulations constitute a regional aquifer system critical to reservoir performance.",,,,,,,
NLD_Quality,NLD-175,climate change,A_first,True,"Climate change is a long-term shift in regional paleoclimatic conditions that primarily involves variations between humid and arid states, significantly influencing lacustrine depositional systems. In the context of the South Atlantic Pre-Salt, such shifts are recorded as changes in sediment input, lake water chemistry, and faunal assemblages, which in turn control the development of carbonate facies.","Climate change is a long-term shift in global or regional climate patterns that involves significant and lasting changes in average weather conditions, such as temperature, precipitation, and atmospheric circulation. In the geological record, climate change is evidenced by variations in sedimentary facies, isotopic signatures, and fossil assemblages, which reflect past environmental fluctuations. For the Brazilian Pre-Salt, major climatic shifts during the Aptian, including periods of aridification, are considered a primary control on the deposition and character of the lacustrine carbonate reservoir facies.",,,,,,,
NLD_Quality,NLD-176,itapema formation,A_first,True,"The Itapema Formation is a Barremian to Aptian lacustrine stratigraphic unit of the Santos Basin Pre-Salt that is composed of interbedded mollusk-rich coquinas and organic-rich shales. Deposited during the upper rift phase, its coquinas constitute important hydrocarbon reservoirs while the shales, particularly the 'Jiquiá' member, represent a primary source rock interval.","The Itapema Formation is an Aptian-age geological formation that constitutes the lower part of the lacustrine carbonate succession of the Guaratiba Group in the Santos Basin, Brazil. Deposited in a saline to hypersaline lacustrine system, it is primarily composed of microbial carbonates (spherulites and shrubs) and bioclastic limestones (coquinas) that form prolific hydrocarbon reservoirs within the Pre-Salt section.",,,,,,,
NLD_Quality,NLD-177,lula field,B_first,True,"Lula Field is a giant pre-salt oil field in the Santos Basin offshore Brazil that was one of the first multi-billion barrel discoveries in the province. Originally named Tupi, the field is a major producer with hydrocarbons reservoired primarily in the Aptian lacustrine carbonates of the Barra Velha Formation. The field also lends its name to the 'Lula's Fingers,' a distinctive gamma-ray log signature representing shallowing-upward cyclothems in the upper Barra Velha Formation.","Lula field is a giant offshore oil and gas field located in the Santos Basin, Brazil, that produces from carbonate reservoirs of the pre-salt succession. The primary reservoirs are Aptian-age microbial and bioclastic carbonates of the Barra Velha Formation, representing one of the most significant discoveries in the Brazilian Pre-Salt play. Originally named Tupi, the field was renamed Lula in 2020.",,,,,,,
NLD_Quality,NLD-178,crystal shrub,B_first,True,"A crystal shrub is a distinctive carbonate rock facies that is characterized by an in-situ, dendritic to plumose arrangement of vertically oriented, fibrous calcite crystals. Commonly forming a type of boundstone, this facies is a primary depositional feature of the shallow, alkaline lacustrine systems of the Brazilian Pre-Salt. Crystal shrubs constitute a significant reservoir rock, exhibiting complex porosity networks that include vuggy, intracrystalline, and intergranular pores.","A crystal shrub is a distinctive diagenetic crystal fabric that is characterized by a dendritic, bush-like arrangement of calcite crystals. Commonly found in the lacustrine carbonate reservoirs of the Brazilian Pre-Salt, these structures are interpreted to have formed through microbially-influenced precipitation in alkaline lake settings. The complex branching morphology of crystal shrubs contributes significantly to the development of high-quality reservoir porosity.",,,,,,,
NLD_Quality,NLD-179,halite,A_first,True,"Halite is an evaporite mineral composed of sodium chloride (NaCl) that constitutes the primary mobile component of the Aptian salt layer in the South Atlantic marginal basins. Due to its highly ductile and plastic behavior compared to associated anhydrite, it flows under geological stress to form massive salt bodies and diapirs, which create critical structural traps for Pre-Salt hydrocarbon accumulations.","Halite is an evaporite mineral that is composed of sodium chloride (NaCl). It is the primary constituent of rock salt, which forms the thick, ductile Aptian salt layer that acts as the regional top seal for the Brazilian Pre-Salt petroleum system. The low permeability and plastic behavior of this extensive salt sequence are critical for trapping the vast hydrocarbon accumulations found in the underlying carbonate reservoirs.",,,,,,,
NLD_Quality,NLD-180,dolomite,B_first,True,"Dolomite is a carbonate mineral, composed of calcium magnesium carbonate (CaMg(CO₃)₂), that is a common rock-forming constituent of sedimentary and diagenetic rocks. In Brazilian Pre-Salt lacustrine successions, it is a principal diagenetic product that occurs as primary precipitates, replacements of precursor carbonates, or pore-filling cements, significantly altering reservoir properties.","Dolomite is a carbonate mineral that is composed of calcium magnesium carbonate (CaMg(CO3)2). It typically forms through the diagenetic replacement of calcite or aragonite in precursor limestones, a process known as dolomitization. The term is also commonly used to describe the sedimentary rock (dolostone) composed predominantly of this mineral, which can form excellent reservoirs due to porosity enhancement during the replacement process.",,,,,,,
NLD_Quality,NLD-181,reservoir quality,B_first,True,"Reservoir quality is a measure of a rock's capacity to store and transmit fluids, which is primarily controlled by its depositional facies and subsequent diagenetic alterations. In the Brazilian Pre-Salt, high reservoir quality is associated with specific carbonate facies like in-situ shrubs and reworked grainstones, where porosity is enhanced by the dissolution of precursor clays, and its lateral variation critically impacts trap effectiveness and compartmentalization.","Reservoir quality is a measure that quantifies a rock's capacity to store and transmit fluids, such as hydrocarbons and water. It is primarily determined by the rock's porosity, which governs storage capacity, and its permeability, which controls the ease of fluid flow. In petroleum systems, high reservoir quality is critical for economic hydrocarbon production and is influenced by depositional facies and subsequent diagenetic alterations.",,,,,,,
NLD_Quality,NLD-182,evaporation,B_first,True,"Evaporation is a key depositional process that removes water from a basin as vapor, thereby concentrating dissolved ions. In the restricted lacustrine systems of the Brazilian Pre-Salt, this process increased water alkalinity and salinity to the point of supersaturation. This chemical change was the primary driver for the abiotic precipitation of reservoir-forming carbonates, Mg-silicate gels, and overlying thick evaporite sequences.","Evaporation is a physical process that involves the phase transition of a liquid into a vapor at a temperature below its boiling point. In a geological context, particularly within restricted basins like the South Atlantic during the Aptian, this process leads to the precipitation of evaporite minerals, such as halite and anhydrite, as water becomes supersaturated with dissolved salts. The resulting evaporite sequences form a critical regional seal, trapping hydrocarbons within the underlying carbonate reservoirs.",,,,,,,
NLD_Quality,NLD-183,piçarras formation,B_first,True,"The Piçarras Formation is a Barremian-age geological formation that constitutes the lower syn-rift sequence of the Santos Basin, deposited in a non-marine, fluvial-lacustrine system. It is characterized by siliciclastic deposits ranging from proximal alluvial fan conglomerates and sandstones to distal lacustrine siltstones and organic-rich shales with talc-stevensite laminae. These organic-rich shales serve as the main source rocks for the Pre-Salt petroleum system.","The Piçarras Formation is a geological formation of Late Cretaceous age that is composed predominantly of marine shales and marls deposited in the Santos Basin. As part of the post-salt succession, it functions as the primary regional seal rock, trapping hydrocarbons in underlying reservoirs. Its fine-grained texture and low permeability are critical for the integrity of the giant Pre-Salt accumulations.",,,,,,,
NLD_Quality,NLD-184,barra velha formation,B_first,True,"The Barra Velha Formation is an Aptian-age geological formation of the Brazilian Pre-Salt that constitutes the primary lacustrine carbonate reservoir system in the Santos and Campos basins. Deposited in an alkaline lacustrine environment, it is predominantly composed of unique carbonate facies including microbialites (shrubs and stromatolites), spherulites, and laminated limestones, often with significant diagenetic alteration. Stratigraphically, it lies unconformably above the Itapema Formation and is overlain by the evaporites of the Ariri Formation.","The Barra Velha Formation is a geological formation of the Brazilian pre-salt succession that was deposited during the Aptian stage in a lacustrine setting within the Santos and Campos basins. It is characterized by highly heterogeneous and productive carbonate reservoirs, primarily composed of coquinas, spherulites, and shrub-like facies. Stratigraphically, it represents the upper part of the pre-salt rift sequence, conformably overlying the Piçarras Formation and unconformably overlain by the Ariri Formation evaporites.",,,,,,,
NLD_Quality,NLD-185,microbialite,A_first,True,"Microbialite is an organosedimentary rock that is formed through the trapping and binding of sediment or the precipitation of minerals as a result of the growth and metabolic activity of microorganisms. These structures include various forms such as stromatolites, dendrolites, oncoids, and microbial laminites. In the Brazilian Pre-Salt, microbialites are considered to form buildups within lacustrine carbonate successions like the Barra Velha Formation, although their actual volumetric contribution is often debated and may be less significant than the informal nomenclature suggests.","Microbialite is an organosedimentary rock that is formed by the trapping, binding, and/or precipitation of carbonate minerals due to the metabolic activities of microbial communities. In the context of the Brazilian Pre-Salt, these rocks are predominantly lacustrine carbonates that form complex buildups with diverse macroscopic fabrics, including laminated, clotted, and spherulitic textures. These microbial buildups constitute some of the most significant and productive reservoir intervals in the Aptian-age succession of the Santos and Campos basins.",,,,,,,
NLD_Quality,NLD-186,carbonate mound,A_first,True,"A carbonate mound is a large-scale carbonate buildup that exhibits a positive, mounded external geometry and is formed in a lacustrine setting through processes linked to hydrothermal fluid expulsion along major fault systems. In the Brazilian Pre-Salt, these features are identified on seismic data by their mounded shape and chaotic or convex internal reflections, representing significant reservoir intervals whose growth was synchronous with fault activity along horst blocks.","A carbonate mound is a positive topographic sedimentary body that is composed primarily of carbonate material and lacks the rigid organic framework characteristic of a true reef. Its accumulation is typically driven by in-situ microbial growth or the baffling and trapping of carbonate mud and grains by organisms, forming features such as microbialites or bioclastic buildups. In lacustrine settings like the Brazilian Pre-Salt, these mounds constitute major reservoir facies with complex porosity systems.",,,,,,,
Category_Correct,CAT-0038,hydrothermal vent complex,,,,,object aggregate,BFO,C,,,,
Category_Correct,CAT-0021,dolomite,,,,,Sedimentary Rock,GeoReservoir,"B,C",,,,
Category_Correct,CAT-0060,base salt,,,,,Sedimentary Rock,GeoReservoir,B,,,,
Category_Correct,CAT-0176,tectono-stratigraphic evolution,,,,,Geological Process,GeoCore,"A,B,C,D",,,,
Category_Correct,CAT-0212,reservoir,,,,,Sedimentary Geological Object,GeoReservoir,"A,B,D",,,,
Category_Correct,CAT-0202,travertine,,,,,Sedimentary Rock,GeoReservoir,"A,B,C,D",,,,
Category_Correct,CAT-0022,depositional setting,,,,,site,BFO,"A,B,D",,,,
Category_Correct,CAT-0007,silica nodule,,,,,Geological Object,GeoCore,"A,B,C,D",,,,
Category_Correct,CAT-0184,post-rift phase,,,,,Geological Process,GeoCore,B,,,,
Category_Correct,CAT-0115,graben,,,,,Geological Structure,GeoCore,B,,,,
Category_Correct,CAT-0185,antecedent topography,,,,,Geological Boundary,GeoCore,"A,B,C,D",,,,
Category_Correct,CAT-0273,limestone,,,,,Sedimentary Rock,GeoReservoir,"A,B,C,D",,,,
Category_Correct,CAT-0238,santos basin,,,,,Geological Object,GeoCore,"C,D",,,,
Category_Correct,CAT-0122,camboriú formation,,,,,Depositional System,GeoReservoir,C,,,,
Category_Correct,CAT-0084,depositional facies,,,,,Sedimentary Facies,GeoReservoir,"A,B,C,D",,,,
Category_Correct,CAT-0120,lacustrine carbonate,,,,,Earth Material,GeoCore,C,,,,
Category_Correct,CAT-0121,camboriú formation,,,,,Geological Object,GeoCore,"A,B,D",,,,
Category_Correct,CAT-0092,dolomitization,,,,,Geological Process,GeoCore,"A,B,C,D",,,,
Category_Correct,CAT-0132,lula field,,,,,Geological Object,GeoCore,D,,,,
Category_Correct,CAT-0033,phanerozoic,,,,,Geological Time Interval,GeoCore,"A,B,C,D",,,,
Category_Correct,CAT-0144,lake,,,,,Geological Object,GeoCore,C,,,,
Category_Correct,CAT-0059,base salt,,,,,Geological Boundary,GeoCore,"A,C,D",,,,
Category_Correct,CAT-0099,clay,,,,,Sediment,GeoReservoir,"A,B,C,D",,,,
Category_Correct,CAT-0204,clinoform,,,,,Sedimentary Structure,GeoReservoir,"C,D",,,,
Category_Correct,CAT-0074,ariri formation,,,,,Depositional Unit,GeoReservoir,"A,B,C",,,,
Category_Correct,CAT-0047,hyper-alkaline lake,,,,,site,BFO,B,,,,
Category_Correct,CAT-0136,seal,,,,,Geological Object,GeoCore,D,,,,
Category_Correct,CAT-0111,pre-salt section,,,,,Depositional System,GeoReservoir,"B,C,D",,,,
Category_Correct,CAT-0018,pre-alagoas unconformity,,,,,Geological Boundary,GeoCore,"A,B,C,D",,,,
Category_Correct,CAT-0278,salt basin,,,,,Geological Object,GeoCore,B,,,,
Category_Correct,CAT-0203,clinoform,,,,,Geological Boundary,GeoCore,"A,B",,,,
Category_Correct,CAT-0138,marine environment,,,,,site,BFO,"B,C,D",,,,
Category_Correct,CAT-0195,fan delta,,,,,Depositional System,GeoReservoir,"B,C",,,,
Category_Correct,CAT-0188,rift section,,,,,Geological Object,GeoCore,"C,D",,,,
Category_Correct,CAT-0169,shallow lake,,,,,site,BFO,"B,C,D",,,,
Category_Correct,CAT-0280,geological record,,,,,object aggregate,BFO,C,,,,
Category_Correct,CAT-0258,lake water,,,,,Earth Fluid,GeoCore,"A,B,C,D",,,,
Category_Correct,CAT-0146,south atlantic,,,,,site,BFO,"A,B",,,,
Category_Correct,CAT-0058,climate change,,,,,Geological Process,GeoCore,"A,B,C,D",,,,
Category_Correct,CAT-0260,oceanic crust,,,,,Geological Object,GeoCore,B,,,,
Category_Correct,CAT-0124,florianópolis high,,,,,Geological Object,GeoCore,"B,D",,,,
Category_Correct,CAT-0218,carbonate rock,,,,,Sedimentary Rock,GeoReservoir,"A,B,C,D",,,,
Category_Correct,CAT-0090,rift basin,,,,,Sedimentary Geological Object,GeoReservoir,B,,,,
Category_Correct,CAT-0242,marl,,,,,Sedimentary Rock,GeoReservoir,"A,B,C",,,,
Category_Correct,CAT-0282,sag phase,,,,,Geological Time Interval,GeoCore,"C,D",,,,
Category_Correct,CAT-0137,marine environment,,,,,Geological Process,GeoCore,A,,,,
Category_Correct,CAT-0062,cyclothem,,,,,Depositional Unit,GeoReservoir,B,,,,
Category_Correct,CAT-0225,siltstone,,,,,Sedimentary Rock,GeoReservoir,"A,B,C,D",,,,
Category_Correct,CAT-0167,intraclast,,,,,Geological Object,GeoCore,C,,,,
Category_Correct,CAT-0109,microbial microstructure,,,,,Geological Structure,GeoCore,"C,D",,,,
Category_Correct,CAT-0166,intraclast,,,,,Sedimentary Geological Object,GeoReservoir,"B,D",,,,
Category_Correct,CAT-0164,diagenesis,,,,,Geological Process,GeoCore,"A,B,C,D",,,,
Category_Correct,CAT-0262,rifting,,,,,Geological Process,GeoCore,"A,B,C,D",,,,
Category_Correct,CAT-0080,marine carbonate,,,,,Sedimentary Rock,GeoReservoir,"A,B,C,D",,,,
Category_Correct,CAT-0151,post-rift sequence,,,,,Depositional System,GeoReservoir,"A,B,C",,,,
Category_Correct,CAT-0125,macabu formation,,,,,Depositional Unit,GeoReservoir,"A,C,D",,,,
Category_Correct,CAT-0265,shrub,,,,,Geological Structure,GeoCore,A,,,,
Category_Correct,CAT-0055,structural low,,,,,Geological Structure,GeoCore,A,,,,
Category_Correct,CAT-0173,evaporation,,,,,Geological Process,GeoCore,"A,B,C,D",,,,
Category_Correct,CAT-0076,piçarras formation,,,,,Depositional System,GeoReservoir,"A,C",,,,
Category_Correct,CAT-0043,calcite,,,,,Earth Material,GeoCore,"A,B,C,D",,,,
Category_Correct,CAT-0041,south atlantic ocean,,,,,fiat object part,BFO,D,,,,
Category_Correct,CAT-0133,aragonite,,,,,Earth Material,GeoCore,"A,B,C,D",,,,
Category_Correct,CAT-0097,lacustrine environment,,,,,site,BFO,"B,C,D",,,,
Category_Correct,CAT-0157,sandstone,,,,,Sedimentary Rock,GeoReservoir,"A,B,C,D",,,,
Category_Correct,CAT-0129,desiccation,,,,,Geological Process,GeoCore,"A,B,C,D",,,,
Category_Correct,CAT-0220,albian,,,,,Geological Time Interval,GeoCore,D,,,,
Category_Correct,CAT-0106,permeability,,,,,quality,BFO,"A,B,C,D",,,,
Category_Correct,CAT-0104,campos basin,,,,,Depositional System,GeoReservoir,"A,B",,,,
Category_Correct,CAT-0268,shrub,,,,,Sedimentary Structure,GeoReservoir,D,,,,
Category_Correct,CAT-0165,intraclast,,,,,Sediment,GeoReservoir,A,,,,
Category_Correct,CAT-0051,grainstone,,,,,Sedimentary Rock,GeoReservoir,"A,B,C,D",,,,
Category_Correct,CAT-0050,silica cement,,,,,Earth Material,GeoCore,"A,B,C,D",,,,
Category_Correct,CAT-0223,packstone,,,,,Sedimentary Rock,GeoReservoir,"A,B,C,D",,,,
Category_Correct,CAT-0083,pyramid lake,,,,,site,BFO,"A,B,C,D",,,,
Category_Correct,CAT-0170,hauterivian,,,,,Geological Time Interval,GeoCore,"A,B,C,D",,,,
Category_Correct,CAT-0079,carbonate factory,,,,,Geological Process,GeoCore,"C,D",,,,
Category_Correct,CAT-0035,hanging wall,,,,,Geological Object,GeoCore,"A,B,C,D",,,,
Category_Correct,CAT-0246,kwanza basin,,,,,Depositional System,GeoReservoir,"A,B,C",,,,
Category_Correct,CAT-0250,crystal shrub,,,,,Sedimentary Facies,GeoReservoir,"A,D",,,,
Category_Correct,CAT-0233,reflector termination,,,,,Sedimentary Structure,GeoReservoir,D,,,,
Category_Correct,CAT-0211,lithology,,,,,Facies,GeoReservoir,C,,,,
Category_Correct,CAT-0153,facies variation,,,,,Facies Association,GeoReservoir,"A,B,C",,,,
Category_Correct,CAT-0064,late cretaceous,,,,,Geological Time Interval,GeoCore,"A,B,C,D",,,,
Category_Correct,CAT-0190,barra velha formation,,,,,Depositional Unit,GeoReservoir,"A,B,C,D",,,,
Category_Correct,CAT-0001,rudstone,,,,,Sedimentary Rock,GeoReservoir,"A,B,C,D",,,,
Category_Correct,CAT-0160,cretaceous,,,,,Geological Time Interval,GeoCore,"A,B,C,D",,,,
Category_Correct,CAT-0227,normal fault,,,,,Geological Structure,GeoCore,"A,B,C,D",,,,
Category_Correct,CAT-0017,mound,,,,,Mound Unit,GeoReservoir,"A,B,C,D",,,,
Category_Correct,CAT-0027,stromatolite,,,,,Sedimentary Structure,GeoReservoir,"B,C",,,,
Category_Correct,CAT-0156,recrystallization,,,,,Geological Process,GeoCore,"A,B,C,D",,,,
Category_Correct,CAT-0073,seismic facies,,,,,Sedimentary Facies,GeoReservoir,D,,,,
Category_Correct,CAT-0056,structural low,,,,,site,BFO,"B,C,D",,,,
Category_Correct,CAT-0110,pre-salt section,,,,,Geological Object,GeoCore,A,,,,
Category_Correct,CAT-0052,structural high,,,,,Geological Structure,GeoCore,"A,B,C,D",,,,
Category_Correct,CAT-0088,siliciclastic,,,,,Sedimentary Facies,GeoReservoir,B,,,,
Category_Correct,CAT-0158,aptian,,,,,Geological Time Interval,GeoCore,"A,B,C,D",,,,
Category_Correct,CAT-0207,stevensite,,,,,Earth Material,GeoCore,"A,B,C,D",,,,
Category_Correct,CAT-0127,fracture,,,,,Geological Structure,GeoCore,"A,B,C,D",,,,
Category_Correct,CAT-0049,hyper-alkaline lake,,,,,Geological Object,GeoCore,D,,,,
Category_Correct,CAT-0141,gneiss,,,,,Rock,GeoCore,"A,B,C,D",,,,
Category_Correct,CAT-0118,hydrothermal fluid,,,,,Earth Fluid,GeoCore,"A,B,C,D",,,,
Category_Correct,CAT-0270,sediment,,,,,Sediment,GeoReservoir,"A,B,C,D",,,,
Category_Correct,CAT-0002,fault zone,,,,,Geological Structure,GeoCore,"A,C,D",,,,
Category_Correct,CAT-0114,graben,,,,,Geological Object,GeoCore,"A,C,D",,,,
Category_Correct,CAT-0240,lower cretaceous,,,,,Geological Time Interval,GeoCore,"A,B,C,D",,,,
Category_Correct,CAT-0154,facies variation,,,,,Geological Structure,GeoCore,D,,,,
Category_Correct,CAT-0147,south atlantic,,,,,fiat object part,BFO,"C,D",,,,
Category_Correct,CAT-0082,hydrothermal vent,,,,,site,BFO,"B,C,D",,,,
Category_Correct,CAT-0174,lacustrine setting,,,,,Depositional System,GeoReservoir,"A,C",,,,
Category_Correct,CAT-0253,facies,,,,,Facies,GeoReservoir,"B,C",,,,
Category_Correct,CAT-0077,piçarras formation,,,,,Depositional Unit,GeoReservoir,"B,D",,,,
Category_Correct,CAT-0003,fault zone,,,,,Geological Object,GeoCore,B,,,,
Category_Correct,CAT-0245,itapema formation,,,,,Depositional Unit,GeoReservoir,"A,B,C,D",,,,
Category_Correct,CAT-0269,shale,,,,,Sedimentary Rock,GeoReservoir,"A,B,C,D",,,,
Category_Correct,CAT-0096,lacustrine environment,,,,,Depositional System,GeoReservoir,A,,,,
Category_Correct,CAT-0235,espírito santo basin,,,,,Geological Object,GeoCore,C,,,,
Category_Correct,CAT-0231,reflector termination,,,,,Geological Contact,GeoCore,"A,B",,,,
Category_Correct,CAT-0128,tholeiitic basalt,,,,,Rock,GeoCore,"A,B,C,D",,,,
Category_Correct,CAT-0034,early cretaceous,,,,,Geological Time Interval,GeoCore,"A,B,C,D",,,,
Category_Correct,CAT-0159,wackestone,,,,,Sedimentary Rock,GeoReservoir,"A,B,C,D",,,,
Category_Correct,CAT-0214,horst,,,,,Geological Object,GeoCore,"A,B,C,D",,,,
Category_Correct,CAT-0045,flood basalt,,,,,Geological Object,GeoCore,D,,,,
Category_Correct,CAT-0285,marine system,,,,,Depositional System,GeoReservoir,"A,B,C,D",,,,
Category_Correct,CAT-0019,late aptian,,,,,Geological Time Interval,GeoCore,"A,B,C,D",,,,
Category_Correct,CAT-0069,salt deposit,,,,,Sedimentary Rock,GeoReservoir,B,,,,
Category_Correct,CAT-0012,evaporitic lake,,,,,Depositional System,GeoReservoir,A,,,,
Category_Correct,CAT-0108,microbial microstructure,,,,,Sedimentary Facies,GeoReservoir,"A,B",,,,
Category_Correct,CAT-0029,progradation,,,,,Geological Process,GeoCore,"A,B,C,D",,,,
Category_Correct,CAT-0004,peloid,,,,,Sediment,GeoReservoir,A,,,,
Category_Correct,CAT-0131,lula field,,,,,site,BFO,C,,,,
Category_Correct,CAT-0145,trap,,,,,Geological Structure,GeoCore,"A,B,C,D",,,,
Category_Correct,CAT-0187,rift section,,,,,Depositional System,GeoReservoir,"A,B",,,,
Category_Correct,CAT-0252,facies,,,,,Sedimentary Facies,GeoReservoir,"A,D",,,,
Category_Correct,CAT-0130,lula field,,,,,Depositional System,GeoReservoir,"A,B",,,,
Category_Correct,CAT-0276,ostracod,,,,,Geological Object,GeoCore,"B,C,D",,,,
Category_Correct,CAT-0044,flood basalt,,,,,Rock,GeoCore,"A,B,C",,,,
Category_Correct,CAT-0072,seismic facies,,,,,Facies,GeoReservoir,"A,B,C",,,,
Category_Correct,CAT-0098,facies association,,,,,Facies Association,GeoReservoir,"A,B,C,D",,,,
Category_Correct,CAT-0046,hyper-alkaline lake,,,,,Depositional System,GeoReservoir,A,,,,
Category_Correct,CAT-0036,hydrothermal vent complex,,,,,Geological Object,GeoCore,A,,,,
Category_Correct,CAT-0005,peloid,,,,,Sedimentary Geological Object,GeoReservoir,"B,D",,,,
Category_Correct,CAT-0171,rift phase,,,,,Geological Process,GeoCore,"A,B",,,,
Category_Correct,CAT-0119,lacustrine carbonate,,,,,Sedimentary Rock,GeoReservoir,"A,B,D",,,,
Category_Correct,CAT-0042,pre-salt,,,,,Depositional System,GeoReservoir,"A,B,C,D",,,,
Category_Correct,CAT-0103,basement high,,,,,Geological Object,GeoCore,"A,B,C,D",,,,
Category_Correct,CAT-0057,mudstone,,,,,Sedimentary Rock,GeoReservoir,"A,B,C,D",,,,
Category_Correct,CAT-0186,aquifer,,,,,Geological Object,GeoCore,"A,B,C,D",,,,
Category_Correct,CAT-0281,sag phase,,,,,Geological Process,GeoCore,"A,B",,,,
Category_Correct,CAT-0287,pre-salt play,,,,,generically dependent continuant,BFO,"B,C",,,,
Category_Correct,CAT-0010,silicification,,,,,Geological Process,GeoCore,"A,B,C,D",,,,
Category_Correct,CAT-0237,santos basin,,,,,Depositional System,GeoReservoir,"A,B",,,,
Category_Correct,CAT-0148,rift,,,,,Geological Process,GeoCore,"A,D",,,,
Category_Correct,CAT-0234,espírito santo basin,,,,,Depositional System,GeoReservoir,"A,B",,,,
Category_Correct,CAT-0219,albian,,,,,Geological Age,GeoCore,"A,B,C",,,,
Category_Correct,CAT-0274,reservoir facies,,,,,Sedimentary Facies,GeoReservoir,"A,B,C,D",,,,
Category_Correct,CAT-0266,shrub,,,,,Sedimentary Geological Object,GeoReservoir,B,,,,
Category_Correct,CAT-0117,halite,,,,,Earth Material,GeoCore,"B,C",,,,
Category_Correct,CAT-0232,reflector termination,,,,,Geological Boundary,GeoCore,C,,,,
Category_Correct,CAT-0247,kwanza basin,,,,,Geological Object,GeoCore,D,,,,
Category_Correct,CAT-0180,anhydrite,,,,,Earth Material,GeoCore,"A,B,D",,,,
Category_Correct,CAT-0259,oceanic crust,,,,,Earth Material,GeoCore,"A,D",,,,
Category_Correct,CAT-0067,deformation,,,,,Geological Process,GeoCore,"A,B,C,D",,,,
Category_Correct,CAT-0224,magmatic event,,,,,Geological Process,GeoCore,"A,B,C,D",,,,
Category_Correct,CAT-0206,thermal subsidence,,,,,Geological Process,GeoCore,"A,B,C,D",,,,
Category_Correct,CAT-0024,porosity,,,,,quality,BFO,"A,B,C,D",,,,
Category_Correct,CAT-0152,post-rift sequence,,,,,Depositional Unit,GeoReservoir,D,,,,
Category_Correct,CAT-0217,precambrian basement,,,,,Geological Object,GeoCore,"A,B,C,D",,,,
Category_Correct,CAT-0210,lithology,,,,,Sedimentary Facies,GeoReservoir,"A,B,D",,,,
Category_Correct,CAT-0261,oceanic crust,,,,,Rock,GeoCore,C,,,,
Category_Correct,CAT-0102,precambrian,,,,,Geological Time Interval,GeoCore,"A,B,C,D",,,,
Category_Correct,CAT-0015,evaporitic lake,,,,,Geological Object,GeoCore,D,,,,
Category_Correct,CAT-0107,reservoir quality,,,,,quality,BFO,"A,B,C,D",,,,
Category_Correct,CAT-0209,spherulite,,,,,Sedimentary Geological Object,GeoReservoir,D,,,,
Category_Correct,CAT-0078,carbonate factory,,,,,Depositional System,GeoReservoir,"A,B",,,,
Category_Correct,CAT-0039,hydrothermal vent complex,,,,,Geological Structure,GeoCore,D,,,,
Category_Correct,CAT-0070,salt deposit,,,,,Sedimentary Geological Object,GeoReservoir,C,,,,
Category_Correct,CAT-0264,petroleum system,,,,,Depositional System,GeoReservoir,B,,,,
Category_Correct,CAT-0011,laminite,,,,,Sedimentary Rock,GeoReservoir,"A,B,C,D",,,,
Category_Correct,CAT-0189,tectonics,,,,,Geological Process,GeoCore,"A,B,C,D",,,,
Category_Correct,CAT-0284,carbonate mound,,,,,Mound Unit,GeoReservoir,"A,B,C,D",,,,
Category_Correct,CAT-0163,tectonic activity,,,,,Geological Process,GeoCore,"A,B,C,D",,,,
Category_Correct,CAT-0244,barremian,,,,,Geological Time Interval,GeoCore,"A,B,C,D",,,,
Category_Correct,CAT-0172,rift phase,,,,,Geological Time Interval,GeoCore,"C,D",,,,
Category_Correct,CAT-0271,depocenter,,,,,site,BFO,"A,B,C,D",,,,
Category_Correct,CAT-0249,deposition,,,,,Geological Process,GeoCore,"A,B,C,D",,,,
Category_Correct,CAT-0009,lagoa feia group,,,,,Depositional System,GeoReservoir,"A,B,C,D",,,,
Category_Correct,CAT-0065,half-graben,,,,,Geological Structure,GeoCore,"A,B",,,,
Category_Correct,CAT-0054,coquina,,,,,Sedimentary Rock,GeoReservoir,"A,B,C,D",,,,
Category_Correct,CAT-0089,rift basin,,,,,Depositional System,GeoReservoir,A,,,,
Category_Correct,CAT-0066,half-graben,,,,,Geological Object,GeoCore,"C,D",,,,
Category_Correct,CAT-0016,organic matter,,,,,Earth Material,GeoCore,"A,B,C,D",,,,
Category_Correct,CAT-0053,erosion,,,,,Geological Process,GeoCore,"A,B,C,D",,,,
Category_Correct,CAT-0028,silica,,,,,Earth Material,GeoCore,"A,B,C,D",,,,
Category_Correct,CAT-0113,alkaline lacustrine environment,,,,,Geological Process,GeoCore,B,,,,
Category_Correct,CAT-0031,onlap,,,,,Sedimentary Structure,GeoReservoir,"A,B",,,,
Category_Correct,CAT-0230,deep lake,,,,,site,BFO,"C,D",,,,
Category_Correct,CAT-0063,cyclothem,,,,,Sedimentary Structure,GeoReservoir,D,,,,
Category_Correct,CAT-0256,microbial macrostructure,,,,,Sedimentary Structure,GeoReservoir,"A,B,C",,,,
Category_Correct,CAT-0257,microbial macrostructure,,,,,Geological Structure,GeoCore,D,,,,
Category_Correct,CAT-0279,geological record,,,,,generically dependent continuant,BFO,"A,B,D",,,,
Category_Correct,CAT-0006,peloid,,,,,Geological Object,GeoCore,C,,,,
Category_Correct,CAT-0091,rift basin,,,,,Geological Object,GeoCore,"C,D",,,,
Category_Correct,CAT-0032,onlap,,,,,Geological Contact,GeoCore,"C,D",,,,
Category_Correct,CAT-0263,petroleum system,,,,,object aggregate,BFO,"A,C,D",,,,
Category_Correct,CAT-0040,south atlantic ocean,,,,,site,BFO,"A,B,C",,,,
Category_Correct,CAT-0216,carbonate platform,,,,,Depositional System,GeoReservoir,"B,C,D",,,,
Category_Correct,CAT-0248,deep water,,,,,site,BFO,"A,B,C,D",,,,
Category_Correct,CAT-0081,hydrothermal vent,,,,,Geological Structure,GeoCore,A,,,,
Category_Correct,CAT-0255,lake tanganyika,,,,,object,BFO,C,,,,
Category_Correct,CAT-0192,texture,,,,,quality,BFO,B,,,,
Category_Correct,CAT-0175,lacustrine setting,,,,,site,BFO,"B,D",,,,
Category_Correct,CAT-0197,gondwana,,,,,Geological Object,GeoCore,"A,B,C,D",,,,
Category_Correct,CAT-0205,weathering,,,,,Geological Process,GeoCore,"A,B,C,D",,,,
Category_Correct,CAT-0191,texture,,,,,Geological Structure,GeoCore,A,,,,
Category_Correct,CAT-0239,dissolution,,,,,Geological Process,GeoCore,"A,B,C,D",,,,
Category_Correct,CAT-0275,ostracod,,,,,object,BFO,A,,,,
Category_Correct,CAT-0100,water depth,,,,,Dimension,GeoReservoir,"A,B",,,,
Category_Correct,CAT-0087,siliciclastic,,,,,quality,BFO,"A,C,D",,,,
Category_Correct,CAT-0112,alkaline lacustrine environment,,,,,site,BFO,"A,C,D",,,,
Category_Correct,CAT-0116,halite,,,,,Sedimentary Rock,GeoReservoir,"A,D",,,,
Category_Correct,CAT-0013,evaporitic lake,,,,,site,BFO,B,,,,
Category_Correct,CAT-0283,moldic porosity,,,,,quality,BFO,"A,B,C,D",,,,
Category_Correct,CAT-0025,evaporite,,,,,Sedimentary Rock,GeoReservoir,"A,B,C,D",,,,
Category_Correct,CAT-0251,crystal shrub,,,,,Geological Structure,GeoCore,"B,C",,,,
Category_Correct,CAT-0194,fan delta,,,,,Depositional Unit,GeoReservoir,"A,D",,,,
Category_Correct,CAT-0020,dolomite,,,,,Earth Material,GeoCore,"A,D",,,,
Category_Correct,CAT-0037,hydrothermal vent complex,,,,,Depositional System,GeoReservoir,B,,,,
Category_Correct,CAT-0243,marl,,,,,Sediment,GeoReservoir,D,,,,
Category_Correct,CAT-0288,wave base,,,,,fiat surface,BFO,"A,B,C,D",,,,
Category_Correct,CAT-0182,gas,,,,,Earth Fluid,GeoCore,"A,B,C,D",,,,
Category_Correct,CAT-0023,depositional setting,,,,,Geological Process,GeoCore,C,,,,
Category_Correct,CAT-0178,economic basement,,,,,Geological Object,GeoCore,"A,D",,,,
Category_Correct,CAT-0105,campos basin,,,,,Geological Object,GeoCore,"C,D",,,,
Category_Correct,CAT-0101,water depth,,,,,Thickness,GeoReservoir,"C,D",,,,
Category_Correct,CAT-0208,spherulite,,,,,Geological Object,GeoCore,"A,B,C",,,,
Category_Correct,CAT-0226,microbialite,,,,,Sedimentary Rock,GeoReservoir,"A,B,C,D",,,,
Category_Correct,CAT-0177,basalt,,,,,Rock,GeoCore,"A,B,C,D",,,,
Category_Correct,CAT-0150,rift,,,,,Geological Structure,GeoCore,C,,,,
Category_Correct,CAT-0179,economic basement,,,,,Geological Boundary,GeoCore,"B,C",,,,
Category_Correct,CAT-0061,cyclothem,,,,,Depositional System,GeoReservoir,"A,C",,,,
Category_Correct,CAT-0286,pre-salt play,,,,,NOT_CLASSIFIED,BFO,"A,D",,,,
Category_Correct,CAT-0139,depositional model,,,,,generically dependent continuant,BFO,"A,B,C,D",,,,
Category_Correct,CAT-0277,salt basin,,,,,Depositional System,GeoReservoir,"A,C,D",,,,
Category_Correct,CAT-0199,oil,,,,,Earth Fluid,GeoCore,"A,B,C,D",,,,
Category_Correct,CAT-0201,ooid,,,,,Geological Object,GeoCore,"A,B,C,D",,,,
Category_Correct,CAT-0221,carbonate,,,,,Sedimentary Rock,GeoReservoir,"A,B,D",,,,
Category_Correct,CAT-0095,erosional truncation,,,,,Geological Process,GeoCore,C,,,,
Category_Correct,CAT-0162,basin,,,,,site,BFO,"B,C",,,,
Category_Correct,CAT-0213,reservoir,,,,,Geological Object,GeoCore,C,,,,
Category_Correct,CAT-0200,source rock,,,,,Sedimentary Rock,GeoReservoir,"A,B,C,D",,,,
Category_Correct,CAT-0155,magmatism,,,,,Geological Process,GeoCore,"A,B,C,D",,,,
Category_Correct,CAT-0068,salt deposit,,,,,Depositional Unit,GeoReservoir,"A,D",,,,
Category_Correct,CAT-0086,platform,,,,,Depositional Unit,GeoReservoir,"A,B,C,D",,,,
Category_Correct,CAT-0142,lake,,,,,Depositional System,GeoReservoir,A,,,,
Category_Correct,CAT-0048,hyper-alkaline lake,,,,,Earth Fluid,GeoCore,C,,,,
Category_Correct,CAT-0085,alkalinity,,,,,quality,BFO,"A,B,C,D",,,,
Category_Correct,CAT-0272,unconformity,,,,,Geological Boundary,GeoCore,"A,B,C,D",,,,
Category_Correct,CAT-0229,deep lake,,,,,Depositional System,GeoReservoir,"A,B",,,,
Category_Correct,CAT-0071,carbonate reservoir,,,,,Sedimentary Geological Object,GeoReservoir,"A,B,C,D",,,,
Category_Correct,CAT-0134,seal,,,,,Sedimentary Geological Object,GeoReservoir,"A,B",,,,
Category_Correct,CAT-0254,lake tanganyika,,,,,site,BFO,"A,B,D",,,,
Category_Correct,CAT-0123,florianópolis high,,,,,Geological Structure,GeoCore,"A,C",,,,
Category_Correct,CAT-0198,syn-depositional faulting,,,,,Geological Process,GeoCore,"A,B,C,D",,,,
Category_Correct,CAT-0241,salt deposition,,,,,Geological Process,GeoCore,"A,B,C,D",,,,
Category_Correct,CAT-0014,evaporitic lake,,,,,Earth Fluid,GeoCore,C,,,,
Category_Correct,CAT-0215,carbonate platform,,,,,Depositional Unit,GeoReservoir,A,,,,
Category_Correct,CAT-0093,erosional truncation,,,,,Geological Boundary,GeoCore,"A,D",,,,
Category_Correct,CAT-0149,rift,,,,,Geological Object,GeoCore,B,,,,
Category_Correct,CAT-0075,ariri formation,,,,,Sedimentary Geological Object,GeoReservoir,D,,,,
Category_Correct,CAT-0094,erosional truncation,,,,,Geological Structure,GeoCore,B,,,,
Category_Correct,CAT-0140,fault,,,,,Geological Structure,GeoCore,"A,B,C,D",,,,
Category_Correct,CAT-0026,stromatolite,,,,,Sedimentary Geological Object,GeoReservoir,"A,D",,,,
Category_Correct,CAT-0267,shrub,,,,,object,BFO,C,,,,
Category_Correct,CAT-0168,shallow lake,,,,,Depositional System,GeoReservoir,A,,,,
Category_Correct,CAT-0193,texture,,,,,Facies,GeoReservoir,"C,D",,,,
Category_Correct,CAT-0126,macabu formation,,,,,Geological Object,GeoCore,B,,,,
Category_Correct,CAT-0236,espírito santo basin,,,,,site,BFO,D,,,,
Category_Correct,CAT-0222,carbonate,,,,,Earth Material,GeoCore,C,,,,
Category_Correct,CAT-0135,seal,,,,,Sedimentary Rock,GeoReservoir,C,,,,
Category_Correct,CAT-0143,lake,,,,,site,BFO,"B,D",,,,
Category_Correct,CAT-0196,subsidence,,,,,Geological Process,GeoCore,"A,B,C,D",,,,
Category_Correct,CAT-0183,post-rift phase,,,,,Geological Time Interval,GeoCore,"A,C,D",,,,
Category_Correct,CAT-0030,intra-alagoas unconformity,,,,,Geological Boundary,GeoCore,"A,B,C,D",,,,
Category_Correct,CAT-0228,hydrocarbon,,,,,Earth Fluid,GeoCore,"A,B,C,D",,,,
Category_Correct,CAT-0161,basin,,,,,Geological Object,GeoCore,"A,D",,,,
Category_Correct,CAT-0008,post-depositional faulting,,,,,Geological Process,GeoCore,"A,B,C,D",,,,
Category_Correct,CAT-0181,anhydrite,,,,,Sedimentary Rock,GeoReservoir,C,,,,
Taxonomy_Correct,TAX-0001,Ocean Basin,,,,,,,,site,site,rdfs:subClassOf,True
Taxonomy_Correct,TAX-0002,Sedimentary Particle,,,,,,,,Sediment,Geological Object,rdfs:subClassOf,True
Taxonomy_Correct,TAX-0003,microbial macrostructure,,,,,,,,Sedimentary Structure,Sedimentary Structure,rdfs:subClassOf,False
Taxonomy_Correct,TAX-0004,clay,,,,,,,,Sediment,Sediment,rdfs:subClassOf,False
Taxonomy_Correct,TAX-0005,carbonate mound,,,,,,,,Carbonate Buildup,Mound Unit,rdfs:subClassOf,False
Taxonomy_Correct,TAX-0006,Rock,,,,,,,,Earth Material,Geological Object,rdfs:subClassOf,True
Taxonomy_Correct,TAX-0007,facies association,,,,,,,,Stratigraphic Unit,Facies Association,rdfs:subClassOf,False
Taxonomy_Correct,TAX-0008,gneiss,,,,,,,,Rock,Rock,rdfs:subClassOf,False
Taxonomy_Correct,TAX-0009,Stratigraphic Unit,,,,,,,,Geological Object,Geological Object,rdfs:subClassOf,True
Taxonomy_Correct,TAX-0010,unconformity,,,,,,,,Geological Contact,Geological Boundary,rdfs:subClassOf,False
Taxonomy_Correct,TAX-0011,Formation,,,,,,,,Stratigraphic Unit,Depositional Unit,rdfs:subClassOf,True
Taxonomy_Correct,TAX-0012,Geological Object,,,,,,,,object aggregate,object aggregate,rdfs:subClassOf,True
Taxonomy_Correct,TAX-0013,Formation,,,,,,,,Stratigraphic Unit,Depositional System,rdfs:subClassOf,True
Taxonomy_Correct,TAX-0014,wave base,,,,,,,,fiat surface,fiat surface,rdfs:subClassOf,False
Taxonomy_Correct,TAX-0015,magmatism,,,,,,,,Geological Process,Geological Process,rdfs:subClassOf,False
Taxonomy_Correct,TAX-0016,aptian,,,,,,,,Geological Age,Geological Time Interval,rdf:type,False
Taxonomy_Correct,TAX-0017,depositional model,,,,,,,,generically dependent continuant,generically dependent continuant,rdfs:subClassOf,False
Taxonomy_Correct,TAX-0018,Geological Time Interval,,,,,,,,Geological Age,Geological Age,rdfs:subClassOf,True
Taxonomy_Correct,TAX-0019,Lake,,,,,,,,site,site,rdfs:subClassOf,True
Taxonomy_Correct,TAX-0020,texture,,,,,,,,Geological Structure,Geological Structure,rdfs:subClassOf,False
Taxonomy_Correct,TAX-0021,tectonics,,,,,,,,Geological Process,Geological Process,rdfs:subClassOf,False
Taxonomy_Correct,TAX-0022,silica cement,,,,,,,,Earth Material,Earth Material,rdfs:subClassOf,False
Taxonomy_Correct,TAX-0023,basement high,,,,,,,,Geological Structure,Geological Object,rdfs:subClassOf,False
Taxonomy_Correct,TAX-0024,Geochronological Epoch,,,,,,,,Geological Time Interval,Geological Time Interval,rdfs:subClassOf,True
Taxonomy_Correct,TAX-0025,Stratigraphic Unit,,,,,,,,Depositional Unit,Depositional Unit,rdfs:subClassOf,True
Taxonomy_Correct,TAX-0026,lithology,,,,,,,,Sedimentary Facies,Sedimentary Facies,rdfs:subClassOf,False
Taxonomy_Correct,TAX-0027,Sedimentary Basin,,,,,,,,Depositional System,Depositional System,rdfs:subClassOf,True
Taxonomy_Correct,TAX-0028,south atlantic ocean,,,,,,,,Ocean Basin,site,rdf:type,False
Taxonomy_Correct,TAX-0029,oil,,,,,,,,hydrocarbon,Earth Fluid,rdfs:subClassOf,False
Taxonomy_Correct,TAX-0030,Geological Structure,,,,,,,,Geological Object,Geological Object,rdfs:subClassOf,True
Taxonomy_Correct,TAX-0031,lacustrine environment,,,,,,,,Lacustrine Depositional System,Depositional System,rdfs:subClassOf,False
Taxonomy_Correct,TAX-0032,facies variation,,,,,,,,facies association,Facies Association,rdfs:subClassOf,False
Taxonomy_Correct,TAX-0033,permeability,,,,,,,,Property,quality,rdfs:subClassOf,False
Taxonomy_Correct,TAX-0034,albian,,,,,,,,Geological Time Interval,Geological Age,rdf:type,False
Taxonomy_Correct,TAX-0035,seal,,,,,,,,Rock,Sedimentary Geological Object,rdfs:subClassOf,False
Taxonomy_Correct,TAX-0036,pre-salt section,,,,,,,,Stratigraphic Unit,Geological Object,rdfs:subClassOf,False
Taxonomy_Correct,TAX-0037,Geological Contact,,,,,,,,Geological Boundary,Geological Boundary,rdfs:subClassOf,True
Taxonomy_Correct,TAX-0038,reflector termination,,,,,,,,Geological Contact,Geological Contact,rdfs:subClassOf,False
Taxonomy_Correct,TAX-0039,onlap,,,,,,,,Sedimentary Structure,Sedimentary Structure,rdfs:subClassOf,False
Taxonomy_Correct,TAX-0040,porosity,,,,,,,,Property,quality,rdfs:subClassOf,False
Taxonomy_Correct,TAX-0041,Geological Age,,,,,,,,Geological Time Interval,Geological Time Interval,rdfs:subClassOf,True
Taxonomy_Correct,TAX-0042,late aptian,,,,,,,,Geochronological Epoch,Geological Time Interval,rdf:type,False
Taxonomy_Correct,TAX-0043,Rock,,,,,,,,Sedimentary Geological Object,Sedimentary Geological Object,rdfs:subClassOf,True
Taxonomy_Correct,TAX-0044,calcite,,,,,,,,Carbonate Mineral,Earth Material,rdfs:subClassOf,False
Taxonomy_Correct,TAX-0045,geological record,,,,,,,,generically dependent continuant,generically dependent continuant,rdfs:subClassOf,False
Taxonomy_Correct,TAX-0046,pyramid lake,,,,,,,,Lake,site,rdf:type,False
Taxonomy_Correct,TAX-0047,Structural Feature,,,,,,,,Geological Structure,Geological Structure,rdfs:subClassOf,True
Taxonomy_Correct,TAX-0048,Structural Block,,,,,,,,Geological Structure,Geological Object,rdfs:subClassOf,True
Taxonomy_Correct,TAX-0049,evaporite,,,,,,,,Sedimentary Rock,Sedimentary Rock,rdfs:subClassOf,False
Taxonomy_Correct,TAX-0050,seismic facies,,,,,,,,Facies,Facies,rdfs:subClassOf,False
Taxonomy_Correct,TAX-0051,Lacustrine Depositional System,,,,,,,,Depositional System,Depositional System,rdfs:subClassOf,True
Taxonomy_Correct,TAX-0052,water depth,,,,,,,,Dimension,Dimension,rdfs:subClassOf,False
Taxonomy_Correct,TAX-0053,object aggregate,,,,,,,,Geological Object,Geological Object,rdfs:subClassOf,True
Taxonomy_Correct,TAX-0054,Sedimentary Environment,,,,,,,,site,site,rdfs:subClassOf,True
Taxonomy_Correct,TAX-0055,Earth Material,,,,,,,,Geological Object,Geological Object,rdfs:subClassOf,True
Taxonomy_Correct,TAX-0056,facies,,,,,,,,Sedimentary Facies,Sedimentary Facies,rdfs:subClassOf,False
Taxonomy_Correct,TAX-0057,peloid,,,,,,,,Sedimentary Grain,Sediment,rdfs:subClassOf,False
Taxonomy_Correct,TAX-0058,Carbonate Mineral,,,,,,,,Mineral,Earth Material,rdfs:subClassOf,True
Taxonomy_Correct,TAX-0059,mudstone,,,,,,,,Fine-Grained Sedimentary Rock,Sedimentary Rock,rdfs:subClassOf,False
Taxonomy_Correct,TAX-0060,Sedimentary Grain,,,,,,,,Sediment,Sediment,rdfs:subClassOf,True
Taxonomy_Correct,TAX-0061,ariri formation,,,,,,,,Formation,Depositional Unit,rdf:type,False
Taxonomy_Correct,TAX-0062,clinoform,,,,,,,,Geological Contact,Geological Boundary,rdfs:subClassOf,False
Taxonomy_Correct,TAX-0063,Mineral,,,,,,,,Earth Material,Earth Material,rdfs:subClassOf,True
Taxonomy_Correct,TAX-0064,Formation,,,,,,,,Stratigraphic Unit,Geological Object,rdfs:subClassOf,True
Taxonomy_Correct,TAX-0065,ostracod,,,,,,,,Fossil,object,rdfs:subClassOf,False
Taxonomy_Correct,TAX-0066,hydrocarbon,,,,,,,,Earth Fluid,Earth Fluid,rdfs:subClassOf,False
Taxonomy_Correct,TAX-0067,Sediment,,,,,,,,Earth Material,Geological Object,rdfs:subClassOf,True
Taxonomy_Correct,TAX-0068,site,,,,,,,,Geological Object,Geological Object,rdfs:subClassOf,True
Taxonomy_Correct,TAX-0069,tholeiitic basalt,,,,,,,,basalt,Rock,rdfs:subClassOf,False
Taxonomy_Correct,TAX-0070,Carbonate Buildup,,,,,,,,Mound Unit,Mound Unit,rdfs:subClassOf,True
Taxonomy_Correct,TAX-0071,reservoir,,,,,,,,Rock,Sedimentary Geological Object,rdfs:subClassOf,False
Taxonomy_Correct,TAX-0072,mound,,,,,,,,Carbonate Buildup,Mound Unit,rdfs:subClassOf,False
Taxonomy_Correct,TAX-0073,rift basin,,,,,,,,Sedimentary Basin,Depositional System,rdfs:subClassOf,False
Taxonomy_Correct,TAX-0074,hydrothermal vent,,,,,,,,Geological Structure,Geological Structure,rdfs:subClassOf,False
Taxonomy_Correct,TAX-0075,Property,,,,,,,,quality,quality,rdfs:subClassOf,True
Taxonomy_Correct,TAX-0076,Igneous Rock,,,,,,,,Rock,Rock,rdfs:subClassOf,True
Taxonomy_Correct,TAX-0077,Fine-Grained Sedimentary Rock,,,,,,,,Sedimentary Rock,Sedimentary Rock,rdfs:subClassOf,True
Taxonomy_Correct,TAX-0078,Stratigraphic Unit,,,,,,,,Depositional System,Depositional System,rdfs:subClassOf,True
Taxonomy_Correct,TAX-0079,fan delta,,,,,,,,Depositional Unit,Depositional Unit,rdfs:subClassOf,False
Taxonomy_Correct,TAX-0080,petroleum system,,,,,,,,Geological Object,object aggregate,rdfs:subClassOf,False
