Term,Category,Reasoning,NLD,Context_Used,Condition
aptian,Geological Time Interval,"The NLD defines Aptian as a specific span of geological time, which directly aligns with the definition of a Geological Time Interval.","The Aptian is a geological age of the Early Cretaceous Epoch that chronologically follows the Barremian and precedes the Albian, spanning from approximately 125 to 113 million years ago. In the context of Brazilian petroleum geology, this age corresponds to the deposition of the main lacustrine carbonate reservoirs of the sag phase, such as those of the Barra Velha Formation in the Santos Basin.",False,B
santos basin,Depositional System,"A sedimentary basin is a large-scale geological feature composed of an aggregate of linked depositional units, fitting the definition of a Depositional System.","ERROR: 429 RESOURCE_EXHAUSTED. {'error': {'code': 429, 'message': 'Resource exhausted. Please try again later. Please refer to https://cloud.google.com/vertex-ai/generative-ai/docs/error-code-429 for more details.', 'status': 'RESOURCE_EXHAUSTED'}}",Error,B
campos basin,Depositional System,"The NLD defines Campos Basin as a major sedimentary basin containing a sequence of stratigraphic units, which is an aggregate of depositional units.","Campos Basin is a major sedimentary basin that is located predominantly offshore the coast of Rio de Janeiro state, Brazil, representing one of the country's most prolific petroleum provinces. It is a passive margin basin formed during the Early Cretaceous breakup of Gondwana, containing a complete tectono-stratigraphic sequence from rift to post-rift stages. Historically dominated by production from post-salt deepwater turbidite reservoirs, it also contains significant hydrocarbon accumulations within the underlying Pre-Salt lacustrine carbonate section.",False,B
evaporite,Sedimentary Rock,"The NLD explicitly defines an evaporite as a type of chemical sedimentary rock, directly matching the Sedimentary Rock category.","Evaporite is a chemical sedimentary rock that is formed by the precipitation of dissolved mineral salts, such as halite and anhydrite, from a concentrated aqueous solution due to evaporation. In the Brazilian Pre-Salt petroleum system, thick Aptian-age evaporite sequences act as the regional seal, trapping hydrocarbons within the underlying carbonate reservoirs.",False,B
fault,Geological Structure,"A fault is a feature describing the arrangement and displacement of rock volumes, and it is explicitly listed as an example of a Geological Structure.","A fault is a brittle fracture or zone of fractures in a rock volume that exhibits measurable displacement of the adjacent blocks. These structures are fundamental in petroleum systems, acting as traps, migration pathways, or seals, and in the Brazilian Pre-Salt, rift-related normal faults control the primary architecture of the hydrocarbon-bearing basins.",False,B
albian,Geological Age,"The NLD explicitly defines the term as a geological age, which is a quality related to a specific time interval in Earth's history.","Albian is a geological age that constitutes the final stage of the Early Cretaceous epoch, spanning the time interval from approximately 113 to 100.5 million years ago. In the context of the South Atlantic margins, the Albian marks the major marine transgression over the Aptian salt, establishing open marine conditions and initiating the deposition of significant post-salt carbonate sequences.",False,B
barra velha formation,Depositional Unit,"The term refers to a geological formation, which is a mappable sedimentary body, fitting the definition of a Depositional Unit.","The Barra Velha Formation is a geological formation of the Brazilian pre-salt succession that was deposited during the Aptian stage in a lacustrine setting within the Santos and Campos basins. It is characterized by highly heterogeneous and productive carbonate reservoirs, primarily composed of coquinas, spherulites, and shrub-like facies. Stratigraphically, it represents the upper part of the pre-salt rift sequence, conformably overlying the Piçarras Formation and unconformably overlain by the Ariri Formation evaporites.",False,B
carbonate,Sedimentary Rock,The NLD explicitly defines the term as a class of sedimentary rock composed of carbonate minerals.,"Carbonate is a class of sedimentary rock that is composed primarily of carbonate minerals, such as calcite, aragonite, or dolomite. These rocks form through biological, chemical, or detrital processes in diverse depositional environments, ranging from marine to lacustrine. In the Brazilian Pre-Salt, lacustrine carbonates, including microbialites and coquinas, form the principal hydrocarbon reservoirs.",False,B
structural high,Geological Structure,"The term describes a feature like an anticline or horst, which is an arrangement of rock strata, fitting the definition of a Geological Structure.","A structural high is a geological feature that is characterized by rock strata positioned at a higher elevation relative to the surrounding area due to tectonic deformation. These features, which include anticlines and horsts, form classic traps for hydrocarbons when overlain by an effective sealing rock. In the Brazilian Pre-Salt, large-scale horst blocks formed during the South Atlantic rifting constitute the primary structural highs where major carbonate reservoirs have accumulated.",False,B
unconformity,Geological Boundary,"The NLD defines an unconformity as a stratigraphic surface that separates rock bodies, which corresponds to the definition of a Geological Boundary.","An unconformity is a stratigraphic surface that represents a significant hiatus in the geologic record, separating younger strata from older rocks. It is produced by erosion or a period of non-deposition, followed by the resumption of sedimentation. In petroleum systems, unconformities are critical elements that can form seals or create stratigraphic traps for hydrocarbon accumulation.",False,B
cretaceous,Geological Time Interval,"The NLD defines Cretaceous as a specific geological period, which is a span of time from 145 to 66 million years ago.","Cretaceous is a geological period of the Mesozoic Era that spans from approximately 145 to 66 million years ago, following the Jurassic and preceding the Paleogene. This period is characterized by the rifting of Gondwana that formed the South Atlantic Ocean and the associated deposition of the economically significant pre-salt lacustrine carbonate successions in basins such as the Santos and Campos.",False,B
erosion,Geological Process,The NLD explicitly defines erosion as a geological process that wears away and transports rock and sediment.,"Erosion is a geological surface process that involves the wearing away and transport of rock, soil, and sediment by natural agents such as water, wind, ice, or gravity. This process is responsible for creating unconformities, which are significant surfaces in sequence stratigraphy that can form stratigraphic traps or act as barriers or conduits for fluid flow.",False,B
pre-salt,Depositional System,"The NLD describes the pre-salt as a large-scale tectono-stratigraphic sequence, which is best represented as a system of linked depositional units.","Pre-salt is a tectono-stratigraphic sequence that was deposited during the syn-rift and sag phases of a continental rift basin, stratigraphically underlying a thick and extensive evaporite layer. In the context of the Brazilian continental margin, this sequence corresponds to the Early Cretaceous lacustrine section deposited prior to the massive Aptian salt layer associated with the opening of the South Atlantic Ocean. It hosts world-class petroleum accumulations in unique carbonate reservoirs, primarily composed of microbialites and coquinas.",False,B
fracture,Geological Structure,"A fracture is a discontinuity that alters the internal arrangement and configuration of a rock body, fitting the definition of a Geological Structure.","A fracture is any planar or sub-planar discontinuity in a rock that forms due to stress causing a loss of cohesion across its surface. These features, which include joints and faults, can be open or mineralized and are critical in tight carbonate reservoirs like the Brazilian Pre-Salt, where they create secondary porosity and permeability networks that control fluid flow.",False,B
spherulite,Geological Object,"The NLD defines a spherulite as a discrete carbonate particle or grain, which is a type of small-scale, rigid entity with its own identity, fitting the definition of a Geological Object.","Spherulite is a non-skeletal carbonate particle that is characterized by a spherical to subspherical shape and an internal radial fabric of acicular crystals, typically calcite or aragonite. Within Brazilian Pre-Salt reservoirs, these grains are a primary constituent of high-porosity grainstones, where their formation is attributed to rapid abiotic precipitation in highly alkaline, carbonate-saturated lacustrine environments.",False,B
ariri formation,Depositional Unit,"The term refers to a stratigraphic unit, which is a mappable body of sedimentary rock, fitting the definition of a Depositional Unit.","The Ariri Formation is a Late Cretaceous stratigraphic unit of the Santos Basin's post-salt succession that is primarily composed of organic-rich shales, marls, and calcilutites. Deposited under anoxic marine conditions during a major regional transgression, this unit represents the primary source rock for the post-salt petroleum system and is positioned stratigraphically between the underlying Itajaí-Açu Formation and the overlying Santos Formation.",False,B
barremian,Geological Time Interval,The term is explicitly defined as a geologic age spanning a specific time interval within the Early Cretaceous epoch.,"Barremian is a geologic age of the Early Cretaceous epoch that spans the time interval from approximately 126.3 to 121.4 million years ago, following the Hauterivian and preceding the Aptian. In the context of the Brazilian Pre-Salt, this age corresponds to the main sag phase of rift basin development, during which the primary lacustrine carbonate reservoir facies, including coquinas and microbialites, were deposited.",False,B
basalt,Rock,"The term is defined as a type of igneous rock, which fits the GeoCore definition of Rock as a solid consolidated Earth Material.","Basalt is a mafic extrusive igneous rock that is characterized by its fine-grained (aphanitic) texture and composition rich in plagioclase and pyroxene minerals. In the context of the Brazilian Pre-Salt, basaltic lava flows are commonly interlayered with the sag-phase lacustrine carbonates, acting as vertical seals or flow baffles that compartmentalize reservoirs. These volcanic rocks can also be highly fractured, creating secondary porosity and permeability pathways.",False,B
carbonate reservoir,Sedimentary Geological Object,"The term describes a subsurface rock unit composed of carbonate rock (a type of sedimentary rock), which functions as a distinct geological body.","A carbonate reservoir is a subsurface rock unit that is composed predominantly of carbonate minerals and possesses sufficient porosity and permeability to store and transmit hydrocarbons. These reservoirs, typically limestones or dolostones, develop complex pore systems through depositional and diagenetic processes, which in lacustrine settings like the Brazilian Pre-Salt can form extensive vuggy and cavernous porosity.",False,B
coquina,Sedimentary Rock,"The term is explicitly defined as a type of cemented sedimentary rock composed of shell fragments, directly matching the definition of Sedimentary Rock.","Coquina is a sedimentary carbonate rock that is composed almost entirely of accumulated and cemented mollusk shells and their fragments. In the Brazilian Pre-Salt, these rocks consist mainly of bivalve and gastropod bioclasts deposited in saline to brackish lacustrine systems, forming significant reservoir facies due to high primary and diagenetic porosity.",False,B
diagenesis,Geological Process,"The NLD defines diagenesis as a collection of physical, chemical, and biological processes that alter sediments after deposition.","Diagenesis is the collective term for the physical, chemical, and biological processes that alter sediments after initial deposition and during and after lithification, but before the onset of metamorphism. These processes, which include compaction, cementation, dissolution, and mineral replacement, control the evolution of porosity and permeability in sedimentary rocks. In the context of Brazilian Pre-Salt carbonates, diagenetic alteration is a primary control on the creation, preservation, or destruction of reservoir quality.",False,B
early cretaceous,Geological Time Interval,"The NLD defines the term as a geological epoch, which is a specific span of time in Earth's history.","The Early Cretaceous is a geological epoch that spans the time from approximately 145 to 100.5 million years ago, comprising the first half of the Cretaceous Period. This epoch is characterized by the initial rifting and subsequent opening of the South Atlantic Ocean, which led to the formation of the restricted sag basins where the Brazilian Pre-Salt source and reservoir rocks were deposited. It includes the Barremian and Aptian ages, which are fundamental for understanding the stratigraphy of the Santos and Campos basins.",False,B
itapema formation,Depositional Unit,"The NLD describes a geological formation, which is a large-scale, mappable body of sedimentary rock, fitting the definition of a Depositional Unit.","The Itapema Formation is an Aptian-age geological formation that constitutes the lower part of the lacustrine carbonate succession of the Guaratiba Group in the Santos Basin, Brazil. Deposited in a saline to hypersaline lacustrine system, it is primarily composed of microbial carbonates (spherulites and shrubs) and bioclastic limestones (coquinas) that form prolific hydrocarbon reservoirs within the Pre-Salt section.",False,B
silica,Earth Material,"The NLD defines silica as a naturally occurring chemical compound (oxide of silicon) that constitutes minerals and rocks, fitting the definition of Earth Material.","Silica is a naturally occurring oxide of silicon (SiO₂) that exists in numerous crystalline and amorphous mineral forms, such as quartz, chert, and opal. In sedimentary systems, it can be a primary biogenic component, a detrital grain, or a diagenetic product that cements grains or replaces other minerals. Diagenetic silicification is a critical process in carbonate reservoirs, where it can significantly alter porosity and permeability by either occluding pore space or creating molds through the replacement of carbonate allochems.",False,B
subsidence,Geological Process,The NLD explicitly defines subsidence as a vertical downward movement and a process that creates accommodation space for deposition.,"Subsidence is the vertical downward movement of the Earth's surface that occurs relative to a specific datum, such as sea level. In the context of the Brazilian Pre-Salt, subsidence is primarily driven by crustal extension during the syn-rift phase and subsequent thermal cooling and contraction of the lithosphere during the post-rift sag phase. This process is fundamental for creating the accommodation space required for the deposition of thick lacustrine source rocks and carbonate reservoirs.",False,B
depocenter,site,A depocenter is an immaterial area or location within a basin defined by its relation to a material entity (sediment fill) and a specific property (maximum thickness).,"A depocenter is an area within a sedimentary basin that is characterized by the maximum accumulation of sediment for a specific stratigraphic interval. The location of depocenters can migrate over time due to tectonic subsidence, sediment supply changes, or base-level fluctuations. Identifying these areas is critical in petroleum exploration as they often correspond to zones of optimal source rock maturation and the thickest development of potential reservoir facies.",False,B
halite,Earth Material,"Halite is a naturally occurring mineral matter, which is a type of Earth Material that constitutes rocks like rock salt.","Halite is an evaporite mineral that is composed of sodium chloride (NaCl). It is the primary constituent of rock salt, which forms the thick, ductile Aptian salt layer that acts as the regional top seal for the Brazilian Pre-Salt petroleum system. The low permeability and plastic behavior of this extensive salt sequence are critical for trapping the vast hydrocarbon accumulations found in the underlying carbonate reservoirs.",False,B
hauterivian,Geological Time Interval,"The term refers to a specific, defined span of time within the geological timescale, which is the definition of a Geological Time Interval.","Hauterivian is a geological age of the Early Cretaceous Epoch that spans the time from approximately 132.9 to 129.4 million years ago. In the context of the Brazilian Pre-Salt, this age corresponds to the initial rifting phase of the South Atlantic, during which key lacustrine source rocks and early carbonate reservoir sequences were deposited.",False,B
microbialite,Sedimentary Rock,"The definition explicitly identifies microbialite as an organosedimentary rock, a specific type of rock constituted by sedimentary processes.","Microbialite is an organosedimentary rock that is formed by the trapping, binding, and/or precipitation of carbonate minerals due to the metabolic activities of microbial communities. In the context of the Brazilian Pre-Salt, these rocks are predominantly lacustrine carbonates that form complex buildups with diverse macroscopic fabrics, including laminated, clotted, and spherulitic textures. These microbial buildups constitute some of the most significant and productive reservoir intervals in the Aptian-age succession of the Santos and Campos basins.",False,B
reservoir,Sedimentary Geological Object,"A reservoir is defined as a subsurface rock body, which is a type of Geological Object, and in the context of petroleum systems, it is typically sedimentary.","A reservoir is a subsurface rock body that possesses sufficient porosity and permeability to store and transmit fluids. In a petroleum system, a reservoir contains an accumulation of hydrocarbons that are confined by an overlying, impermeable sealing rock. Significant reservoirs in the Brazilian Pre-Salt are found within lacustrine carbonate rocks, such as the microbialites and coquinas of the Barra Velha Formation.",False,B
seismic facies,Facies,"The term describes a mappable unit defined by a distinct pattern of seismic properties, which aligns with the definition of a Facies as a visual pattern of properties of Geological Objects.","A seismic facies is a mappable, three-dimensional seismic unit that is composed of a group of seismic reflections whose parameters, such as configuration, continuity, amplitude, and frequency, differ from those of adjacent units. The interpretation of these distinct seismic parameters allows for the inference of geological characteristics, including depositional processes, lithology, and fluid content within the corresponding rock body. In petroleum exploration, seismic facies analysis is a critical tool for predicting the distribution of reservoir, source, and seal rocks before drilling.",False,B
dissolution,Geological Process,"The NLD explicitly defines dissolution as a diagenetic process that modifies a geological object by removing mineral matter, which directly matches the definition of a Geological Process.","Dissolution is a diagenetic process that removes mineral matter by dissolving soluble minerals, such as calcite or aragonite, into a fluid. In carbonate reservoirs like the Brazilian Pre-Salt, this process is a primary mechanism for creating secondary porosity, often driven by the interaction of CO2-rich fluids with carbonate minerals. The resulting dissolution features, which range from vugs and molds to extensive cavern systems, can significantly enhance reservoir storage capacity and permeability.",False,B
salt deposition,Geological Process,"The NLD describes a sedimentary process involving the precipitation of minerals to form a geological body, which aligns perfectly with the definition of a Geological Process.","Salt deposition is a sedimentary process that involves the precipitation of evaporite minerals, primarily halite, from a body of water that has become supersaturated through evaporation. This process occurs in restricted basins under arid climatic conditions, and in the South Atlantic, the massive Aptian salt deposition formed the regional seal for the underlying Pre-Salt hydrocarbon systems.",False,B
calcite,Earth Material,"Calcite is a mineral, which is a type of natural, solid matter that constitutes geological objects like rocks, fitting the definition of Earth Material.","Calcite is a carbonate mineral that is the most stable polymorph of calcium carbonate (CaCO₃) and crystallizes in the trigonal system. It is the principal constituent of the lacustrine carbonate rocks, including microbialites and coquinas, that form the primary reservoirs in the Brazilian Pre-Salt. Calcite also occurs as a common diagenetic cement, which can significantly impact reservoir porosity and permeability by either occluding pore space or forming early, rigid frameworks that resist compaction.",False,B
clinoform,Geological Boundary,"The NLD defines a clinoform as a depositional surface, which corresponds to a physical discontinuity on the external surface of a geological object, fitting the definition of a Geological Boundary.","A clinoform is a depositional surface that exhibits a sigmoidal to oblique geometry in cross-section, representing the progradation of a depositional system into a basin. It is characterized by three distinct segments: a gently dipping topset, a steeply dipping foreset, and a very gently dipping bottomset, which grades into the basin floor. Within petroleum systems, clinoforms control the spatial distribution of facies, with reservoir-quality rocks often concentrated in the foreset and topset beds, while bottomset beds may act as source rocks or seals.",False,B
dolomite,Sedimentary Rock,The definition explicitly states the term is used to describe a sedimentary rock composed predominantly of the mineral dolomite.,"Dolomite is a carbonate mineral that is composed of calcium magnesium carbonate (CaMg(CO3)2). It typically forms through the diagenetic replacement of calcite or aragonite in precursor limestones, a process known as dolomitization. The term is also commonly used to describe the sedimentary rock (dolostone) composed predominantly of this mineral, which can form excellent reservoirs due to porosity enhancement during the replacement process.",False,B
economic basement,Geological Boundary,"The term defines a conceptual depth or limit for exploration, which is a type of fiat boundary defined by economic and geological factors.","Economic basement is a conceptual depth within the subsurface that defines the lower limit for commercially viable hydrocarbon exploration and production. This boundary is determined by factors such as the absence of petroleum system elements, degradation of reservoir quality, or drilling costs that render operations unprofitable. The economic basement may coincide with the geological basement but can also be situated within the sedimentary section where rocks are no longer considered prospective.",False,B
lacustrine environment,site,"The term describes the conditions and setting within a lake where deposition occurs, which fits the definition of a site as an immaterial entity defined by a material one.","A lacustrine environment is a continental depositional environment that encompasses the physical, chemical, and biological conditions within and pertaining to a lake. In the context of the Brazilian Pre-Salt, these environments refer to extensive, saline to hypersaline rift lakes where unique alkaline water chemistry controlled the deposition of prolific microbial carbonate reservoirs. The resulting facies are influenced by water depth, climate, and tectonic activity.",False,B
lake,site,"A lake is a large-scale geological feature consisting of a basin or depression, which is analogous to other topographical features classified as a site.","A lake is a large, inland body of water that occupies a basin or depression. In the context of the South Atlantic Pre-Salt, these were extensive, long-lived, rift-related lacustrine systems characterized by saline and alkaline water chemistry. These unique conditions favored the deposition of microbial carbonates and coquinas, which constitute the primary reservoir facies.",False,B
late aptian,Geological Time Interval,"The term is explicitly defined as a geochronologic subdivision and a time interval, which directly matches the definition of a Geological Time Interval.","Late Aptian is a geochronologic subdivision that represents the final part of the Aptian Age of the Early Cretaceous Epoch. This interval, spanning approximately from 117 to 113 million years ago, is stratigraphically significant in the South Atlantic marginal basins as it corresponds to the deposition of the organic-rich source rocks of the pre-salt petroleum system immediately preceding the major salt depositional event.",False,B
pre-alagoas unconformity,Geological Boundary,"The term is defined as a regional unconformity, which is a type of surface or physical discontinuity separating geological sequences.","The pre-alagoas unconformity is a regional unconformity that separates the syn-rift sequences of the Barremian-Aptian from the overlying sag-phase Alagoas sequence within the Brazilian marginal basins. This surface marks the end of the main rifting phase and the onset of thermal subsidence, representing a major tectono-stratigraphic boundary. It is often characterized by significant erosion and truncation of the underlying rift fault blocks, forming a crucial element in the structural and stratigraphic framework of the Pre-Salt petroleum system.",False,B
rift phase,Geological Process,"The term describes a tectonic stage involving a series of physical processes like lithospheric extension, thinning, and faulting that modify geological objects.","A rift phase is a tectonic stage that is characterized by the extension and thinning of continental lithosphere in response to tensional stresses, leading to the formation of rift valleys bounded by normal faults. This phase is associated with high heat flow, significant normal faulting creating horst and graben structures, and the development of restricted depositional environments. In the context of the South Atlantic's opening, this stage corresponds to the Neocomian and is responsible for creating the accommodation space where the lacustrine source and reservoir rocks of the Pre-Salt succession were deposited.",False,B
sag phase,Geological Process,"The term refers to a stage of basin evolution driven by physical processes like thermal subsidence, cooling, and widespread deposition.","Sag phase is a stage of basin evolution that occurs after the cessation of active extensional faulting in a rift system. This phase is driven by broad, regional subsidence due to thermal cooling and contraction of the previously thinned lithosphere. It is characterized by the deposition of a widespread sedimentary sequence that drapes over the underlying rift structures, which in the Brazilian Pre-Salt context includes the Aptian salt layer that forms the primary regional seal.",False,B
shale,Sedimentary Rock,The definition explicitly states that shale is a type of fine-grained clastic sedimentary rock.,"Shale is a fine-grained clastic sedimentary rock that is composed of clay- and silt-sized particles and exhibits fissility, a tendency to split into thin layers. Within the Brazilian Pre-Salt petroleum system, organic-rich lacustrine shales are the primary source rocks that generated the vast hydrocarbon accumulations. These shales can also function as critical vertical and lateral seals, trapping oil and gas within the carbonate reservoirs.",False,B
stevensite,Earth Material,"Stevensite is defined as a specific type of clay mineral, which is a form of natural, solid matter generated by geological processes.","Stevensite is a trioctahedral smectite clay mineral that is characterized by a magnesium silicate composition and a near-zero layer charge originating from vacancies in the octahedral sheet. In the context of Brazilian Pre-Salt reservoirs, it is a significant authigenic mineral that precipitates from magnesium-rich lacustrine brines, often forming spherulitic aggregates that can impact reservoir porosity.",False,B
shallow lake,site,"The term refers to a depositional environment, which is best described as a three-dimensional immaterial entity (a depression) whose boundaries are defined by surrounding land and which contains water and sediment.","A shallow lake is a lacustrine depositional environment that is characterized by a relatively low water depth, which typically allows for light penetration to the lake floor. In the context of the South Atlantic Aptian rift, these environments were often extensive, saline to hypersaline, and subject to significant fluctuations in water level and chemistry. These conditions promoted the widespread precipitation of microbial and abiotic carbonates, which constitute the primary reservoir facies of the Pre-Salt succession.",False,B
travertine,Sedimentary Rock,The definition explicitly identifies travertine as a type of carbonate rock formed through a process of chemical precipitation.,"Travertine is a freshwater carbonate rock that is formed by the rapid precipitation of calcium carbonate from geothermally heated, supersaturated groundwater, typically at hot springs or along fault systems. In the Brazilian Pre-Salt, these deposits are considered important non-traditional reservoirs, where their complex fabrics, ranging from dense crystalline crusts to porous dendritic or brecciated textures, are controlled by hydrothermal activity linked to rift tectonics.",False,B
clay,Sediment,"The term refers to fine-grained particles (<2 micrometers) that exist as an unconsolidated earth material, fitting the definition of sediment.","Clay is a group of hydrous aluminum phyllosilicate minerals that are characterized by a layered crystal structure and a particle size of less than 2 micrometers. In petroleum systems, clays are significant as they form the primary constituent of cap rocks and seals, and can also act as source rocks when rich in organic matter. Within reservoir intervals, the presence of authigenic or detrital clays can significantly reduce permeability and porosity by occluding pore throats.",False,B
grainstone,Sedimentary Rock,The definition explicitly identifies grainstone as a specific type of grain-supported sedimentary carbonate rock.,"Grainstone is a grain-supported sedimentary carbonate rock that is characterized by the absence of a micrite matrix. It forms in high-energy depositional environments where mud is winnowed away, and in the Brazilian Pre-Salt, its constituent grains can include spherulites, coated grains, and bioclasts, often resulting in excellent primary porosity and reservoir quality.",False,B
carbonate platform,Depositional System,"The term describes a large-scale body composed of an accumulation of linked carbonate depositional units, fitting the definition of a depositional system.","A carbonate platform is a large-scale sedimentary body that is built up primarily by the accumulation of in situ carbonate sediments within a shallow marine or lacustrine setting, creating a structure with significant topographic relief. These systems can be classified based on their geometry and relationship to the basin margin, including ramps, rimmed shelves, and isolated platforms. In the context of the Brazilian Pre-Salt, these features are extensive lacustrine systems where microbial and bioclastic carbonates accumulated, forming the primary hydrocarbon reservoirs.",False,B
permeability,quality,"The NLD defines permeability as a petrophysical property that quantifies a rock's ability to transmit fluids, which aligns with the BFO definition of a quality.","Permeability is a petrophysical property of a porous medium that quantifies its ability to transmit fluids. It is a function of the size, shape, and connectivity of the pores within the rock and is a critical factor controlling the flow of hydrocarbons to a wellbore.",False,B
porosity,quality,"The NLD defines porosity as a petrophysical property that quantifies the void space in a rock, which is a characteristic that inheres in a material entity, fitting the BFO definition of quality.","Porosity is a petrophysical property that quantifies the void space within a rock, expressed as the ratio of the pore volume to the total bulk volume. It is the fundamental rock property that determines the storage capacity for fluids such as oil, gas, or water. Porosity can be classified as primary (interparticle) or secondary (resulting from diagenetic processes like dissolution, dolomitization, or fracturing), with secondary porosity being particularly significant in carbonate reservoirs like the Brazilian Pre-Salt.",False,B
source rock,Sedimentary Rock,"The NLD explicitly defines a source rock as a type of sedimentary rock, making it a direct instance of the GeoReservoir category 'Sedimentary Rock'.","Source rock is a fine-grained sedimentary rock that contains sufficient organic matter to generate and expel hydrocarbons upon reaching thermal maturity. These rocks, typically organic-rich shales or carbonates, are deposited in anoxic environments that preserve the organic material from degradation, forming a fundamental element of a petroleum system.",False,B
rifting,Geological Process,"The NLD explicitly defines rifting as a tectonic process that modifies the lithosphere, which directly aligns with the definition of a 'Geological Process'.","Rifting is a tectonic process that involves the extension and thinning of the continental lithosphere in response to divergent plate motions. This process is characterized by the development of normal faults, horst-and-graben structures, and crustal subsidence, which creates accommodation space for thick sedimentary sequences. The Early Cretaceous rifting that led to the separation of South America and Africa is the fundamental tectonic event responsible for the formation of the basins containing the Brazilian Pre-Salt petroleum systems.",False,B
stromatolite,Sedimentary Structure,"The NLD defines a stromatolite as an 'organo-sedimentary structure' with a 'laminated fabric,' which aligns with the definition of a pattern of internal arrangement.","Stromatolite is an organo-sedimentary structure that is characterized by a laminated fabric formed by the trapping, binding, and precipitation of sediment by microbial mats. In the context of the Brazilian Pre-Salt, these structures are a major component of the lacustrine carbonate reservoirs, where their growth is influenced by water chemistry and their fabric contributes to reservoir porosity.",False,B
onlap,Sedimentary Structure,"The term describes a geometric pattern related to the termination and arrangement of strata, which are depositional units.","Onlap is a type of stratal termination that is characterized by the progressive updip termination of initially inclined younger strata against an older, more steeply dipping surface. This geometric pattern signifies a relative rise in base level, such as a transgression, and is a key criterion for identifying the base of a depositional sequence.",False,B
alkalinity,quality,"Alkalinity is a measurable chemical property, a capacity that inheres in a solution like water, which is an independent continuant.","Alkalinity is a measure of the capacity of a solution, such as lake or pore water, to neutralize acids. This capacity is primarily determined by the concentration of dissolved bases, especially bicarbonate (HCO₃⁻) and carbonate (CO₃²⁻) ions. In the context of Pre-Salt carbonate deposition, high alkalinity in the lacustrine water column is a critical factor that promotes the precipitation of calcium carbonate, leading to the formation of microbialites and other key reservoir facies.",False,B
reservoir quality,quality,"The term is defined as a measure of a rock's capacity to store and transmit fluids, which is a quality inhering in the rock.","Reservoir quality is a measure that quantifies a rock's capacity to store and transmit fluids, such as hydrocarbons and water. It is primarily determined by the rock's porosity, which governs storage capacity, and its permeability, which controls the ease of fluid flow. In petroleum systems, high reservoir quality is critical for economic hydrocarbon production and is influenced by depositional facies and subsequent diagenetic alterations.",False,B
camboriú formation,Geological Object,"A formation is a defined, mappable body of rock with its own identity and unity criteria, fitting the definition of a Geological Object.","Camboriú Formation is a stratigraphic formation of Aptian age that is composed predominantly of volcanic and volcaniclastic rocks marking the initial rifting stage in the Santos Basin, offshore Brazil. This unit unconformably overlies the Neoproterozoic crystalline basement and is considered the base of the Santos Basin sedimentary sequence, representing the initial volcanic expression of the South Atlantic opening.",False,B
carbonate factory,Depositional System,"The term describes a sedimentary system responsible for producing and distributing carbonate deposits, which aligns with the concept of a Depositional System.","A carbonate factory is a sedimentary system that produces carbonate sediments in situ through biological and/or chemical processes. In the context of the Brazilian Pre-Salt, these lacustrine factories were dominated by microbial and molluskan activity, controlling the type and distribution of carbonate deposits that form the primary reservoir facies.",False,B
carbonate rock,Sedimentary Rock,The NLD explicitly defines this term as a class of sedimentary rock composed primarily of carbonate minerals.,"Carbonate rock is a class of sedimentary rock that is composed primarily of carbonate minerals, most commonly calcite and dolomite. These rocks form from the accumulation of biogenic material, chemical precipitates, or transported carbonate grains in marine or lacustrine settings. They are classified based on depositional texture and constitute major petroleum reservoirs, such as those found in the Brazilian Pre-Salt.",False,B
evaporation,Geological Process,The NLD describes evaporation as a physical process that modifies geological materials by causing the precipitation of minerals.,"Evaporation is a physical process that involves the phase transition of a liquid into a vapor at a temperature below its boiling point. In a geological context, particularly within restricted basins like the South Atlantic during the Aptian, this process leads to the precipitation of evaporite minerals, such as halite and anhydrite, as water becomes supersaturated with dissolved salts. The resulting evaporite sequences form a critical regional seal, trapping hydrocarbons within the underlying carbonate reservoirs.",False,B
deep lake,Depositional System,"The NLD describes a lacustrine system where deposition of units and facies occurs, which aligns with the definition of a system composed of linked depositional units.","A deep lake is a lacustrine system that is characterized by significant water depth, leading to thermal and chemical stratification and the development of distinct depositional zones. In the context of the Brazilian Pre-Salt, these systems are typically large, tectonically controlled rift lakes with saline to hypersaline waters, where anoxic bottom conditions promote the preservation of organic-rich source rocks. The deposition of key reservoir facies, such as microbial carbonates, is often controlled by the bathymetric profile and water chemistry gradients within these deep lake settings.",False,B
hydrothermal fluid,Earth Fluid,"The NLD defines this as a naturally occurring, heated aqueous solution, which is a specific type of Earth Fluid.","A hydrothermal fluid is a naturally occurring, heated aqueous solution that circulates through the Earth's crust, transporting dissolved minerals, metals, and gases. In sedimentary basins like the Brazilian Pre-Salt, these fluids are often associated with magmatic intrusions or deep-seated faults and can drive significant diagenetic alteration, including dolomitization and cementation, which impacts reservoir properties.",False,B
facies,Facies,"The NLD describes a set of distinctive attributes of a rock body, which aligns with the definition of Facies as a visual pattern of properties.","Facies is a body of rock that is characterized by a distinctive set of lithological, sedimentological, and biological attributes reflecting its origin under specific depositional conditions. The concept is fundamental for interpreting depositional environments and predicting the spatial distribution and properties of reservoir units, such as the carbonate facies of the Brazilian Pre-Salt.",False,B
intraclast,Sedimentary Geological Object,"The term refers to a carbonate grain or fragment of sediment, which is a type of geological object of sedimentary origin.","An intraclast is a carbonate grain that consists of a fragment of penecontemporaneously deposited, semi-consolidated carbonate sediment that has been eroded and redeposited within the same depositional basin. These grains are formed by the erosion of early-cemented or cohesive carbonate muds and sands, often by storm events or strong currents, and are indicative of dynamic, high-energy depositional environments.",False,B
lacustrine carbonate,Sedimentary Rock,"The definition explicitly identifies the term as a type of carbonate rock, which is a specific kind of sedimentary rock.","A lacustrine carbonate is a carbonate rock that is formed through chemical or biogenic precipitation of minerals within a lake environment. These rocks are the primary reservoir type in the Brazilian Pre-Salt, where they were deposited in large, saline, alkaline rift lakes. Their composition includes a wide range of facies, from microbialites to abiotic precipitates and coquinas, creating complex and heterogeneous reservoir systems.",False,B
limestone,Sedimentary Rock,The definition explicitly states that limestone is a type of carbonate sedimentary rock.,"Limestone is a carbonate sedimentary rock that is composed primarily of calcium carbonate (CaCO3) in the form of calcite and/or aragonite. It typically forms from the accumulation of skeletal fragments, chemical precipitation, or microbial activity, and in the Brazilian Pre-Salt, includes key reservoir facies such as microbially-influenced carbonates and bioclastic coquinas which serve as precursors to dolomitized reservoirs.",False,B
peloid,Sedimentary Geological Object,"The term refers to a carbonate grain, which is a small, discrete geological object of sedimentary origin.","A peloid is a carbonate grain that is composed of microcrystalline or cryptocrystalline calcite or aragonite and lacks a discernible internal structure. Their origin is often polygenetic, including fecal pellets, micritized bioclasts, or microbial precipitates, and they are a common constituent of reservoir-quality grainstones and microbialites in lacustrine carbonate systems like the Brazilian Pre-Salt.",False,B
lower cretaceous,Geological Time Interval,"The definition identifies the term as an epoch of the geologic timescale, which is a specific span of time.","Lower Cretaceous is an epoch of the geologic timescale that spans the time from approximately 145 to 100.5 million years ago, comprising the Berriasian through Albian ages. The rock succession deposited during this time is known as the Lower Cretaceous Series, which in the context of the Brazilian continental margin, encompasses the syn-rift and sag phases of basin evolution, including the deposition of the highly significant pre-salt carbonate reservoirs.",False,B
recrystallization,Geological Process,"The NLD defines recrystallization as a diagenetic process that alters a mineral's crystal fabric, which aligns with the definition of a Geological Process.","Recrystallization is a diagenetic process that alters the crystal fabric of a mineral, such as its size and shape, without changing its chemical composition. In carbonate rocks, this process commonly involves the transformation of fine-grained micrite into a coarser mosaic of calcite crystals, a process known as aggrading neomorphism. This alteration can significantly impact rock properties, often reducing primary porosity by occluding pore spaces.",False,B
piçarras formation,Depositional Unit,"The term refers to a specific, mappable geological formation composed of sedimentary rocks, which fits the definition of a Depositional Unit.","The Piçarras Formation is a geological formation of Late Cretaceous age that is composed predominantly of marine shales and marls deposited in the Santos Basin. As part of the post-salt succession, it functions as the primary regional seal rock, trapping hydrocarbons in underlying reservoirs. Its fine-grained texture and low permeability are critical for the integrity of the giant Pre-Salt accumulations.",False,B
salt basin,Geological Object,"A salt basin is a large-scale geological feature, a type of sedimentary basin, which is best classified as a Geological Object with its own identity and unity criteria.","A salt basin is a sedimentary basin that is characterized by the accumulation of thick sequences of evaporite deposits, primarily halite. These basins form in restricted marine or lacustrine environments where evaporation significantly exceeds inflow, leading to the precipitation of salts from a hypersaline brine. The subsequent mobilization of these salt layers, known as halokinesis, plays a critical role in forming structural traps and acting as a regional seal for major petroleum systems, such as the Brazilian Pre-Salt.",False,B
sediment,Sediment,"The term is explicitly defined in the GeoReservoir ontology, and its NLD aligns perfectly with the definition of an unconsolidated earth material.","Sediment is a naturally occurring material that is formed by the breakdown of rocks and organic matter and is subsequently transported and deposited by wind, water, ice, or gravity. In a geological context, it can consist of clastic particles, chemical precipitates, or biogenic material such as shell fragments. Within the Brazilian Pre-Salt, sediments are predominantly lacustrine carbonates, including bioclastic fragments and spherulites, which form the primary reservoir rocks after diagenesis.",False,B
rift,Geological Object,"A rift is a large-scale, elongate basin formed by tectonic extension, which is best classified as a Geological Object with a distinct identity.","A rift is an elongate basin that is formed by the extension and thinning of the continental lithosphere. This extensional process is accommodated by normal faulting, which creates a series of horsts and grabens that control sediment deposition. In the context of the South Atlantic, the rift phase created the restricted lacustrine basins where the Pre-Salt source rocks and carbonate reservoirs were deposited prior to the onset of oceanic spreading.",False,B
siltstone,Sedimentary Rock,The NLD defines siltstone as a clastic sedimentary rock composed of consolidated silt-sized particles.,"Siltstone is a clastic sedimentary rock that is composed predominantly of consolidated silt-sized particles, defined as grains with diameters between 4 and 62.5 micrometers. It is a type of mudrock, finer than sandstone and coarser than claystone, and often exhibits lamination. In petroleum systems, siltstones can act as seals, source rocks if organic-rich, or low-permeability layers interbedded with reservoir facies.",False,B
thermal subsidence,Geological Process,The NLD explicitly defines thermal subsidence as a geological process involving the sinking of the lithosphere as it cools and contracts.,"Thermal subsidence is a geological process that describes the sinking of the Earth's lithosphere as it cools, contracts, and increases in density following a period of heating and extension. This mechanism is the dominant driver of the post-rift or sag phase in rift basins, creating the accommodation space for the deposition of thick sedimentary sequences. In the Brazilian Pre-Salt province, this phase is responsible for depositing the Aptian salt layer and the overlying post-salt marine succession, which act as the regional seal and overburden for the pre-salt reservoirs.",False,B
south atlantic ocean,site,"The South Atlantic Ocean is a vast basin, which is best described as a site whose boundaries are defined by continental landmasses.","The South Atlantic Ocean is an ocean basin that separates the continents of South America and Africa, formed by the rifting and subsequent seafloor spreading that initiated the breakup of the Gondwana supercontinent. Its formation during the Early Cretaceous created a series of restricted rift basins along the conjugate margins of Brazil and West Africa. These basins provided the ideal setting for the deposition of the sag-phase lacustrine carbonates that constitute the prolific Pre-Salt petroleum reservoirs.",False,B
anhydrite,Earth Material,"Anhydrite is a naturally occurring mineral, which is a type of solid matter fitting the definition of Earth Material.","Anhydrite is an evaporite mineral that is composed of anhydrous calcium sulfate (CaSO₄). It is a key component of the Aptian salt succession in the South Atlantic basins, where it contributes to the regional seal overlying the Pre-Salt carbonate reservoirs. Anhydrite can also occur as a diagenetic cement within reservoir facies, which may occlude porosity and impact reservoir quality.",False,B
horst,Geological Object,"A horst is an uplifted block of rock, a distinct and rigid entity generated by faulting, which fits the definition of a Geological Object.","A horst is an uplifted structural block that is bounded by normal faults on its sides. These features typically form in extensional tectonic settings where the crust is being stretched. In petroleum systems like the Brazilian Pre-Salt, horsts can create structural traps by elevating potential reservoir rocks relative to adjacent down-dropped blocks, known as grabens.",False,B
graben,Geological Structure,A graben is a structural feature defined by the arrangement of a down-dropped crustal block and its bounding faults.,"A graben is an elongate, down-dropped block of crust that is bounded by subparallel normal faults. As a primary feature of extensional tectonics, grabens form sedimentary basins that create accommodation space for syn-rift deposits, such as the lacustrine source and reservoir rocks of the Brazilian Pre-Salt.",False,B
deposition,Geological Process,The definition explicitly identifies deposition as a geological process involving the laying down of sediment.,"Deposition is a geological process that involves the laying down of sediment carried by an agent of transport such as water, wind, ice, or gravity. This process occurs when the energy of the transporting medium decreases, causing particles to settle out of suspension or ions to precipitate from solution. In sedimentary basins like the Pre-Salt, the specific depositional environment controls the initial geometry, texture, and composition of sedimentary bodies that may form reservoir, source, or seal rocks.",False,B
tholeiitic basalt,Rock,"The term is explicitly defined as a type of igneous rock, which is a solid, consolidated Earth Material.","Tholeiitic basalt is a common type of basaltic igneous rock that is characterized by a chemical composition relatively rich in iron and poor in alkalis, belonging to the tholeiitic magma series. It is the principal rock type composing the oceanic crust and is also voluminous in continental flood basalt provinces, such as the Paraná-Etendeka province which forms the basement for the Brazilian Pre-Salt basins.",False,B
hydrocarbon,Earth Fluid,"Hydrocarbons, in a geological context, encompass crude oil and natural gas, which are explicitly listed as examples of Earth Fluid.","A hydrocarbon is a naturally occurring organic compound that consists primarily of hydrogen and carbon atoms. As the principal component of petroleum, hydrocarbons encompass crude oil and natural gas, which are generated from the thermal maturation of organic matter in source rocks and subsequently migrate to accumulate in reservoir traps.",False,B
kwanza basin,Depositional System,A sedimentary basin is a large-scale feature composed of an aggregate of mereotopologically linked depositional units.,"Kwanza Basin is a sedimentary basin that is located on the passive continental margin of Angola, forming a conjugate pair with the Campos and Santos basins of Brazil. It contains a significant pre-salt section of Aptian age, analogous to the Brazilian pre-salt, which hosts major hydrocarbon accumulations. The basin's geological history is intrinsically linked to the Early Cretaceous rifting of the South Atlantic Ocean and the separation of the South American and African continents.",False,B
lithology,Sedimentary Facies,"The NLD defines lithology as a description of a rock's physical characteristics (composition, grain size, texture), which aligns with the definition of a facies as a pattern of properties.","Lithology is a description of a rock unit that is based on its physical characteristics observable at the outcrop, hand-specimen, or microscopic scale, such as composition, grain size, texture, and color. In petroleum geology, lithology is a fundamental property used to define reservoir, source, and seal rock intervals, directly controlling petrophysical properties like porosity and permeability.",False,B
mound,Mound Unit,"The term is explicitly defined as a type of depositional buildup with a positive topographic feature, which directly corresponds to the `Mound Unit` class.","A mound is a type of carbonate buildup that forms a positive topographic feature on the seafloor or lakefloor, constructed by the in-situ accumulation of organisms or precipitated carbonates and typically lacking a rigid skeletal framework. In the context of the Brazilian Pre-Salt, these features are often microbial in origin, forming complex shrub-like buildups that constitute highly porous and permeable reservoir facies.",False,B
ostracod,Geological Object,"An ostracod, particularly its fossilized carapace as described in the NLD, is a discrete physical entity generated through geological processes (fossilization), fitting the definition of a Geological Object.","Ostracod is a microscopic crustacean that is characterized by a bivalved, chitinous or calcareous carapace. Their fossilized carapaces are significant microfossils used for biostratigraphy and paleoenvironmental reconstruction, particularly in lacustrine and marine settings. In the context of Brazilian Pre-Salt reservoirs, accumulations of ostracod shells can form important bioclastic carbonate facies, contributing to reservoir rock volume.",False,B
mudstone,Sedimentary Rock,"The NLD explicitly defines mudstone as a type of sedimentary rock composed of silt and clay particles, which directly matches the `Sedimentary Rock` category.","Mudstone is a fine-grained siliciclastic sedimentary rock that is composed of a mixture of silt- and clay-sized particles and is characterized by its non-fissile, blocky or massive structure. Unlike shale, which is laminated and splits into thin layers, mudstone breaks into irregular blocks. Within petroleum systems, these rocks can function as organic-rich source rocks or as low-permeability seals for hydrocarbon accumulations.",False,B
progradation,Geological Process,"Progradation is defined as the process of lateral outbuilding of a depositional system, which modifies the arrangement of geological objects over time, fitting the definition of a Geological Process.","Progradation is a stratigraphic pattern that results from the lateral outbuilding of a depositional system, such as a delta or carbonate platform, into a basin. This pattern occurs when the rate of sediment supply is greater than the rate of accommodation space creation, leading to a basinward migration of the shoreline or depositional margin. In seismic stratigraphy, progradation is identified by offlapping reflection patterns, which are crucial for predicting the distribution of reservoir facies.",False,B
packstone,Sedimentary Rock,"The NLD defines packstone as a specific type of grain-supported carbonate rock, which is a subclass of Sedimentary Rock.","Packstone is a grain-supported carbonate rock that contains a matrix of carbonate mud (micrite) between the grains. According to the Dunham classification system, this texture indicates deposition in an environment with enough energy to concentrate grains but not enough to completely remove the finer mud fraction. The presence of this micrite matrix can significantly reduce interparticle porosity and permeability, impacting the rock's quality as a potential reservoir.",False,B
siliciclastic,Sedimentary Facies,"The term describes a compositional class of sedimentary rocks and sediments based on their silicate mineral content, which is a key sedimentological characteristic defining a Sedimentary Facies.","Siliciclastic is a class of sedimentary rocks, sediments, or particles that are composed predominantly of silicate minerals, such as quartz, feldspar, and clay minerals, derived from the weathering and erosion of pre-existing rocks. This category includes a wide range of rock types, from conglomerates and sandstones to siltstones and shales, which are classified based on their grain size and represent terrigenous input into a depositional basin.",False,B
wackestone,Sedimentary Rock,"The NLD explicitly defines wackestone as a type of matrix-supported carbonate rock, which falls under the category of Sedimentary Rock.","Wackestone is a matrix-supported carbonate rock that contains more than 10% allochems (grains) suspended within a fine-grained carbonate mud (micrite) matrix. This texture indicates deposition in a low-energy environment where mud could settle from suspension, and its reservoir quality is typically lower than grain-supported fabrics unless modified by diagenesis such as dissolution or dolomitization.",False,B
trap,Geological Structure,"The NLD defines a trap as a geological structure involving the arrangement and juxtaposition of different rock bodies to confine fluids, which aligns with the definition of Geological Structure.","A trap is a geological structure or stratigraphic feature that prevents the upward or lateral migration of hydrocarbons, leading to their accumulation in a reservoir. It is formed by the juxtaposition of a porous reservoir rock and an overlying, impermeable cap rock in a geometry that confines buoyant fluids. In the context of the Brazilian Pre-Salt, traps are predominantly large structural highs, such as anticlines and faulted blocks, often associated with Aptian salt tectonics.",False,B
reservoir facies,Sedimentary Facies,"The term is explicitly defined as a type of facies, a body of rock with distinct sedimentological and petrophysical characteristics suitable for storing hydrocarbons, matching the Sedimentary Facies definition.","Reservoir facies is a distinct body of rock that possesses sufficient primary or secondary porosity and permeability to store and transmit hydrocarbons. This facies represents the primary target for hydrocarbon exploration and production, with its favorable petrophysical properties being a function of its depositional environment and subsequent diagenetic history. In the Brazilian Pre-Salt, key reservoir facies include lacustrine microbial carbonates (spherulites and shrubs) and coquinas.",False,B
half-graben,Geological Structure,"The NLD defines it as a 'structural basin' formed by faults, which aligns with the definition of a Geological Structure as a configuration and arrangement of parts of a Geological Object.","A half-graben is a structural basin that is bounded by a major, typically listric, normal fault on one side and a less faulted, more gently dipping monoclinal flexure on the other. This asymmetric geometry is characteristic of continental rift systems, such as the one that formed the South Atlantic margins and controlled the deposition of the Brazilian Pre-Salt succession. The sedimentary fill within a half-graben typically thickens and dips towards the main bounding fault, creating wedge-shaped stratigraphic units that are primary targets for hydrocarbon exploration.",False,B
reflector termination,Geological Contact,"The NLD describes it as the end of a seismic reflector against another surface, defining relationships like onlap or truncation, which fits the definition of a relational quality between geological objects.","Reflector termination is a seismic stratigraphic feature that marks the lateral end of a seismic reflector against another seismic surface. These terminations are classified based on their geometric relationship with the adjacent surface, such as onlap, downlap, toplap, or truncation. The analysis of reflector terminations is fundamental for sequence stratigraphic interpretation, as they define the boundaries of depositional sequences and indicate stratal relationships like depositional pinch-outs or erosional truncation.",False,B
seal,Sedimentary Geological Object,"The NLD defines a seal as an impermeable 'rock unit,' which is a physical body constituted by rock, fitting the definition of a geological object made of sedimentary material.","A seal is an impermeable rock unit that prevents the upward or lateral migration of hydrocarbons from a reservoir. Common seal lithologies, such as evaporites and shales, possess very low permeability and high capillary entry pressure, with the extensive Aptian salt layer serving as the primary regional seal for the Brazilian Pre-Salt reservoirs.",False,B
tectonic activity,Geological Process,"The NLD explicitly defines tectonic activity as a 'geological process' involving the movement and deformation of lithospheric plates, which directly aligns with the GeoCore definition.","Tectonic activity is a geological process that encompasses the movement, deformation, and interaction of lithospheric plates. This activity manifests as faulting, folding, uplift, and subsidence, which are fundamental in creating sedimentary basins and the structural traps necessary for hydrocarbon accumulation. In the context of the Brazilian Pre-Salt, extensional tectonic activity during the Early Cretaceous rifting of the South Atlantic was responsible for forming the horst-and-graben structures that host the primary carbonate reservoirs.",False,B
rift section,Depositional System,"The NLD describes a 'rift section' as a 'stratigraphic succession' or 'sequence' deposited during rifting, which corresponds to an aggregate of linked depositional units.","A rift section is a stratigraphic succession that was deposited contemporaneously with active extensional faulting during the formation of a rift basin. This syn-rift sequence is characteristically bounded by a pre-rift unconformity below and a break-up unconformity above, which separates it from the overlying post-rift sag deposits. In the Brazilian Pre-Salt, this section contains the key lacustrine source rocks and carbonate reservoirs.",False,B
syn-depositional faulting,Geological Process,"The term describes a tectonic process involving fault movement and sediment deposition, which modifies the arrangement of geological objects.","Syn-depositional faulting is a tectonic process that involves fault movement occurring contemporaneously with sediment deposition. This process directly influences sediment accommodation space, resulting in characteristic wedge-shaped geometries and abrupt changes in stratal thickness and facies across the fault, which is fundamental to the development of rift basin reservoirs like those in the Brazilian Pre-Salt.",False,B
structural low,site,"The term describes a region defined by its lower elevation relative to surrounding geological material, fitting the definition of a site as an immaterial entity.","A structural low is a region on a geological surface that is characterized by a lower elevation relative to its surrounding areas. In petroleum systems analysis, these features often correspond to synclines or the deepest parts of basins, which can act as hydrocarbon kitchens where source rocks reach thermal maturity. Hydrocarbons generated in these lows typically migrate updip to accumulate in adjacent structural highs.",False,B
normal fault,Geological Structure,"A normal fault is a type of fault, which is explicitly listed as an example of a Geological Structure describing the arrangement of a Geological Object.","A normal fault is a dip-slip fault in which the hanging wall block moves downward relative to the footwall block. This faulting results from extensional tectonic stress, causing crustal lengthening and thinning. In rift basins like the Brazilian Pre-Salt, extensive normal fault systems create the horst and graben structures that form the primary structural traps for hydrocarbon accumulations.",False,B
tectonics,Geological Process,The term is explicitly defined as a set of large-scale geological processes that deform the lithosphere and create or modify geological structures.,"Tectonics is the set of large-scale geological processes that deform a planet's lithosphere, creating major structural features such as continents, ocean basins, mountain ranges, and rift valleys. In the context of the Brazilian Pre-Salt, extensional tectonics associated with the South Atlantic rifting created the graben and horst structures that controlled the deposition of lacustrine source and reservoir rocks. Subsequent salt tectonics, or halokinesis, further modified the structural framework, influencing trap formation and hydrocarbon migration pathways.",False,B
laminite,Sedimentary Rock,"The term is explicitly defined in its NLD as a type of fine-grained sedimentary rock, which is a direct fit for the GeoReservoir category.","Laminite is a fine-grained sedimentary rock that is characterized by a sequence of thin, parallel layers or laminae, typically less than one centimeter in thickness. These laminae often reflect cyclical variations in depositional conditions, such as microbial mat growth alternating with chemical precipitates in a lacustrine setting. In the Brazilian Pre-Salt, microbial laminites are significant as they can constitute both source rocks and sealing intervals.",False,B
rudstone,Sedimentary Rock,The NLD defines rudstone as a specific type of grain-supported sedimentary carbonate rock.,"Rudstone is a grain-supported sedimentary carbonate rock that is characterized by containing more than 10% of grains larger than 2 mm in diameter, with a matrix composed of finer-grained sediment. The large clasts are typically bioclasts, such as mollusk shells or microbialite fragments, and the rock is indicative of high-energy depositional environments where large fragments are transported and deposited with finer sediment filling the interstitial spaces.",False,B
hydrothermal vent complex,Depositional System,"The NLD describes this as an 'assemblage' and 'system' of linked geological features, which aligns with the definition of a depositional system.","A hydrothermal vent complex is a geological system that comprises an assemblage of vents, chimneys, and associated deposits formed by the focused expulsion of heated, mineral-rich fluids onto the seafloor. Within the Brazilian Pre-Salt, these features are linked to Cretaceous magmatism and significantly influence the diagenesis and reservoir quality of adjacent carbonate rocks through fluid-rock interaction and mineral precipitation.",False,B
aquifer,Geological Object,"An aquifer is defined as a subsurface body of rock or unconsolidated material, which fits the definition of a geological object with its own identity and unity criteria.","An aquifer is a subsurface body of permeable rock or unconsolidated material that can store and transmit economically significant quantities of groundwater. In petroleum systems, aquifers are extensive water-bearing rock formations that are in hydraulic communication with a hydrocarbon reservoir, often providing pressure support through a water-drive mechanism. The extensive lacustrine carbonate successions underlying the Brazilian Pre-Salt oil accumulations constitute a regional aquifer system critical to reservoir performance.",False,B
desiccation,Geological Process,The NLD explicitly defines desiccation as a geological process involving the drying of water-saturated sediments.,"Desiccation is a geological process that involves the drying out of water-saturated sediments due to subaerial exposure. This process commonly forms distinctive sedimentary structures, such as mudcracks, and is indicative of peritidal or lacustrine shoreline environments where it can influence early diagenesis.",False,B
aragonite,Earth Material,"Aragonite is a mineral, which is a natural amount of solid matter generated by geological processes, fitting the definition of Earth Material.","Aragonite is a polymorph of calcium carbonate (CaCO₃) that crystallizes in the orthorhombic system, making it less stable than its polymorph, calcite. As a common primary precipitate in lacustrine carbonate systems, its subsequent diagenetic inversion to calcite is a fundamental process controlling the creation of moldic porosity and overall reservoir quality in the Brazilian Pre-Salt.",False,B
espírito santo basin,Depositional System,"The term refers to a large-scale sedimentary basin, which is an aggregate of mereotopologically linked depositional units.","The Espírito Santo Basin is an Atlantic marginal sedimentary basin located offshore southeastern Brazil that was formed during the Early Cretaceous rifting of the South Atlantic Ocean. It contains a complete rift-to-drift succession, including a significant Aptian salt layer that separates the pre-salt and post-salt sequences. The basin is a major hydrocarbon province, with significant production from both post-salt turbidite reservoirs and pre-salt lacustrine carbonate reservoirs analogous to those in the Santos and Campos basins.",False,B
alkaline lacustrine environment,Geological Process,"The term describes the set of physical, chemical, and biological conditions and processes that lead to the formation of specific sedimentary deposits.","An alkaline lacustrine environment is a continental depositional system within a lake that is characterized by water with a pH greater than 7 and high concentrations of dissolved carbonate and bicarbonate ions. Such conditions, often found in hydrologically closed rift basins, promote the direct chemical or microbially-mediated precipitation of carbonate minerals, which are the primary constituents of the Brazilian Pre-Salt reservoirs.",False,B
facies association,Facies Association,"The term is explicitly defined as a group or collective of related sedimentary facies, which directly matches the provided category definition.","A facies association is a group of sedimentary facies that are genetically related and occur together in a predictable pattern. This grouping reflects deposition in adjacent or related sub-environments, and its analysis is fundamental for interpreting the overall depositional system. In the context of the Pre-Salt, identifying specific facies associations, such as those representing high-energy shrubstone shoals or low-energy lacustrine mudflats, is critical for mapping reservoir quality and distribution.",False,B
dolomitization,Geological Process,"The NLD defines the term as a diagenetic process that chemically alters a rock, which fits the definition of a Geological Process.","Dolomitization is a diagenetic process that replaces calcium carbonate minerals with the mineral dolomite through the substitution of calcium ions by magnesium ions. This geochemical alteration, often driven by Mg-rich fluids in burial or hydrothermal settings, can significantly enhance reservoir quality by creating or modifying porosity and permeability.",False,B
fault zone,Geological Object,"The term refers to a distinct, identifiable volume of rock that has been deformed, fitting the definition of a rigid entity with its own identity.","A fault zone is a tabular volume of rock that consists of numerous, closely spaced, and interconnected faults and fractures accommodating strain over a finite width. It typically comprises a central fault core containing fault gouge or cataclasite, surrounded by a damage zone of subsidiary faults and fractures. The properties of a fault zone are critical in petroleum systems as they can form either conduits or barriers to fluid flow.",False,B
flood basalt,Rock,The term refers to a specific type of igneous rock formed from extensive lava flows.,"Flood basalt is an extensive series of basaltic lava flows that erupts from non-explosive, fissure-fed volcanic systems, covering vast areas of land or the ocean floor. These eruptions form large igneous provinces (LIPs) and are characterized by their high volume, low viscosity, and rapid emplacement over geologically short time scales. In the context of the Brazilian Pre-Salt, the Paraná-Etendeka flood basalts represent the volcanic basement emplaced during the Early Cretaceous rifting of Gondwana, upon which the subsequent sag-phase lacustrine source and reservoir rocks were deposited.",False,B
gneiss,Rock,The definition explicitly identifies gneiss as a type of high-grade metamorphic rock.,"Gneiss is a high-grade metamorphic rock that is characterized by a distinct compositional banding where light-colored felsic minerals and dark-colored mafic minerals are segregated into layers. In the context of the Brazilian Pre-Salt, gneiss, along with other crystalline rocks, forms the economic basement beneath the sedimentary rift sequence that contains the hydrocarbon reservoirs.",False,B
florianópolis high,Geological Object,"The term refers to a large-scale, identifiable tectonic feature or geobody that acts as a structural control, fitting the definition of a Geological Object.","The Florianópolis High is a prominent basement high that separates the Santos Basin to the north from the Pelotas Basin to the south offshore southern Brazil. Composed of Precambrian to Paleozoic crystalline rocks, this first-order tectonic feature acted as a major structural control during the opening of the South Atlantic. It marks the southern boundary of the Aptian salt basin, thereby defining the southern limit of the prolific Pre-Salt petroleum province.",False,B
hydrothermal vent,site,"A hydrothermal vent is a fissure or opening in a surface, which is best described as a site—an immaterial entity defined by its relation to a material entity.","A hydrothermal vent is a fissure in a planet's surface from which geothermally heated water issues. These vents are commonly found near volcanically active areas, such as mid-ocean ridges, where the expelled fluids are rich in dissolved minerals that precipitate upon contact with cold ambient water. In the context of the South Atlantic rift, ancient hydrothermal systems are considered a potential source for magnesium-rich fluids that drove diagenetic processes, such as dolomitization, within the Pre-Salt carbonate successions.",False,B
lagoa feia group,Depositional System,"The term refers to a lithostratigraphic group, which is a collection of related sedimentary successions or depositional units, fitting the definition of a Depositional System.","Lagoa Feia Group is a lithostratigraphic group that comprises the syn-rift and early post-rift lacustrine sedimentary succession of the Campos and Santos Basins, deposited during the Early Cretaceous. This unit contains the primary source rocks (organic-rich shales) and the main carbonate reservoirs (coquinas and microbialites) of the Brazilian Pre-Salt petroleum system.",False,B
lake tanganyika,site,"The term refers to a large-scale geological depression, which is analogous to the 'Grand Canyon' example for a BFO site.","Lake Tanganyika is a large rift lake that is located within the East African Rift System and serves as a modern geological analog for the lacustrine carbonate depositional systems of the Brazilian Pre-Salt. Its great depth, prolonged stratification, and anoxic bottom waters create conditions favorable for the preservation of organic matter and the deposition of microbial carbonates, similar to those interpreted for the Aptian sag phase of the South Atlantic.",False,B
intra-alagoas unconformity,Geological Boundary,"The NLD defines this as a surface of discontinuity that separates depositional sequences, which is the definition of a Geological Boundary.","The intra-alagoas unconformity is a regional unconformity that marks a significant stratigraphic break within the Aptian Alagoas Stage of the Brazilian marginal basins. This surface, a key seismic marker in Pre-Salt exploration, separates the lower Alagoas depositional sequence from the upper Alagoas sequence and is associated with a major fall in relative lake level during the late rift to early sag transition.",False,B
organic matter,Earth Material,"The NLD describes it as a natural amount of matter that is a component within geological systems, which fits the definition of Earth Material.","Organic matter is a carbon-based material that is derived from the remains of once-living organisms, such as algae, bacteria, and plants. In petroleum systems, the preservation and subsequent thermal maturation of this material under specific burial conditions leads to the generation of hydrocarbons. The quality and type of organic matter, often classified as kerogen, determine whether oil or gas is generated.",False,B
moldic porosity,quality,"Porosity is a measurable property, or quality, that inheres in a rock, describing its volume of void space.","Moldic porosity is a type of secondary porosity that is formed by the selective dissolution of a soluble component, such as a fossil shell or a grain, leaving a pore space with the shape and size of the original component. This porosity is particularly significant in carbonate reservoirs like the Brazilian Pre-Salt, where the dissolution of aragonitic bivalve shells in lacustrine limestones is a primary mechanism for its creation. The connectivity of moldic pores, which is critical for reservoir permeability, often depends on the original packing of the grains and subsequent fracturing or further dissolution.",False,B
marine carbonate,Sedimentary Rock,"The NLD explicitly defines this term as a type of sedimentary rock, making it a direct fit for the GeoReservoir category.","Marine carbonate is a sedimentary rock that is composed primarily of carbonate minerals, such as calcite and aragonite, which originated and were deposited in a marine environment. These rocks typically form from the accumulation of skeletal fragments of marine organisms, including corals, foraminifera, and mollusks, or through inorganic precipitation from seawater.",False,B
marl,Sedimentary Rock,The NLD defines marl as a type of sedimentary rock composed of calcium carbonate and fine-grained sediment.,"Marl is a sedimentary rock that is composed of a mixture of calcium carbonate and fine-grained siliciclastic sediment, typically clay and silt, in roughly equal proportions. In petroleum systems, particularly within lacustrine rift settings like the Pre-Salt, marls often serve as seals, source rocks, or represent transitional facies between carbonate and siliciclastic depositional environments.",False,B
post-rift phase,Geological Process,The NLD describes this as a phase of basin evolution driven by processes like thermal subsidence and deposition.,"Post-rift phase is a tectono-stratigraphic phase of basin evolution that commences after the cessation of active extensional faulting and is primarily controlled by broad, thermally-driven subsidence. This stage is characterized by the deposition of a widespread and relatively undeformed sedimentary succession, which in the South Atlantic margin includes the Aptian evaporites that form the regional seal for the Pre-Salt petroleum system.",False,B
post-rift sequence,Depositional System,"The NLD defines this as a succession of sedimentary strata, which is an aggregate of linked depositional units forming a system.","A post-rift sequence is a succession of sedimentary strata that is deposited after active extensional faulting associated with a rifting event has ceased. It is characterized by deposition during a phase of regional thermal subsidence, resulting in widespread strata that typically drape over the underlying, fault-bounded syn-rift deposits.",False,B
salt deposit,Sedimentary Rock,"The NLD defines a salt deposit as a body of evaporite rock, which is a type of chemical sedimentary rock.","A salt deposit is a body of evaporite rock that is composed primarily of halite (sodium chloride). In the context of the Brazilian Pre-Salt, these thick Aptian-age evaporite sequences act as a regional top seal, trapping vast hydrocarbon accumulations in the underlying carbonate reservoirs. The ductile nature of salt allows it to flow and deform under pressure, creating complex salt structures (halokinesis) that significantly influence trap formation and overburden stress.",False,B
texture,quality,"The NLD defines texture as a fundamental physical property of a rock, which directly corresponds to the BFO definition of a quality.","Texture is a fundamental physical property of a rock that describes the size, shape, sorting, and fabric of its constituent grains, crystals, or clasts. In sedimentary carbonates, such as those of the Brazilian Pre-Salt, texture is a key control on primary porosity and permeability, distinguishing between mud-supported (e.g., mudstone, wackestone) and grain-supported (e.g., packstone, grainstone) fabrics. The original depositional texture is often modified by diagenetic processes, which can significantly alter reservoir quality.",False,B
precambrian basement,Geological Object,"The term refers to a large-scale, rigid entity composed of crystalline rocks that serves as a structural foundation, fitting the definition of a Geological Object.","Precambrian basement is a complex of crystalline rocks that was formed during the Precambrian eons and serves as the structural foundation upon which younger sedimentary basins are deposited. This complex typically consists of igneous and high-grade metamorphic rocks, such as granites, gneisses, and schists. In petroleum exploration, it is generally considered non-reservoir 'economic basement', but its paleotopography and structural fabric significantly influence the deposition of overlying sedimentary sequences and the development of structural traps.",False,B
weathering,Geological Process,"The definition explicitly describes weathering as a set of physical, chemical, and biological processes that break down rocks and minerals.","Weathering is a set of exogenic processes that breaks down rocks, soils, and minerals at or near the Earth's surface through physical, chemical, and biological means, with no or minimal transport of the resulting material. This process is fundamental in creating unconformities and can significantly enhance reservoir quality by developing secondary porosity, such as through the karstification of exposed carbonate platforms.",False,B
silicification,Geological Process,The definition explicitly identifies silicification as a diagenetic process that modifies the composition of rocks by replacing minerals with silica.,"Silicification is a diagenetic process that involves the replacement of pre-existing minerals, particularly carbonates, by silica minerals such as quartz, chert, or opal. This process can significantly alter reservoir quality by either occluding porosity or creating a rigid framework that preserves pore space during burial.",False,B
depositional facies,Sedimentary Facies,"The term refers to the sum of sedimentological characteristics of a rock body, which is the exact definition of a Sedimentary Facies.","Depositional facies is a body of rock that is characterized by a distinct set of lithological, biological, and sedimentary structural attributes reflecting its formation within a specific depositional environment. In petroleum geology, the mapping of depositional facies is critical for predicting the distribution and quality of reservoir, source, and seal rocks, such as the lacustrine carbonate reservoirs of the Brazilian Pre-Salt.",False,B
fan delta,Depositional System,"The definition explicitly identifies a fan delta as a 'depositional system' composed of linked depositional elements, matching the definition of a Depositional System.","A fan delta is a clastic depositional system that is formed where an alluvial fan progrades directly into a standing body of water, such as a lake or sea. It is characterized by a triangular or fan-shaped morphology and coarse-grained, poorly sorted sediments deposited on a steep subaqueous slope. These systems are common along tectonically active margins, such as the fault-bounded borders of rift basins, and can form significant reservoirs.",False,B
gas,Earth Fluid,"The NLD defines gas as a naturally occurring fluid mixture of hydrocarbons found in geological systems, which directly aligns with the definition of an Earth Fluid.","Gas is a naturally occurring mixture of hydrocarbon gases that is found in a gaseous state at standard temperature and pressure conditions. It consists predominantly of methane (CH4) but may also contain varying amounts of other higher alkanes and non-hydrocarbon gases such as carbon dioxide (CO2) and nitrogen (N2). In petroleum systems, it can exist as free gas in a gas cap, as associated gas dissolved in crude oil, or as non-associated gas in dedicated gas reservoirs.",False,B
deep water,site,"The NLD describes a depositional environment defined by its location and depth, which corresponds to a BFO site, an immaterial entity whose boundaries are determined in relation to material entities.","Deep water is a marine or lacustrine depositional environment that is located basinward of the continental or platform shelf break, generally in water depths exceeding 200 meters. In petroleum geology, this environment is characterized by sediment gravity flows, such as turbidites and debrites, which can form significant hydrocarbon reservoirs in slope and basin floor settings.",False,B
lula field,Depositional System,"The NLD describes the Lula field as a collection of producing carbonate reservoirs, which aligns with the definition of a Depositional System as an aggregate of linked Depositional Units.","Lula field is a giant offshore oil and gas field located in the Santos Basin, Brazil, that produces from carbonate reservoirs of the pre-salt succession. The primary reservoirs are Aptian-age microbial and bioclastic carbonates of the Barra Velha Formation, representing one of the most significant discoveries in the Brazilian Pre-Salt play. Originally named Tupi, the field was renamed Lula in 2020.",False,B
late cretaceous,Geological Time Interval,"The NLD explicitly defines the term as a geological epoch spanning a specific time interval, which directly matches the definition of a Geological Time Interval.","Late Cretaceous is a geological epoch of the Mesozoic Era that spans the time interval from approximately 100.5 to 66 million years ago, representing the final part of the Cretaceous Period. In the context of the South Atlantic, this epoch is marked by significant thermal subsidence following the main rifting phase, leading to the deposition of thick marine clastic and carbonate sequences of the post-salt section. These deposits form the primary overburden for the underlying Aptian pre-salt petroleum systems, playing a critical role in their thermal maturation and preservation.",False,B
lake water,Earth Fluid,"The NLD describes an aqueous medium (water) that occupies a geological basin, which is a direct instance of an Earth Fluid.","Lake water is the aqueous medium that occupies a lacustrine basin and whose specific geochemical properties control sedimentation and diagenesis. In the context of the Brazilian Pre-Salt, this water was characterized by high alkalinity and variable salinity, often exhibiting strong density and chemical stratification. These conditions were critical for promoting the widespread precipitation of carbonate reservoir facies and the preservation of organic matter in anoxic bottom waters, which formed world-class source rocks.",False,B
marine environment,site,"A marine environment is a three-dimensional region defined by the presence of seawater where geological processes like deposition occur, matching the definition of a site.","A marine environment is a depositional environment that is characterized by the presence of seawater. It is broadly classified by water depth and distance from shore into zones such as neritic, bathyal, and abyssal, each with distinct sedimentary, chemical, and biological characteristics that influence the potential for petroleum source and reservoir rock deposition.",False,B
petroleum system,Depositional System,"A petroleum system is a collection of genetically related geological elements (source, reservoir, seal rocks) that function as a unit, which aligns with the definition of a Depositional System as an aggregate of linked geological units.","A petroleum system is a unified natural system that encompasses all the essential geological elements and processes required for the formation and accumulation of hydrocarbons. The essential elements include a source rock, reservoir rock, seal rock, and overburden rock, while the critical processes are trap formation and the generation, migration, and accumulation of petroleum. The system is defined by a specific active source rock and all the genetically related oil and gas accumulations, providing a framework for assessing exploration risk.",False,B
pyramid lake,site,"Pyramid Lake is a specific geographic feature, a depression in the Earth's surface filled with water, which corresponds to the definition of a site as a three-dimensional entity defined in relation to material entities.","Pyramid Lake is a terminal alkaline lake in Nevada that is a remnant of the Pleistocene Lake Lahontan, characterized by extensive modern and ancient tufa formations. Due to its unique hydrochemistry and associated microbial carbonate precipitates, it serves as a critical modern analog for understanding the depositional environments and reservoir facies of the lacustrine carbonate systems of the Brazilian Pre-Salt.",False,B
ooid,Geological Object,"An ooid is a discrete, coated sedimentary grain, which fits the definition of a Geological Object as a rigid entity with its own identity and unity criteria, like a crystal or nodule.","An ooid is a coated sedimentary carbonate grain that is characterized by a nucleus surrounded by a cortex of concentric laminae and is typically less than 2 mm in diameter. They form in high-energy, shallow, carbonate-saturated aquatic environments, such as the lacustrine shoals of the Pre-Salt, where agitation allows for the regular precipitation of carbonate layers around a nucleus. Accumulations of ooids form oolitic grainstones, which often possess high primary interparticle porosity and can constitute significant hydrocarbon reservoirs.",False,B
platform,Depositional Unit,"A platform is described as a large-scale, mappable depositional body built from sediment accumulation, which directly aligns with the definition of a Depositional Unit.","A platform is a broad, relatively flat-topped depositional body that is built up primarily by the accumulation of carbonate sediments in a shallow marine or lacustrine setting. Within the Brazilian Pre-Salt, these features are extensive lacustrine carbonate platforms that developed during the sag phase and controlled the distribution of key microbialite and coquina reservoir facies.",False,B
shrub,Sedimentary Geological Object,"The term refers to a distinct microbial carbonate structure, which is a type of geological object constituted by sedimentary material.","A shrub is a type of microbial carbonate structure that is characterized by a distinctive branching, bush-like morphology. These structures form through the organomineralization of microbial communities, resulting in calcite precipitation that creates a complex internal fabric. In the context of the Brazilian Pre-Salt, shrubs are a fundamental building block of the lacustrine carbonate reservoirs, contributing significantly to reservoir volume and heterogeneity.",False,B
sandstone,Sedimentary Rock,The definition explicitly identifies sandstone as a type of clastic sedimentary rock composed of sand-sized grains.,"Sandstone is a clastic sedimentary rock that is composed predominantly of sand-sized mineral, rock, or organic fragments, typically ranging from 0.0625 to 2 millimeters in diameter. The framework grains, most commonly quartz, are bound together by a mineral cement or a finer-grained matrix. Due to its typically high porosity and permeability, sandstone constitutes one of the most significant conventional reservoir rock types in petroleum systems worldwide.",False,B
silica cement,Earth Material,"Silica cement is a natural amount of solid mineral matter that fills pore spaces within a rock, fitting the definition of an Earth Material.","Silica cement is a type of authigenic mineral precipitate that is composed of silica (SiO2) and fills the pore spaces of a sedimentary rock, binding the grains together. It commonly occurs as syntaxial quartz overgrowths on detrital quartz grains or as microcrystalline quartz (chert) and chalcedony, and its precipitation generally reduces reservoir quality by occluding primary and secondary porosity.",False,B
south atlantic,site,"The South Atlantic is an ocean basin, which is a large-scale three-dimensional site whose boundaries are defined by the surrounding continental landmasses.","The South Atlantic is an ocean basin that formed during the Mesozoic Era through the rifting and subsequent separation of the South American and African continents. Its tectonic evolution governed the creation of the conjugate passive margins, including the extensive rift systems that host the prolific Pre-Salt petroleum systems of Brazil and West Africa. The basin's history progressed from an early continental rift phase, characterized by lacustrine deposition, to a later marine drift phase following the establishment of a permanent oceanic connection.",False,B
basement high,Geological Object,"A basement high is a distinct, uplifted block of rock, which is a rigid entity with its own identity and unity criteria, fitting the definition of a Geological Object.","A basement high is an uplifted block of crystalline basement rock that forms a positive topographic or structural feature influencing the deposition of overlying sedimentary strata. In rift settings, such as the Brazilian Pre-Salt, these features are fundamental in controlling the architecture of syn-rift and post-rift sequences, often localizing the development of carbonate reservoirs and influencing hydrocarbon migration and trapping.",False,B
climate change,Geological Process,The NLD describes it as a long-term shift and a series of processes that control and modify the deposition and character of geological objects like sedimentary facies.,"Climate change is a long-term shift in global or regional climate patterns that involves significant and lasting changes in average weather conditions, such as temperature, precipitation, and atmospheric circulation. In the geological record, climate change is evidenced by variations in sedimentary facies, isotopic signatures, and fossil assemblages, which reflect past environmental fluctuations. For the Brazilian Pre-Salt, major climatic shifts during the Aptian, including periods of aridification, are considered a primary control on the deposition and character of the lacustrine carbonate reservoir facies.",False,B
deformation,Geological Process,"The definition explicitly states that deformation is a geological process that changes the shape, size, or orientation of a rock body.","Deformation is a geological process that changes the original shape, size, or orientation of a rock body in response to applied stress. This process includes brittle faulting and ductile folding, which are fundamental to the formation of structural traps and can significantly influence reservoir quality by creating fracture networks or permeability barriers.",False,B
wave base,fiat surface,"Wave base is an immaterial, two-dimensional boundary whose location within a body of water is determined by the physical process of wave action.","Wave base is the water depth below which the orbital motion of surface waves ceases to interact with and move sediment on the seafloor or lakebed. A distinction is made between the shallower fair-weather wave base, affected by daily wave action, and the deeper storm wave base, which is only reached by high-energy storm-generated waves.",False,B
oceanic crust,Geological Object,"Oceanic crust is a distinct, large-scale, rigid geological body with its own identity criteria, formed by geological processes like seafloor spreading.","Oceanic crust is the layer of the Earth's lithosphere that underlies the ocean basins and is primarily composed of mafic rocks like basalt and gabbro. It is significantly thinner and denser than continental crust, with a typical thickness of 5 to 10 kilometers. This crust is continuously formed at mid-ocean ridges through seafloor spreading and is recycled back into the mantle at subduction zones.",False,B
gondwana,Geological Object,"Gondwana was a supercontinent, which is a large-scale, unified geological body with a distinct identity and existence in geological time.","Gondwana is a large supercontinent that existed from the Neoproterozoic until the Jurassic. The rifting and subsequent breakup of West Gondwana, specifically the separation of the South American and African plates during the Early Cretaceous, created the extensional tectonic setting and accommodation space for the deposition of the lacustrine carbonate successions of the Brazilian Pre-Salt.",False,B
pre-salt section,Depositional System,"The term refers to a large-scale stratigraphic succession composed of multiple, linked depositional units like reservoirs and source rocks.",The pre-salt section is a Neocomian to Barremian/Early Aptian stratigraphic succession that was deposited in a rift basin setting prior to the widespread deposition of the Aptian evaporite (salt) layer in the South Atlantic marginal basins. This section encompasses the syn-rift and sag phases of basin evolution and hosts the prolific lacustrine carbonate reservoirs and source rocks that constitute the primary petroleum system of Brazil's offshore basins.,False,B
oil,Earth Fluid,"The definition explicitly describes oil as a naturally occurring liquid petroleum, which is a type of fluid found within the Earth.","Oil is a naturally occurring liquid petroleum that consists of a complex mixture of hydrocarbons generated from the thermal maturation of organic matter within a source rock. After generation, it migrates and accumulates in a reservoir rock, forming a petroleum deposit. The oils found in the Brazilian Pre-Salt are characteristically light crudes with low sulfur content, sourced from organic-rich lacustrine shales.",False,B
tectono-stratigraphic evolution,Geological Process,The term describes the geological history and interplay of tectonic and depositional processes that modify geological objects over time.,"Tectono-stratigraphic evolution is the geological history that describes the interplay between tectonic processes and the resulting deposition, geometry, and preservation of sedimentary sequences through time. This framework is used to reconstruct how events like continental rifting, thermal subsidence, and salt tectonics have controlled the development of depositional systems and the architecture of stratigraphic units within a basin. Understanding this evolution is fundamental for predicting the distribution of source rocks, reservoirs, and seals in exploration.",False,B
depositional model,generically dependent continuant,"The term is defined as a conceptual framework or model, which is an abstract pattern or content that can have multiple copies.","A depositional model is a conceptual framework that describes and predicts the spatial and temporal distribution of sedimentary facies within a specific depositional environment. It integrates observations of sedimentary structures, lithology, and fossil content to explain the processes and geometry of sediment accumulation. In petroleum geology, these models are critical for predicting the location, geometry, and quality of potential reservoir, source, and seal rocks.",False,B
erosional truncation,Geological Structure,"The term describes a specific geometric arrangement and termination of strata, which is a configuration of geological parts.","Erosional truncation is a termination of strata that results from the removal of the upper part of a stratigraphic unit by erosion, causing underlying, often tilted, layers to be cut off by an overlying unconformity surface. In seismic reflection data, it is identified by the angular termination of underlying reflectors against a younger, continuous reflector representing the unconformity. This geometric relationship is a primary indicator of an unconformity and often forms the upper boundary of structural or stratigraphic traps.",False,B
post-depositional faulting,Geological Process,"The NLD explicitly defines this as a structural deformation process that fractures and displaces rock strata, which is the definition of a Geological Process.","Post-depositional faulting is a structural deformation process that involves the fracturing and displacement of rock strata along a fault plane after the initial deposition of the sediments. This process can occur at any time during burial history, from early compaction to later tectonic events, and significantly impacts reservoir continuity, trap integrity, and fluid migration pathways.",False,B
basin,site,"A basin is a large-scale depression in the Earth's crust that serves as a container for sediment accumulation, fitting the BFO definition of a site.","A basin is a large-scale structural and topographic depression in the Earth's crust that serves as a depocenter for the accumulation of sediments over geological time. These features are formed by tectonic processes such as rifting or subsidence, creating the accommodation space necessary for the deposition of thick sedimentary sequences. Basins are the fundamental geological setting for the development of petroleum systems, containing the source, reservoir, and seal rocks.",False,B
facies variation,Facies Association,"The term describes lateral and vertical changes in facies characteristics, which implies a collection of different but related facies, fitting the definition of a Facies Association.","Facies variation is a geological phenomenon that describes the lateral and vertical changes in the lithological, biological, and physical characteristics of a sedimentary rock unit. These changes, which reflect shifts in the depositional environment, directly control the spatial distribution and heterogeneity of reservoir properties, making their prediction critical for hydrocarbon exploration and production.",False,B
carbonate mound,Mound Unit,"The NLD describes a positive topographic sedimentary body with a mound shape composed of carbonate material, which is a specific instance of a Mound Unit.","A carbonate mound is a positive topographic sedimentary body that is composed primarily of carbonate material and lacks the rigid organic framework characteristic of a true reef. Its accumulation is typically driven by in-situ microbial growth or the baffling and trapping of carbonate mud and grains by organisms, forming features such as microbialites or bioclastic buildups. In lacustrine settings like the Brazilian Pre-Salt, these mounds constitute major reservoir facies with complex porosity systems.",False,B
lacustrine setting,site,"A lacustrine setting is a depositional environment within a lake basin, which acts as a location for processes and fits the BFO definition of a site.","A lacustrine setting is a continental depositional environment that is characterized by the accumulation of sediments within a lake basin. These settings can range from freshwater to highly saline and alkaline systems, with sedimentation patterns controlled by climate, tectonics, and water chemistry. In the context of the Brazilian Pre-Salt, this environment corresponds to the extensive, tectonically-controlled sag basin where unique saline and alkaline waters promoted the widespread deposition of microbial and bioclastic carbonates.",False,B
hanging wall,Geological Object,"The term refers to a specific, identifiable block of rock, which aligns with the definition of a Geological Object as a rigid entity with its own identity.","A hanging wall is the block of rock that is positioned above an inclined fault plane. It is distinguished from the footwall, which is the block situated below the fault. In extensional tectonic regimes, such as those that formed the Pre-Salt basins, the hanging wall moves downward relative to the footwall along a normal fault, creating accommodation space and forming potential structural traps for hydrocarbons.",False,B
macabu formation,Geological Object,"The term refers to a named geological formation, which is a large-scale, identifiable body of rock, fitting the definition of a Geological Object.","Macabu Formation is a geological formation that is composed predominantly of Aptian-age volcanic and volcaniclastic rocks and constitutes the economic basement in much of the Campos Basin, Brazil. Deposited during the early rift phase of the South Atlantic opening, it underlies the lacustrine sedimentary rocks of the Lagoa Feia Group.",False,B
magmatism,Geological Process,"The definition explicitly describes magmatism as a geological process involving the generation, movement, and solidification of magma, which directly aligns with the Geological Process category.","Magmatism is a complex geological process that encompasses the generation, migration, emplacement, and solidification of molten rock (magma). In extensional settings such as the South Atlantic rift, this process results in the formation of volcanic and sub-volcanic igneous bodies that are interlayered with or intrude into the sedimentary succession. These igneous rocks can significantly impact petroleum systems by influencing the thermal maturation of source rocks, acting as seals or flow barriers, and locally forming fractured reservoirs.",False,B
phanerozoic,Geological Time Interval,"The term refers to a specific eon in the geologic time scale, which is a primary example of a Geological Time Interval.","Phanerozoic is a geologic eon that spans from approximately 538.8 million years ago to the present, characterized by the proliferation of abundant and diverse animal and plant life. It is subdivided into the Paleozoic, Mesozoic, and Cenozoic eras, and its name, meaning 'visible life', refers to the appearance of organisms with hard parts preserved in the fossil record.",False,B
magmatic event,Geological Process,"The term describes a geological episode involving the generation and movement of magma, which is a type of Geological Process that modifies the Earth's crust.","A magmatic event is a geological episode that involves the generation, movement, emplacement, and solidification of magma or lava. In the context of the South Atlantic rift, these events are associated with the emplacement of volcanic and sub-volcanic rocks during continental break-up, which can significantly influence the petroleum system by affecting the thermal regime and stratigraphy.",False,B
precambrian,Geological Time Interval,"The term is explicitly defined as a supereon, which is a vast interval of geologic time.","Precambrian is a supereon of geologic time that precedes the Phanerozoic Eon and encompasses the Hadean, Archean, and Proterozoic eons. This vast interval, spanning from Earth's formation to the start of the Cambrian Period approximately 538.8 million years ago, represents the time before the proliferation of complex, multicellular life. In the context of Brazilian geology, Precambrian rocks form the crystalline basement upon which younger sedimentary basins, including those hosting the Pre-Salt sequence, were deposited.",False,B
base salt,Sedimentary Rock,"The term refers to a stratigraphic unit primarily defined by its composition of halite, which is a chemical sedimentary rock.","Base salt is a stratigraphic salt unit that constitutes the lowermost part of a salt succession, directly overlying the pre-salt sequence. In the context of the Brazilian Pre-Salt, this Aptian-age unit is typically composed of halite and acts as the primary regional seal for the underlying lacustrine carbonate reservoirs, with its top surface often marking the onset of significant salt tectonics.",False,B
crystal shrub,Geological Structure,"The term describes a distinctive fabric, which is a specific internal arrangement or configuration of crystals within a rock.","A crystal shrub is a distinctive diagenetic crystal fabric that is characterized by a dendritic, bush-like arrangement of calcite crystals. Commonly found in the lacustrine carbonate reservoirs of the Brazilian Pre-Salt, these structures are interpreted to have formed through microbially-influenced precipitation in alkaline lake settings. The complex branching morphology of crystal shrubs contributes significantly to the development of high-quality reservoir porosity.",False,B
rift basin,Sedimentary Geological Object,"A rift basin is a large-scale sedimentary basin, which is a type of geological object defined by its structure and sedimentary fill.","A rift basin is a sedimentary basin that is formed by the extensional tectonics of continental crust, resulting in subsidence bounded by normal faults. These basins are characterized by a syn-rift phase with rapid subsidence and deposition of lacustrine sediments, followed by a post-rift or sag phase of thermal subsidence, a sequence critical to the formation of petroleum systems like the Brazilian Pre-Salt.",False,B
marine system,Depositional System,"The term describes a geological system comprising linked depositional environments and their products, which directly aligns with the definition of a Depositional System.","A marine system is a geological system that comprises the depositional environments, sedimentary processes, and biological activity occurring within oceans, seas, or other bodies of saline water. Such systems are critical for the formation of many conventional petroleum systems, depositing organic-rich source rocks in anoxic basins and forming extensive carbonate and clastic reservoirs. This is distinct from the giant lacustrine systems, characterized by saline-to-hypersaline lakes, where the Brazilian pre-salt reservoirs were deposited.",False,B
antecedent topography,Geological Boundary,The term describes a pre-existing land surface that acts as a physical discontinuity or boundary controlling subsequent sediment deposition.,"Antecedent topography is a pre-existing land surface that controls the spatial distribution, thickness, and facies of subsequently deposited sedimentary successions. In the context of the Brazilian Pre-Salt, it specifically refers to the rift-related horst and graben structures formed prior to the deposition of the Aptian sag-phase carbonates. This inherited relief was a primary control on the location of carbonate factories and the development of reservoir facies.",False,B
pre-salt play,generically dependent continuant,"The term describes a conceptual model or pattern (a ""play concept"") that groups geological elements and processes, which can be instantiated in multiple locations.","A pre-salt play is a petroleum play that targets hydrocarbon accumulations in reservoirs situated stratigraphically beneath a thick, extensive evaporite sequence. This play concept is typified by the Brazilian Pre-Salt, where lacustrine source rocks charge microbial and bioclastic carbonate reservoirs within rift-related structural highs, all effectively sealed by the overlying Aptian salt.",False,B
silica nodule,Geological Object,"The term describes a discrete, unified mass (a nodule) formed by a geological process (diagenesis), which aligns with the definition of a Geological Object.","A silica nodule is a diagenetic feature that is composed primarily of microcrystalline or cryptocrystalline quartz and forms as a discrete, often irregular to spheroidal mass within a host sedimentary rock. These nodules, commonly known as chert or flint, typically form through the replacement of the host rock, such as limestone or dolostone, or by direct precipitation of silica from pore fluids. Their presence can significantly impact reservoir quality by creating zones of low porosity and permeability, although fracturing of brittle nodules can sometimes enhance secondary porosity.",False,B
depositional setting,site,"The term describes a geological environment defined by a set of conditions in a specific location where deposition occurs, which corresponds to the BFO definition of a site.","A depositional setting is a geological environment that is characterized by the specific physical, chemical, and biological conditions under which a particular assemblage of sediments accumulates. These conditions, including water depth, energy, sediment supply, and climate, determine the resulting sedimentary facies and their geometry. In the context of the Brazilian Pre-Salt, key depositional settings include the various sub-environments within a large-scale lacustrine carbonate system.",False,B
cyclothem,Depositional Unit,"The term describes a recognizable stratigraphic unit composed of a succession of sedimentary beds deposited during a single cycle, fitting the definition of a Depositional Unit.","A cyclothem is a stratigraphic unit that comprises a succession of beds deposited during a single, repeated sedimentary cycle. These cycles are typically driven by allocyclic mechanisms such as glacio-eustatic sea-level changes or, in lacustrine basins like the Pre-Salt, by orbitally-forced climate changes affecting lake level and water chemistry, resulting in a predictable vertical succession of facies.",False,B
geological record,generically dependent continuant,"The geological record is an abstract chronicle or pattern of information derived from physical geological entities, fitting the definition of a shareable content pattern.","The geological record is the chronicle of Earth's history that is preserved in the sequence of rock strata, their contained fossils, and their structural relationships. Although inherently incomplete due to processes like erosion and non-deposition, it provides the fundamental evidence for reconstructing past environments, tectonic events, and the evolution of life, which is essential for resource exploration.",False,B
evaporitic lake,site,"An evaporitic lake is a depositional environment, which is a three-dimensional location or container for geological materials and processes, fitting the definition of a site.","An evaporitic lake is a lacustrine depositional environment that is characterized by net evaporation rates exceeding water inflow, leading to the concentration of dissolved solids and the chemical precipitation of evaporite minerals. These environments, common in arid rift settings, are responsible for depositing thick sequences of halite and anhydrite that form the regional seal for major petroleum systems, such as the Aptian salt overlying the Brazilian Pre-Salt reservoirs.",False,B
microbial macrostructure,Sedimentary Structure,"The term is explicitly defined as an organosedimentary structure, which aligns with the definition of a pattern of internal arrangement within or comprising depositional units.","A microbial macrostructure is an organosedimentary structure that is formed by the in-situ metabolic activities of microorganisms, such as trapping, binding, and/or precipitating sediment. These structures, which include stromatolites, thrombolites, and dendrolites, can form large-scale buildups that are a key component of the lacustrine carbonate reservoirs of the Brazilian Pre-Salt.",False,B
hyper-alkaline lake,site,"A hyper-alkaline lake is a depositional environment or system, which is a three-dimensional location that contains geological materials and processes, fitting the definition of a site.","A hyper-alkaline lake is a lacustrine system that is characterized by a persistently high pH, typically above 9.0, due to high concentrations of dissolved carbonate and bicarbonate ions. This environment is often saline and characterized by high Mg/Ca and Si/Al ratios, which favor the abiotic or microbially-mediated precipitation of non-skeletal carbonates. In the context of the Brazilian Pre-Salt, Aptian-age hyper-alkaline lacustrine systems are considered the primary depositional setting for the microbial carbonate reservoirs.",False,B
microbial microstructure,Sedimentary Facies,"The term describes a primary sedimentary fabric or texture, which constitutes the visual pattern of properties used to define facies in sedimentary rocks.","A microbial microstructure is a primary sedimentary fabric that is formed by the in-situ metabolic activities of microorganisms, such as trapping, binding, and precipitating minerals. These microstructures, which include clotted, peloidal, and dendritic textures, are the fundamental building blocks of microbialites. In the context of Brazilian Pre-Salt carbonates, the analysis of microbial microstructures is critical for defining reservoir facies and understanding the development of complex pore systems.",False,B
water depth,Dimension,"The NLD defines the term as a 'vertical distance,' which is a one-dimensional extent, matching the definition of the GeoReservoir class 'Dimension'.","Water depth is the vertical distance that extends from a water surface, such as mean sea level or a lake surface, to the underlying seafloor or lakebed. In a depositional context, such as the lacustrine systems of the Brazilian Pre-Salt, paleo-water depth is a primary control on facies distribution, carbonate factory type, and the development of reservoir versus source rock intervals.",False,B
