Term,Parent_Term,Relationship_Type,Category,Is_Intermediate,NLD,FALLBACK,Category_IRI,Parent_IRI
channel,Channel Unit,rdfs:subClassOf,Channel Unit,False,"A channel is an elongate geological feature that acts as a conduit for sediment transport or focused fluid flow. In the Brazilian Pre-Salt, this term describes both large-scale depositional landforms, such as fluvial and slope channels that distribute sediments, and smaller-scale diagenetic conduits formed by dissolution that create interconnected porosity.",False,https://www.inf.ufrgs.br/bdi/ontologies/GEORES_0000008,https://www.inf.ufrgs.br/bdi/ontologies/GEORES_0000008
alluvial fan,Architectural Element,rdfs:subClassOf,Architectural Element,False,"An alluvial fan is a fan-shaped depositional landform that is formed by the accumulation of sediment deposited by a stream at the base of a topographic escarpment, typically along the margins of extensional rift basins. In lacustrine rift settings, such as the Brazilian Pre-Salt, these fans can build directly into a lake to form a fan delta. Sediments delivered by the fan, such as from sheet floods or terminal splays, can be reworked by waves at the lake margin to form well-sorted carbonate grainstone and rudstone bodies that constitute significant reservoirs.",False,https://www.inf.ufrgs.br/bdi/ontologies/GEORES_0000006,https://www.inf.ufrgs.br/bdi/ontologies/GEORES_0000006
growth strata,Architectural Element,rdfs:subClassOf,Architectural Element,False,"Growth strata are sedimentary deposits that accumulate contemporaneously with active faulting, resulting in a characteristic wedge-shaped geometry that thickens toward the controlling fault. These syn-tectonic packages exhibit internal divergent reflections on seismic data and record the history of fault movement and subsidence. In the Brazilian Pre-Salt, growth strata are a key feature of the syn-rift succession, filling half-graben basins created during the Early Cretaceous rifting of the South Atlantic.",False,https://www.inf.ufrgs.br/bdi/ontologies/GEORES_0000006,https://www.inf.ufrgs.br/bdi/ontologies/GEORES_0000006
sedimentary basin,Basin,rdfs:subClassOf,Basin,False,"A sedimentary basin is a large-scale depression in the Earth's crust that is formed by tectonic processes and serves as a site for the long-term accumulation of sediments. These sedimentary sequences are deposited on a crystalline basement, with their evolution often governed by distinct tectonic phases, such as the rift and drift stages that formed the Brazilian offshore basins and host significant hydrocarbon accumulations.",False,https://www.inf.ufrgs.br/bdi/ontologies/GEORES_0000039,https://www.inf.ufrgs.br/bdi/ontologies/GEORES_0000039
basin,sedimentary basin,rdfs:subClassOf,Basin,False,"A basin is a large-scale structural depression in the Earth's crust that forms due to tectonic processes, such as rifting and crustal stretching, and serves as a depocenter for the accumulation of sediments. On the Brazilian continental margin, these rift basins were created by the breakup of the Gondwana supercontinent, are often bounded by structural highs, and host the nation's most significant hydrocarbon accumulations within their sedimentary fill.",False,https://www.inf.ufrgs.br/bdi/ontologies/GEORES_0000039,
rift basin,sedimentary basin,rdfs:subClassOf,Basin,False,"A rift basin is a sedimentary basin that is formed by the tectonic extension and thinning of the lithosphere, resulting in an elongated depression bounded by normal faults. These basins are typically characterized by a syn-rift stage of active faulting and rapid subsidence that deposits wedge-shaped sedimentary packages, followed by a post-rift stage of slower, broader thermal subsidence. In the South Atlantic, these basins developed during the breakup of the Gondwana supercontinent and contain the foundational pre-salt sequences.",False,https://www.inf.ufrgs.br/bdi/ontologies/GEORES_0000039,
sag basin,sedimentary basin,rdfs:subClassOf,Basin,False,"A sag basin is a large, laterally continuous sedimentary basin that is generated predominantly by slow, regional thermal subsidence following an active rifting phase. This post-rift stage is characterized by relatively constant and low subsidence rates across the basin with minimal tectonic activity compared to the preceding rift. In the Brazilian Pre-Salt, the sag phase represents a transitional sequence from continental to marine environments, encompassing the deposition of the lacustrine carbonate reservoirs of the Barra Velha Formation.",False,https://www.inf.ufrgs.br/bdi/ontologies/GEORES_0000039,
passive-margin basin,sedimentary basin,rdfs:subClassOf,Basin,False,"A passive-margin basin is a sedimentary basin that develops on a passive continental margin, formed under an extensional tectonic regime during the breakup of a continent. Its evolution is characterized by a post-rift phase of thermal subsidence and a general lack of significant tectonic or volcanic activity, leading to the deposition of thick sedimentary successions such as those found in the Santos and Campos Basins.",False,https://www.inf.ufrgs.br/bdi/ontologies/GEORES_0000039,
campos basin,passive-margin basin,rdf:type,Basin,False,"The Campos Basin is a passive-margin sedimentary basin that formed during the Early Cretaceous breakup of Gondwana and is located on the southeastern Brazilian continental margin, bounded by the Cabo Frio High to the south and the Vitória High to the north. It is a historically prolific hydrocarbon province whose tectono-stratigraphic evolution, comprising rift and post-rift phases, led to the development of significant pre-salt lacustrine carbonate reservoirs sealed by a thick salt layer.",False,https://www.inf.ufrgs.br/bdi/ontologies/GEORES_0000039,
santos basin,passive-margin basin,rdf:type,Basin,False,"Santos Basin is an offshore sedimentary basin on the southeastern Brazilian margin that was formed during the Early Cretaceous breakup of the Gondwana supercontinent, bounded to the north by the Campos Basin and to the south by the Pelotas Basin. Covering an area of approximately 350,000 km², its sedimentary fill is divided into rift, post-rift, and drift supersequences and hosts the globally significant hydrocarbon accumulations of the Brazilian Pre-Salt.",False,https://www.inf.ufrgs.br/bdi/ontologies/GEORES_0000039,
pelotas basin,passive-margin basin,rdf:type,Basin,False,"The Pelotas Basin is a sedimentary basin on the southeastern Brazilian Atlantic margin that is located south of the Santos Basin and is characterized as a classic volcanic passive margin. It is separated from the Santos Basin to the north by the Florianopolis High and, unlike the magma-poor Santos and Campos basins, contains huge rifts filled predominantly with volcanic material. Like adjacent basins, it formed as a marginal depression during the Early Cretaceous breakup of the Gondwana supercontinent.",False,https://www.inf.ufrgs.br/bdi/ontologies/GEORES_0000039,
espírito santo basin,passive-margin basin,rdf:type,Basin,False,"The Espírito Santo Basin is a sedimentary basin that is situated on the eastern Brazilian continental margin and is bounded to the south by the Vitória High, which separates it from the Campos Basin. Like adjacent basins, it was formed during the Early Cretaceous breakup of Gondwana and contains significant hydrocarbon accumulations in its pre-salt and post-salt sequences, making it an important petroleum province.",False,https://www.inf.ufrgs.br/bdi/ontologies/GEORES_0000039,
namibe basin,passive-margin basin,rdf:type,Basin,False,"The Namibe Basin is a South Atlantic marginal sedimentary basin that is located offshore Angola and Namibia and represents the African conjugate to the Brazilian Santos Basin. Formed during the Early Cretaceous continental breakup, it shares a common rift history and a pre-salt depositional system with its Brazilian counterpart, making its carbonate successions a key subject for comparative geological studies.",False,https://www.inf.ufrgs.br/bdi/ontologies/GEORES_0000039,
structural low,basin,rdfs:subClassOf,Basin,False,"A structural low is a tectonically formed depression in the subsurface that is characterized by a lower structural elevation relative to adjacent areas, such as horsts or structural highs. In the Brazilian Pre-Salt, these features often correspond to grabens and half-grabens created during the rift phase, which control the depositional architecture and thickness of overlying sedimentary sequences. They are identified on seismic data as areas of lower elevation on structural contour maps of key horizons, particularly the top of the basement.",False,https://www.inf.ufrgs.br/bdi/ontologies/GEORES_0000039,
depocenter,structural low,rdfs:subClassOf,Basin,False,"A depocenter is a structural low within a sedimentary basin that is characterized by the greatest thickness of accumulated sediment. In the Brazilian Pre-Salt rift setting, these features are typically fault-controlled depressions, such as half-grabens, that provide the accommodation space necessary for the deposition and preservation of thick lacustrine carbonate successions. The migration and evolution of these depocenters through time directly control the distribution and architecture of reservoir bodies.",False,https://www.inf.ufrgs.br/bdi/ontologies/GEORES_0000039,
half-graben,structural low,rdfs:subClassOf,Basin,False,"A half-graben is a structural basin that is bounded on one side by a major normal or listric fault, resulting in a characteristic wedge-shaped geometry with rotated internal blocks. Formed during extensional tectonics, these structures in the Brazilian Pre-Salt are filled with syn-rift deposits and can vary from narrow, discontinuous features to wide, continuous basins.",False,https://www.inf.ufrgs.br/bdi/ontologies/GEORES_0000039,
Geological Object,basin,rdfs:subClassOf,Basin,True,A Geological Object is a material entity that is a part of or constitutes the geosphere.,False,https://www.inf.ufrgs.br/bdi/ontologies/GEORES_0000039,
búzios field,Geological Object,rdf:type,Basin,False,"Búzios Field is a supergiant oil and gas field that contains the largest known pre-salt hydrocarbon accumulation by volume, located in the ultra-deep waters of the northern Santos Basin, Brazil. Discovered in 2010, its reservoirs are hosted within Barremian-Aptian age lacustrine carbonates of the Barra Velha and Itapema Formations, situated on the Santos Basin Outer High. The field is structurally positioned between the Iara-Iracema and Libra transfer zones and represents a critical component of Brazil's total oil reserves and production.",False,https://www.inf.ufrgs.br/bdi/ontologies/GEORES_0000039,https://www.inf.ufrgs.br/bdi/ontologies/GEOCORE_0000001
brazilian continental margin,Geological Object,rdf:type,Basin,False,"The Brazilian continental margin is a passive continental margin that formed along the eastern and southeastern coast of Brazil as a result of the breakup of the Gondwana supercontinent and the opening of the South Atlantic Ocean. It is composed of a series of extensive sedimentary basins, including the Santos, Campos, and Pelotas basins, which are separated by structural features such as the Cabo Frio and Florianopolis Highs. This margin is globally significant as it hosts the prolific Pre-Salt petroleum province.",False,https://www.inf.ufrgs.br/bdi/ontologies/GEORES_0000039,https://www.inf.ufrgs.br/bdi/ontologies/GEOCORE_0000001
accommodation space,basin,rdfs:subClassOf,Basin,False,"Accommodation space is the volume available for sediment accumulation that is created and controlled by the combined effects of tectonic subsidence and changes in base level. In the context of the Brazilian Pre-Salt's lacustrine rift basins, this space is primarily governed by tectonic stimuli, such as fault movement and thermal subsidence, and fluctuations in lake level.",False,https://www.inf.ufrgs.br/bdi/ontologies/GEORES_0000039,
carbonate platform,Depositional System,rdfs:subClassOf,Depositional System,False,"A carbonate platform is a large-scale sedimentary body that is composed predominantly of carbonate rocks deposited in a lacustrine environment, typically forming over a structural or basement high. Within the Brazilian Pre-Salt, these platforms are characterized by aggradational and/or progradational geometries and can host a wide range of facies, including microbialites, spherulitites, and grainstones, reflecting both high- and low-energy depositional conditions.",False,https://www.inf.ufrgs.br/bdi/ontologies/GEORES_0000020,https://www.inf.ufrgs.br/bdi/ontologies/GEORES_0000020
depositional system,Depositional System,rdfs:subClassOf,Depositional System,False,"A depositional system is a three-dimensional assemblage of genetically related sedimentary facies that records the interplay of controlling factors such as tectonism, climate, and palaeotopography. It serves as a conceptual model for understanding and predicting the distribution of reservoir facies across a basin or platform. In the Brazilian Pre-Salt, these systems describe the evolution of lacustrine carbonate platforms where sedimentation rates and facies types are strongly influenced by fault activity and climatic shifts.",False,https://www.inf.ufrgs.br/bdi/ontologies/GEORES_0000020,https://www.inf.ufrgs.br/bdi/ontologies/GEORES_0000020
lacustrine system,depositional system,rdfs:subClassOf,Depositional System,False,"A lacustrine system is a depositional system that encompasses the physical, chemical, and biological components and processes associated with a lake or a series of interconnected lakes. In the context of the Brazilian Pre-Salt, this refers to the vast, alkaline, and chemically stratified depositional environment of the Aptian South Atlantic where complex microbial and abiotic carbonate accumulations formed. The immense scale and internal stratification of this system distinguish it from typical lacustrine environments, with depositional changes often driven by internal processes rather than lake-level fluctuations.",False,https://www.inf.ufrgs.br/bdi/ontologies/GEORES_0000020,
lacustrine carbonate system,lacustrine system,rdfs:subClassOf,Depositional System,False,"A lacustrine carbonate system is a depositional system that encompasses the generation, accumulation, and diagenesis of carbonate sediments within a lake or a series of interconnected lakes. In the context of the Brazilian Pre-Salt, these systems developed in a continental rift setting during the Early Cretaceous, forming vast and complex reservoirs composed of largely abiotic and microbial carbonates whose genesis was influenced by unique lake chemistry and mantle-derived inputs.",False,https://www.inf.ufrgs.br/bdi/ontologies/GEORES_0000020,
permeability,petrophysical property,rdfs:subClassOf,Dimension,False,"Permeability is a fundamental petrophysical property that measures the capacity of a porous rock to transmit fluids through its interconnected pore network. In complex carbonate reservoirs such as the Brazilian Pre-Salt, it is a critical parameter for determining flow capacity, with the total permeability being a composite of contributions from the rock matrix and high-conductivity features like fractures, vugs, and caves.",False,https://www.inf.ufrgs.br/bdi/ontologies/GEORES_0000022,
petrophysical property,quality,rdfs:subClassOf,Dimension,False,"A petrophysical property is a quantifiable physical attribute of a rock that is used for formation evaluation and to characterize its capacity to store and transmit fluids. The main properties for reservoir management are porosity, permeability, and water saturation, which are critical for understanding fluid storage and flow. These properties are often influenced by diagenetic processes and can be estimated through the integration of well logs and rock sample data.",False,https://www.inf.ufrgs.br/bdi/ontologies/GEORES_0000022,http://purl.obolibrary.org/obo/BFO_0000019
water depth,quality,rdfs:subClassOf,Dimension,False,"Water depth is a paleo-environmental measurement that quantifies the vertical distance from the surface of an ancient lake to the depositional interface at a specific point in time. In the context of Pre-Salt carbonate reservoirs, this parameter is a primary control on facies distribution, with specific depth ranges often correlating to different lithofacies associations such as shrubby, reworked, and transitional carbonates. This paleo-water depth is distinct from the modern oceanic water depth, which is an operational parameter for drilling and production infrastructure.",False,https://www.inf.ufrgs.br/bdi/ontologies/GEORES_0000022,http://purl.obolibrary.org/obo/BFO_0000019
lake level,quality,rdfs:subClassOf,Dimension,False,"Lake level is the vertical position of a lake's water surface that is measured relative to a datum and serves as a primary control on sediment deposition. Fluctuations in lake level, driven by climatic and tectonic factors, directly control accommodation space, water chemistry, and the resulting depositional facies. In the Brazilian Pre-Salt, highstands are often associated with increased siliciclastic input, whereas lowstands promote the development of alkaline-rich carbonate facies such as microbialites and travertines.",False,https://www.inf.ufrgs.br/bdi/ontologies/GEORES_0000022,http://purl.obolibrary.org/obo/BFO_0000019
grain size,quality,rdfs:subClassOf,Dimension,False,"Grain size is a fundamental textural property of a sediment or sedimentary rock that quantifies the diameter of its constituent particles. In Brazilian Pre-Salt carbonates, it is a critical parameter for classifying rocks, such as distinguishing bioclastic grainstones (grains < 2 mm) from rudstones (grains > 2 mm), and reflects the depositional energy of the environment. Characteristic grain sizes in the Barra Velha Formation include spherulites commonly less than 2 mm, shrub-grains averaging 2-5 mm, and carbonate muds less than 125 μm.",False,https://www.inf.ufrgs.br/bdi/ontologies/GEORES_0000022,http://purl.obolibrary.org/obo/BFO_0000019
accommodation,spatial region,rdfs:subClassOf,Dimension,False,"Accommodation is the space available for sediment accumulation that is governed by the combined effects of tectonic movement, such as subsidence, and changes in base level. In the Pre-Salt rift basins, accommodation is primarily controlled by tectonically-driven differential subsidence across fault blocks, which creates localized variations that dictate the stacking patterns, geometry, and distribution of carbonate reservoir facies.",False,https://www.inf.ufrgs.br/bdi/ontologies/GEORES_0000022,http://purl.obolibrary.org/obo/BFO_0000006
oil reserve,quality,rdfs:subClassOf,Dimension,False,"Oil reserve is the estimated quantity of crude oil that is commercially and technically recoverable from known accumulations under defined economic and operational conditions. In the Brazilian Pre-Salt, these reserves are primarily hosted within complex lacustrine carbonate reservoirs, such as those of the Barra Velha Formation, and represent the exploitable portion of the total oil-in-place.",False,https://www.inf.ufrgs.br/bdi/ontologies/GEORES_0000022,http://purl.obolibrary.org/obo/BFO_0000019
pore size,petrophysical property,rdfs:subClassOf,Dimension,False,"Pore size is a petrophysical parameter that quantifies the physical dimensions of the void spaces (pores) within a rock. It is commonly measured as a pore throat radius or diameter (in micrometers) via mercury injection capillary pressure, as a pore area (in square millimeters) from petrographic image analysis, or inferred from NMR relaxation times. The distribution of pore sizes, often categorized into micropore, mesopore, and macropore classes, is a critical control on reservoir storage capacity and fluid flow properties in Pre-Salt carbonates.",False,https://www.inf.ufrgs.br/bdi/ontologies/GEORES_0000022,
quality,Dimension,rdfs:subClassOf,Dimension,True,"A quality is a measurable or observable attribute, property, or characteristic that inheres in a single entity.",False,https://www.inf.ufrgs.br/bdi/ontologies/GEORES_0000022,https://www.inf.ufrgs.br/bdi/ontologies/GEORES_0000022
spatial region,Dimension,rdfs:subClassOf,Dimension,True,A spatial region is a region of space which may or may not be occupied by a material entity.,False,https://www.inf.ufrgs.br/bdi/ontologies/GEORES_0000022,https://www.inf.ufrgs.br/bdi/ontologies/GEORES_0000022
fluid,Earth Fluid,rdfs:subClassOf,Earth Fluid,False,"Fluid is a substance that occupies the pore space of a reservoir rock and is characterized by its composition, physical properties, and mobility. In the context of petroleum reservoirs, fluids primarily consist of hydrocarbons (oil and gas) and water, which are classified based on their mobility within the pore network as either free fluid or bound fluid. The analysis of fluid properties, such as composition and pressure-volume-temperature (PVT) behavior, is essential for reservoir characterization and production forecasting.",False,https://www.inf.ufrgs.br/bdi/ontologies/GEOCORE_0000009,https://www.inf.ufrgs.br/bdi/ontologies/GEOCORE_0000009
hydrocarbon accumulation,Earth Fluid,rdfs:subClassOf,Earth Fluid,False,"A hydrocarbon accumulation is a subsurface body of oil and/or gas that is trapped within a porous and permeable reservoir rock. In the Brazilian Pre-Salt, these accumulations typically form giant or supergiant fields hosted within complex lacustrine carbonate reservoirs, where internal seals can cause segregation and compartmentalization.",False,https://www.inf.ufrgs.br/bdi/ontologies/GEOCORE_0000009,https://www.inf.ufrgs.br/bdi/ontologies/GEOCORE_0000009
Aqueous Fluid,fluid,rdfs:subClassOf,Earth Fluid,True,An Aqueous Fluid is an earth fluid in which water is the primary solvent.,False,https://www.inf.ufrgs.br/bdi/ontologies/GEOCORE_0000009,
Organic Compound,fluid,rdfs:subClassOf,Earth Fluid,True,An Organic Compound is a chemical compound containing carbon-hydrogen bonds that exists as a component or primary constituent of an earth fluid.,False,https://www.inf.ufrgs.br/bdi/ontologies/GEOCORE_0000009,
hydrothermal fluid,Aqueous Fluid,rdfs:subClassOf,Earth Fluid,False,"A hydrothermal fluid is a hot aqueous solution that circulates through the Earth's crust, driven by geothermal gradients, and causes significant physico-chemical alteration of the rocks it flows through. In the Brazilian Pre-Salt, these fluids typically migrate along tectonic faults and fractures, causing dissolution, brecciation, and the precipitation of a characteristic mineral suite such as saddle dolomite, quartz, and barite, which significantly modifies reservoir properties.",False,https://www.inf.ufrgs.br/bdi/ontologies/GEOCORE_0000009,
marine water,Aqueous Fluid,rdfs:subClassOf,Earth Fluid,False,"Marine water is water originating from the sea or ocean that is defined by a specific geochemical and isotopic composition distinct from continental lacustrine waters. In the context of the South Atlantic margin, the influx of Aptian marine water, characterized by a low strontium isotope ratio (⁸⁷Sr/⁸⁶Sr ≈ 0.707), terminated the Pre-Salt lacustrine system and led to the deposition of the overlying Ariri Formation evaporites.",False,https://www.inf.ufrgs.br/bdi/ontologies/GEOCORE_0000009,
hydrocarbon,Organic Compound,rdfs:subClassOf,Earth Fluid,False,"Hydrocarbon is a naturally occurring organic compound that consists primarily of hydrogen and carbon atoms, forming the principal constituent of petroleum, including crude oil and natural gas. Generated from the thermal maturation of organic matter, these compounds migrate and accumulate in geological traps, such as the lacustrine carbonate reservoirs of the Brazilian Pre-Salt, where they form commercially significant accumulations subject to exploration and production.",False,https://www.inf.ufrgs.br/bdi/ontologies/GEOCORE_0000009,
organic acid,Organic Compound,rdfs:subClassOf,Earth Fluid,False,"Organic acid is a type of acidic organic compound that is generated from the thermal maturation of kerogen or the degradation of biological matter within a sedimentary basin. In the Brazilian Pre-Salt, these acids are significant diagenetic agents that arrive with hydrocarbon charge and can cause the dissolution of carbonate minerals and Mg-rich clays, thereby influencing reservoir porosity. Certain organic acids present during deposition can also influence the morphology of primary carbonate precipitates.",False,https://www.inf.ufrgs.br/bdi/ontologies/GEOCORE_0000009,
oil,hydrocarbon,rdfs:subClassOf,Earth Fluid,False,"Oil is a naturally occurring liquid hydrocarbon fluid that accumulates in subsurface geological traps and is the primary target for commercial extraction in a petroleum system. Within the Brazilian Pre-Salt, it is a reservoir fluid characterized by specific pressure gradients and compositional properties, allowing its volume to be quantified above an oil-water contact. This fluid is produced in significant quantities from the deep-water carbonate reservoirs, representing a major component of Brazil's energy production.",False,https://www.inf.ufrgs.br/bdi/ontologies/GEOCORE_0000009,
gas,hydrocarbon,rdfs:subClassOf,Earth Fluid,False,"Gas is a fluid phase that consists of a mixture of low-molecular-weight hydrocarbons and non-hydrocarbon components existing under reservoir conditions. In the Brazilian Pre-Salt, it is typically an oil-associated thermogenic fluid, often containing high concentrations of carbon dioxide (CO2), whose composition is used to assess the thermal maturity of the petroleum system.",False,https://www.inf.ufrgs.br/bdi/ontologies/GEOCORE_0000009,
oil accumulation,hydrocarbon accumulation,rdfs:subClassOf,Earth Fluid,False,"An oil accumulation is a discrete subsurface volume of petroleum that is held within a stratigraphic or structural trap. In the context of the Brazilian Pre-Salt, these are typically giant accumulations of oil with associated gas found within lacustrine carbonate reservoirs of formations such as Barra Velha and Itapema. The contained fluids form a distinct oil column characterized by properties such as API gravity and saturation pressure, which may exhibit gradients due to post-accumulation processes.",False,https://www.inf.ufrgs.br/bdi/ontologies/GEOCORE_0000009,
reservoir,Body of Rock,rdfs:subClassOf,Body of Rock,False,"A reservoir is a subsurface rock unit that possesses sufficient porosity and permeability to store and transmit economically significant quantities of hydrocarbons. In the Brazilian Pre-Salt, these are typically lacustrine carbonate rocks, such as coquinas, whose quality and heterogeneity are controlled by depositional cycles and subsequent diagenesis.",False,https://www.inf.ufrgs.br/bdi/ontologies/GEORES_0000001,https://www.inf.ufrgs.br/bdi/ontologies/GEORES_0000001
carbonate reservoir,reservoir,rdfs:subClassOf,Body of Rock,False,"A carbonate reservoir is a subsurface geological formation composed of carbonate rocks that possesses sufficient porosity and permeability to store and transmit economically viable quantities of hydrocarbons. These reservoirs are characterized by extreme geological complexity and heterogeneity resulting from complex depositional and diagenetic histories, which in the Brazilian Pre-Salt includes unique lacustrine facies like coquinas and microbialites, often leading to significant reservoir compartmentalization.",False,https://www.inf.ufrgs.br/bdi/ontologies/GEORES_0000001,
cabo frio high,basement high,rdf:type,Body of Rock,False,Cabo Frio High is a major regional structural high that forms the northeastern boundary of the Santos Basin and the southern boundary of the Campos Basin. This basement feature is characterized by a complex composition of igneous rocks from multiple magmatic events and separates two of Brazil's most prolific hydrocarbon-producing basins.,False,https://www.inf.ufrgs.br/bdi/ontologies/GEORES_0000001,
basement,Body of Rock,rdfs:subClassOf,Body of Rock,False,"Basement is a rock succession that underlies the sedimentary rift sequence and is typically composed of crystalline igneous and metamorphic rocks. In the Brazilian Pre-Salt, its pre-existing structural fabric and composition significantly controlled the development of rift-related faults, horsts, and grabens. Seismically, it is identified as the acoustic basement, often exhibiting chaotic or low-amplitude reflections, and can act as a source of diagenetic fluids for the overlying reservoirs.",False,https://www.inf.ufrgs.br/bdi/ontologies/GEORES_0000001,https://www.inf.ufrgs.br/bdi/ontologies/GEORES_0000001
gondwana,Supercontinent,rdf:type,Body of Rock,False,"Gondwana is a former supercontinent that included the landmasses of the Southern Hemisphere, whose fragmentation during the Early Cretaceous created the conjugate continental margins of South America and Africa. The rifting process that separated these continents formed the basins along the Brazilian margin where the Pre-Salt lacustrine sequences were deposited. The Precambrian basement rocks of this supercontinent, often referred to as West Gondwana in this region, underlie the sedimentary successions of the South Atlantic rift system.",False,https://www.inf.ufrgs.br/bdi/ontologies/GEORES_0000001,
florianopolis high,basement high,rdf:type,Body of Rock,False,"Florianopolis High is a major structural high that defines the southern boundary of the Santos Basin, separating it from the Pelotas Basin. This dominantly magmatic feature acted as a significant barrier during the Early Cretaceous, isolating the basin and creating the restricted lacustrine conditions necessary for the deposition of the Pre-Salt carbonate reservoirs.",False,https://www.inf.ufrgs.br/bdi/ontologies/GEORES_0000001,
seal,Body of Rock,rdfs:subClassOf,Body of Rock,False,"A seal is a low-permeability rock unit or geological feature that prevents or significantly impedes the flow of fluids, enabling the trapping of petroleum accumulations over geological or production timescales. Seals are categorized as static, which are completely impermeable over geological time, or dynamic, which are low-permeability baffles that act as seals over production timescales. In the Brazilian Pre-Salt, the thick evaporite sequence of the Ariri Formation serves as the primary regional seal for the underlying carbonate reservoirs.",False,https://www.inf.ufrgs.br/bdi/ontologies/GEORES_0000001,https://www.inf.ufrgs.br/bdi/ontologies/GEORES_0000001
outer high,basement high,rdf:type,Body of Rock,False,"Outer High is a major, NE-SW trending uplifted basement structure that is located in the distal Santos Basin and provided an elevated, clastic-starved platform for the deposition of lacustrine carbonates. This regional feature is composed of several large culminations, including the Sugar Loaf and Tupi highs. Its pronounced elevation and distal location created ideal conditions for the development of extensive carbonate reservoirs, which host the supergiant pre-salt oil fields.",False,https://www.inf.ufrgs.br/bdi/ontologies/GEORES_0000001,
hanging wall,fault block,rdfs:subClassOf,Body of Rock,False,"Hanging wall is the block of rock that lies structurally above an inclined fault plane. In the extensional rift settings of the Brazilian Pre-Salt, the hanging wall typically subsides relative to the footwall, accommodating syn-rift sedimentary packages that often exhibit deformation structures like drag folds and growth wedges.",False,https://www.inf.ufrgs.br/bdi/ontologies/GEORES_0000001,
silica nodule,Diagenetic Body,rdfs:subClassOf,Body of Rock,False,"A silica nodule is a diagenetic body that is composed of microcrystalline and/or macrocrystalline quartz, occurring as a discrete, rounded to almond-shaped mass within a host carbonate rock. In the Brazilian Pre-Salt, these are common early diagenetic features found within fine-grained lacustrine carbonates like mudstones. Their formation is often attributed to the precipitation of interstitial silica gels triggered by changes in pore-water chemistry, such as a lowering of pH.",False,https://www.inf.ufrgs.br/bdi/ontologies/GEORES_0000001,
lacustrine deposit,Sedimentary Deposit,rdfs:subClassOf,Body of Rock,False,"A lacustrine deposit is a body of sediment or sedimentary rock that is formed by accumulation within a lake environment. In the Brazilian Pre-Salt, these deposits are predominantly carbonates, including bioclastic accumulations and authigenic magnesian phyllosilicates, which were deposited in tectonically controlled rift basins. These lacustrine carbonates constitute the primary hydrocarbon reservoirs in the Santos and Campos basins, with their quality being highly influenced by the original depositional facies and subsequent diagenetic processes.",False,https://www.inf.ufrgs.br/bdi/ontologies/GEORES_0000001,
fault block,Structural Body of Rock,rdfs:subClassOf,Body of Rock,False,"A fault block is a crustal block that is bounded by faults, typically forming an uplifted horst or a tilted structure in an extensional tectonic setting. Within the Brazilian Pre-Salt, these blocks form prominent structural highs that control the deposition of carbonate reservoir facies, with stratigraphic thinning on the crests and the accumulation of reworked grainstones along their flanks.",False,https://www.inf.ufrgs.br/bdi/ontologies/GEORES_0000001,
oceanic crust,Crust,rdfs:subClassOf,Body of Rock,False,"Oceanic crust is the uppermost layer of the oceanic portion of a tectonic plate that is formed by seafloor spreading at mid-ocean ridges during the drift phase of a passive margin's evolution. Following its formation, the cooling of the newly formed oceanic crust drives long-term thermal subsidence, and continued spreading can transmit intraplate stress that may cause tectonic inversion.",False,https://www.inf.ufrgs.br/bdi/ontologies/GEORES_0000001,
lacustrine carbonate reservoir,carbonate reservoir,rdfs:subClassOf,Body of Rock,False,"A lacustrine carbonate reservoir is a hydrocarbon reservoir that is composed of carbonate rocks deposited in a lacustrine setting during a continental rift phase and is characteristically situated beneath a thick evaporite layer. In the Brazilian Pre-Salt, these reservoirs are found in the Santos and Campos basins and are known for their significant geological complexity, with reservoir quality controlled by a combination of depositional facies, such as shrubstones and grainstones, and extensive diagenetic modification. Their pore systems are typically dominated by secondary solution and intercrystalline porosity, which contributes to their world-class storage capacity for hydrocarbons.",False,https://www.inf.ufrgs.br/bdi/ontologies/GEORES_0000001,
lacustrine carbonate platform,carbonate deposit,rdfs:subClassOf,Body of Rock,False,"A lacustrine carbonate platform is a large-scale, seismically mappable sedimentary body that develops on structural highs within a lacustrine basin during rift sag phases. In the Brazilian Pre-Salt, these platforms are primarily built by non-marine carbonate grains, such as microbial boundstones, spherulites, and intraclasts. The resulting boundstone and grainstone facies form the main hydrocarbon reservoirs of the sequence.",False,https://www.inf.ufrgs.br/bdi/ontologies/GEORES_0000001,
ribeira belt,basement,rdf:type,Body of Rock,False,"The Ribeira Belt is a Neoproterozoic to Paleozoic collisional orogen in southeastern Brazil that formed during the Brasiliano Pan-African orogeny and the amalgamation of West Gondwana. Composed primarily of granites and gneisses, its structural fabric extends offshore to form the basement of the Santos Basin. This crustal inheritance exerted a strong control on the subsequent Mesozoic rifting architecture, creating the fault trends and structural highs that conditioned the deposition of the Pre-Salt carbonate reservoirs.",False,https://www.inf.ufrgs.br/bdi/ontologies/GEORES_0000001,
continental crust,Crust,rdfs:subClassOf,Body of Rock,False,"Continental crust is a layer of the Earth's lithosphere that forms the continents and their adjacent shelves and is characterized by being generally thicker and less dense than oceanic crust. During the formation of passive margins, such as the one hosting the Brazilian Pre-Salt, this crust undergoes significant stretching and thinning, a process that creates the accommodation space for the deposition of rift basin sequences.",False,https://www.inf.ufrgs.br/bdi/ontologies/GEORES_0000001,
host rock,Body of Rock,rdfs:subClassOf,Body of Rock,False,"Host rock is a pre-existing rock body that is subsequently altered, fractured, or intruded by geological materials or fluids. In Pre-Salt carbonates, this is the original rock, such as a coquina or shrubstone, that undergoes diagenetic replacement like silicification or contains later features such as mineral-filled veins.",False,https://www.inf.ufrgs.br/bdi/ontologies/GEORES_0000001,https://www.inf.ufrgs.br/bdi/ontologies/GEORES_0000001
calcite shrub,Diagenetic Body,rdfs:subClassOf,Body of Rock,False,"A calcite shrub is an in situ carbonate precipitate that is characterized by a branching, fan-shaped, or dendritic morphology composed of fibrous to bladed calcite crystals. These structures, often composed of fascicular-optic calcite, form extensive crusts and layers in lacustrine environments and are a fundamental, though genetically debated, component of Brazilian Pre-Salt reservoirs.",False,https://www.inf.ufrgs.br/bdi/ontologies/GEORES_0000001,
basement high,Structural Body of Rock,rdfs:subClassOf,Body of Rock,False,"A basement high is a structurally elevated block of crystalline or metamorphic basement rock that forms a positive paleotopographic feature within a sedimentary basin. In the Brazilian Pre-Salt, these features are typically fault-bounded horsts that exert a primary control on the architecture and thickness of overlying syn-rift and sag-phase sediments. They often serve as the foundation for the development of extensive lacustrine carbonate platforms where reservoir facies accumulate.",False,https://www.inf.ufrgs.br/bdi/ontologies/GEORES_0000001,
footwall,fault block,rdfs:subClassOf,Body of Rock,False,"Footwall is the block of rock that lies structurally below a non-vertical fault plane. In the extensional rift setting of the Brazilian Pre-Salt, the footwall of a normal fault undergoes relative uplift, forming structural highs that provide favorable paleotopography for the development of shallow-water lacustrine carbonate reservoirs.",False,https://www.inf.ufrgs.br/bdi/ontologies/GEORES_0000001,
gondwana supercontinent,Supercontinent,rdf:type,Body of Rock,False,"Gondwana supercontinent is an ancient supercontinent that underwent fragmentation during the Late Jurassic to Early Cretaceous period. Its breakup, driven by lithospheric stretching and rifting, resulted in the separation of the South American and African continents. This tectonic event was fundamental to the formation of the South Atlantic Ocean and its marginal basins, including the Santos Basin, which hosts the Brazilian Pre-Salt reservoirs.",False,https://www.inf.ufrgs.br/bdi/ontologies/GEORES_0000001,
aquifer,Body of Rock,rdfs:subClassOf,Body of Rock,False,"An aquifer is a subsurface body of permeable rock that is saturated with groundwater and hydraulically connected to a hydrocarbon reservoir. In petroleum systems, an active aquifer provides crucial pressure support that influences production dynamics, and within the Brazilian Pre-Salt, these can be regional systems hosted in fractured basement or underlying sedimentary formations.",False,https://www.inf.ufrgs.br/bdi/ontologies/GEORES_0000001,https://www.inf.ufrgs.br/bdi/ontologies/GEORES_0000001
fault zone,Structural Body of Rock,rdfs:subClassOf,Body of Rock,False,"A fault zone is a tabular volume of deformed rock that is structurally composed of a central, highly strained fault core where primary movement is localized, and a surrounding, less intensely deformed damage zone. In the context of the Brazilian Pre-Salt, these zones function as critical conduits for fluid migration, conditioning the development of dissolution porosity and fracture networks that enhance reservoir quality.",False,https://www.inf.ufrgs.br/bdi/ontologies/GEORES_0000001,
tupi high,basement high,rdf:type,Body of Rock,False,"Tupi High is a major basement-involved structural high within the Santos Basin's Outer High that is defined by an uplifted block of the Camboriú Formation controlled by SW-NE trending faults. This long-lived positive feature, active since the Lower Rift phase, influenced the deposition of the overlying syn-rift and sag sequences, causing them to thin and onlap onto its crest. The high hosts the giant Tupi (Lula) oil field, where the sag-phase lacustrine carbonates of the Barra Velha Formation form the main reservoirs.",False,https://www.inf.ufrgs.br/bdi/ontologies/GEORES_0000001,
carbonate deposit,Sedimentary Deposit,rdfs:subClassOf,Body of Rock,False,"A carbonate deposit is a body of sedimentary rock that is formed by the net accumulation of carbonate minerals and sediments over a geological time interval. In the Brazilian Pre-Salt, these deposits typically formed in transitional lacustrine to shallow marine environments and constitute the primary stratigraphic sequences of carbonate platforms. The final thickness and geometry of the deposit are controlled by the interplay between carbonate production/deposition rates, subsidence, and post-depositional erosion or transformation.",False,https://www.inf.ufrgs.br/bdi/ontologies/GEORES_0000001,
basement rock,basement,rdfs:subClassOf,Body of Rock,False,"Basement rock is a complex of igneous and metamorphic rocks that constitutes the foundation upon which sedimentary basin sequences are deposited. In the context of the Brazilian Pre-Salt, this term encompasses both an older crystalline basement, composed of Precambrian granitoids and gneisses, and the overlying economic basement, which consists of Early Cretaceous volcanic rocks. This basement complex often forms structural highs that controlled the deposition of the overlying pre-salt carbonate reservoirs.",False,https://www.inf.ufrgs.br/bdi/ontologies/GEORES_0000001,
Crust,Body of Rock,rdfs:subClassOf,Body of Rock,True,"Crust is the outermost solid shell of a rocky planet, dwarf planet, or natural satellite, which is chemically distinct from the underlying mantle.",False,https://www.inf.ufrgs.br/bdi/ontologies/GEORES_0000001,https://www.inf.ufrgs.br/bdi/ontologies/GEORES_0000001
Diagenetic Body,Body of Rock,rdfs:subClassOf,Body of Rock,True,A Diagenetic Body is a discrete body of rock whose characteristics have been formed or substantially modified by physical and chemical processes after initial deposition.,False,https://www.inf.ufrgs.br/bdi/ontologies/GEORES_0000001,https://www.inf.ufrgs.br/bdi/ontologies/GEORES_0000001
Sedimentary Deposit,Body of Rock,rdfs:subClassOf,Body of Rock,True,A Sedimentary Deposit is a body of rock formed by the accumulation and cementation of mineral or organic particles at or near the Earth's surface.,False,https://www.inf.ufrgs.br/bdi/ontologies/GEORES_0000001,https://www.inf.ufrgs.br/bdi/ontologies/GEORES_0000001
Structural Body of Rock,Body of Rock,rdfs:subClassOf,Body of Rock,True,A Structural Body of Rock is a body of rock defined by its geometry and position resulting from tectonic or deformational processes.,False,https://www.inf.ufrgs.br/bdi/ontologies/GEORES_0000001,https://www.inf.ufrgs.br/bdi/ontologies/GEORES_0000001
Supercontinent,Body of Rock,rdfs:subClassOf,Body of Rock,True,A Supercontinent is a large landmass comprising more than one continental core or craton.,False,https://www.inf.ufrgs.br/bdi/ontologies/GEORES_0000001,https://www.inf.ufrgs.br/bdi/ontologies/GEORES_0000001
Lithostratigraphic Unit,Formation,rdfs:subClassOf,Formation,True,A Lithostratigraphic Unit is a body of rock defined and recognized on the basis of its lithologic characteristics and its stratigraphic position.,False,https://www.inf.ufrgs.br/bdi/ontologies/GEORES_0000004,https://www.inf.ufrgs.br/bdi/ontologies/GEORES_0000004
barra velha formation,Lithostratigraphic Unit,rdf:type,Formation,False,"The Barra Velha Formation is an Aptian-age stratigraphic unit of the Brazilian Pre-Salt that represents a shallow lacustrine carbonate system deposited during the late rift to sag phases of the Santos Basin. It is characterized by a complex association of in-situ microbial carbonates like shrubstones and spherulitestones, reworked intraclastic grainstones, and magnesium-rich clays, and is stratigraphically bounded below by the Pre-Alagoas Unconformity and above by the Ariri Formation evaporites.",False,https://www.inf.ufrgs.br/bdi/ontologies/GEORES_0000004,https://www.inf.ufrgs.br/bdi/ontologies/GEORES_0000003
ariri formation,Lithostratigraphic Unit,rdf:type,Formation,False,"The Ariri Formation is an Aptian-age evaporitic geological formation that is composed of a thick, stratified sequence of halite, anhydrite, and other salts overlying the Barra Velha Formation. This unit functions as the primary regional seal for the Pre-Salt petroleum system and is characterized by complex internal stratigraphy and salt structures, such as diapirs, resulting from the varied rheology of its salt layers.",False,https://www.inf.ufrgs.br/bdi/ontologies/GEORES_0000004,https://www.inf.ufrgs.br/bdi/ontologies/GEORES_0000003
itapema formation,Lithostratigraphic Unit,rdf:type,Formation,False,"The Itapema Formation is a syn-rift stratigraphic unit of the Santos Basin's pre-salt section that is characterized by the intercalation of lacustrine carbonates, primarily coquinas, and organic-rich shales and mudstones. Deposited from the Neobarremian to the Eoaptian, it is stratigraphically positioned below the Barra Velha Formation and above the Jiquiá/Buracica unconformity. Its carbonate facies serve as important reservoirs, while its shaly intervals, such as the Jiquiá member, constitute significant source rocks.",False,https://www.inf.ufrgs.br/bdi/ontologies/GEORES_0000004,https://www.inf.ufrgs.br/bdi/ontologies/GEORES_0000003
piçarras formation,Lithostratigraphic Unit,rdf:type,Formation,False,"The Piçarras Formation is a geological formation that constitutes the basal siliciclastic unit of the Santos Basin's pre-salt section, deposited during the early syn-rift phase of the Barremian. It is characterized by proximal alluvial fan deposits of conglomerates and sandstones that grade into distal lacustrine deposits of fine-grained siliciclastics, shales, and characteristic talc-stevensite laminites.",False,https://www.inf.ufrgs.br/bdi/ontologies/GEORES_0000004,https://www.inf.ufrgs.br/bdi/ontologies/GEORES_0000003
camboriú formation,Lithostratigraphic Unit,rdf:type,Formation,False,"The Camboriú Formation is a lithostratigraphic unit that represents the economic basement of the Santos Basin, marking the beginning of the rifting process and stratigraphically underlying the Piçarras Formation. This unit is characterized by basaltic dyke swarms, and its top is seismically identified as a faulted, high-amplitude positive reflector.",False,https://www.inf.ufrgs.br/bdi/ontologies/GEORES_0000004,https://www.inf.ufrgs.br/bdi/ontologies/GEORES_0000003
macabu formation,Lithostratigraphic Unit,rdf:type,Formation,False,"Macabu Formation is a late Aptian lithostratigraphic unit of the Brazilian Pre-Salt succession that was deposited in a brackish to alkaline lacustrine system under arid conditions. It is characterized by a complex lithological assemblage including bioclastic carbonates, stevensitic clays, and distinctive, predominantly abiotic chemical precipitates such as calcite shrubs and spherulites. This formation contains significant hydrocarbon reservoir intervals within the Campos Basin, with reservoir quality often being highest in its upper sections.",False,https://www.inf.ufrgs.br/bdi/ontologies/GEORES_0000004,https://www.inf.ufrgs.br/bdi/ontologies/GEORES_0000003
coqueiros formation,Lithostratigraphic Unit,rdf:type,Formation,False,"Coqueiros Formation is a Lower Cretaceous lithostratigraphic unit of the Brazilian Pre-Salt that is composed primarily of bioclastic carbonate rudstones and grainstones deposited in a lacustrine rift setting. These deposits, informally known as coquinas, consist mainly of bivalve, gastropod, and ostracod bioclasts and constitute a significant reservoir interval in basins such as the Campos Basin.",False,https://www.inf.ufrgs.br/bdi/ontologies/GEORES_0000004,https://www.inf.ufrgs.br/bdi/ontologies/GEORES_0000003
cabiúnas formation,Lithostratigraphic Unit,rdf:type,Formation,False,"The Cabiúnas Formation is a volcaniclastic stratigraphic unit that is composed of tholeiitic basalts and represents the basal succession of the pre-salt section in Brazilian marginal basins. Dated to the Early Cretaceous (Hauterivian-Aptian), it stratigraphically underlies the Lagoa Feia Group and is often considered the economic basement for petroleum exploration.",False,https://www.inf.ufrgs.br/bdi/ontologies/GEORES_0000004,https://www.inf.ufrgs.br/bdi/ontologies/GEORES_0000003
guarujá formation,Lithostratigraphic Unit,rdf:type,Formation,False,"Guarujá Formation is an Albian-age geological formation of the Santos Basin that represents the initial post-salt, shallow-marine carbonate platform deposits of the drift mega-sequence. Typically 10 to 30 meters thick, it is composed of fine-grained carbonates, such as mudstones and calcilutites, deposited in a distal restricted marine environment and is conformably overlain by the deeper-water Itanhaém Formation.",False,https://www.inf.ufrgs.br/bdi/ontologies/GEORES_0000004,https://www.inf.ufrgs.br/bdi/ontologies/GEORES_0000003
stromatolite,Organo-sedimentary Structure,rdfs:subClassOf,Fossil,False,"Stromatolite is an organo-sedimentary structure that is formed by the sediment-trapping, sediment-binding, and carbonate precipitation activities of microorganisms. In the Brazilian Pre-Salt, they typically occur in lacustrine settings and exhibit columnar, domal, or stratiform morphologies with characteristic microbial laminations composed of mud and agglutinated carbonate grains. Despite being relatively rare, these structures can possess moderate porosity and are significant indicators of paleoenvironmental conditions related to lake-level fluctuations.",False,https://www.inf.ufrgs.br/bdi/ontologies/GEORES_0000018,
ostracod,Fossil,rdfs:subClassOf,Fossil,False,"Ostracod is an aquatic crustacean that is characterized by a bivalved carapace and serves as a primary biostratigraphic marker in nonmarine Pre-Salt successions. Due to their tolerance for stressed lacustrine environments with high salinity or greater water depth, their presence is a key paleoenvironmental indicator. As a rock-forming component, their shells accumulate to form ostracod-rich wackestones, packstones, and grainstones, which can be subject to diagenetic alteration like dolomitization.",False,https://www.inf.ufrgs.br/bdi/ontologies/GEORES_0000018,https://www.inf.ufrgs.br/bdi/ontologies/GEORES_0000018
bioclast,Fossil,rdfs:subClassOf,Fossil,False,"A bioclast is a sedimentary particle that is composed of the fragmented or whole skeletal remains of organisms. In the Brazilian Pre-Salt, these particles are predominantly derived from bivalves, ostracods, and gastropods, with minor occurrences of phosphatic fragments. Bioclasts often occur in a fragmented state and can be subject to significant diagenetic alteration, such as dolomitization or silicification, forming the primary framework of bioclastic reservoir rocks.",False,https://www.inf.ufrgs.br/bdi/ontologies/GEORES_0000018,https://www.inf.ufrgs.br/bdi/ontologies/GEORES_0000018
bivalve,Mollusk,rdfs:subClassOf,Fossil,False,"Bivalve is a class of aquatic mollusk that possesses a shell composed of two hinged valves. In the Brazilian Pre-Salt, bivalves are the dominant bioclasts forming lacustrine coquina reservoirs, with endemic genera such as _Desertella_ and _Kobayashites_ being characteristic. Their shells are typically found disarticulated and fragmented, and their common dissolution is a primary mechanism for creating significant moldic and vuggy porosity.",False,https://www.inf.ufrgs.br/bdi/ontologies/GEORES_0000018,
oncoid,Organo-sedimentary Structure,rdfs:subClassOf,Fossil,False,"An oncoid is an organo-sedimentary coated grain that is formed by the microbial, typically cyanobacterial, accretion of concentric, irregular laminae around a central nucleus. Their formation requires intermittent rolling in a low to moderate energy, very shallow lacustrine setting, making them unequivocal evidence of microbial activity. In the Brazilian Pre-Salt, oncoids can be subject to significant intraparticle dissolution, which creates valuable mouldic porosity.",False,https://www.inf.ufrgs.br/bdi/ontologies/GEORES_0000018,
gastropod,Mollusk,rdfs:subClassOf,Fossil,False,"Gastropod is a mollusk that is characterized by a single, typically coiled shell which serves as a bioclast in carbonate sedimentary rocks. In the Brazilian Pre-Salt, gastropod shells are found in lacustrine facies where their relative abundance can indicate environmental variations in salinity and energy, and their diagenetic alteration contributes to reservoir porosity.",False,https://www.inf.ufrgs.br/bdi/ontologies/GEORES_0000018,
Mollusk,Fossil,rdfs:subClassOf,Fossil,True,"A Mollusk is an invertebrate animal of the phylum Mollusca, typically having a soft unsegmented body and a calcareous shell.",False,https://www.inf.ufrgs.br/bdi/ontologies/GEORES_0000018,https://www.inf.ufrgs.br/bdi/ontologies/GEORES_0000018
Organo-sedimentary Structure,Fossil,rdfs:subClassOf,Fossil,True,An Organo-sedimentary Structure is a geological structure that is formed by the interaction of biological activity and sedimentary processes.,False,https://www.inf.ufrgs.br/bdi/ontologies/GEORES_0000018,https://www.inf.ufrgs.br/bdi/ontologies/GEORES_0000018
facies association,Facies Association,rdfs:subClassOf,Facies Association,False,"A facies association is a group of genetically related sedimentary facies that is interpreted to represent a specific depositional environment or process. These associations are identified by the recurring vertical and lateral successions of individual facies, which reflect the depositional dynamics within environments such as bioclastic bars, back-barrier settings, or tempestites. In Pre-Salt carbonate reservoirs, analyzing facies associations is crucial for reconstructing the depositional architecture and predicting reservoir quality distribution.",False,https://www.inf.ufrgs.br/bdi/ontologies/GEORES_0000030,https://www.inf.ufrgs.br/bdi/ontologies/GEORES_0000030
rework facies,facies association,rdfs:subClassOf,Facies Association,False,"Reworked facies is a carbonate facies association that is predominantly composed of transported and redeposited intraclasts of other Pre-Salt components, such as crystal shrubs and spherulites. These facies typically form calcarenites and calcirudites that exhibit sedimentary structures like cross-bedding and wave ripples, indicating deposition under energetic lacustrine conditions. The composition can also include peloids, ostracods, and varying amounts of clay or detrital siliciclastics, often forming intervals with significant interparticle porosity.",False,https://www.inf.ufrgs.br/bdi/ontologies/GEORES_0000030,
reworked,facies association,rdfs:subClassOf,Facies Association,False,"Reworked facies is a carbonate facies association that is composed of sediments eroded, transported, and redeposited away from their original site of formation. In the Brazilian Pre-Salt, these facies typically result from the collapse of carbonate platforms or wave erosion, with the resulting material accumulating in adjacent structural lows. They commonly correspond to allochthonous grainstones, packstones, and wackestones and are often associated with debris seismic patterns.",False,https://www.inf.ufrgs.br/bdi/ontologies/GEORES_0000030,
facies distribution,facies association,rdfs:subClassOf,Facies Association,False,"Facies distribution is the spatial and temporal arrangement of sedimentary facies within a geological volume that reflects the interplay of depositional processes, paleoenvironment, and subsequent structural controls. In the context of Brazilian Pre-Salt lacustrine carbonates, this distribution is characteristically controlled by paleotopography, with specific facies associations, such as in-situ versus reworked facies, systematically occurring in structurally high versus low areas. Understanding these patterns is fundamental for reconstructing depositional models and predicting reservoir presence and quality.",False,https://www.inf.ufrgs.br/bdi/ontologies/GEORES_0000030,
Sedimentary Succession,facies association,rdfs:subClassOf,Facies Association,True,A Sedimentary Succession is a facies association characterized by a vertical sequence of genetically related facies or strata that records changes in depositional environments over time.,False,https://www.inf.ufrgs.br/bdi/ontologies/GEORES_0000030,
cyclothem,Sedimentary Succession,rdfs:subClassOf,Facies Association,False,"Cyclothem is a characteristic sedimentary succession in Pre-Salt lacustrine carbonates that records a predictable vertical progression of facies driven by lake-level and hydrochemical fluctuations. A typical cycle grades upwards from laminated mud-grade carbonates of a flooding phase, through spherulitic carbonates precipitated within Mg-silicate gels during evaporation, and culminates in calcite shrub-like growths, often capped by a thin grainstone of reworked material.",False,https://www.inf.ufrgs.br/bdi/ontologies/GEORES_0000030,
depositional cycle,Sedimentary Succession,rdfs:subClassOf,Facies Association,False,"A depositional cycle is a recurring vertical succession of genetically related carbonate facies that reflects a complete or partial oscillation of depositional environments. In the lacustrine Pre-Salt context, these cycles are primarily driven by lake-level fluctuations and typically exhibit fining-upward or coarsening-upward trends, often with in situ facies like shrubstones or mudstones at their base. The completeness of a cycle's preservation often depends on the depositional position within the basin, with incomplete hemicycles being common in proximal settings.",False,https://www.inf.ufrgs.br/bdi/ontologies/GEORES_0000030,
onlap,Geological Contact,rdfs:subClassOf,Geological Contact,False,"Onlap is a type of stratigraphic termination that is characterized by the updip termination of initially inclined strata against a more steeply dipping surface, such as a basement high or the flank of a build-up. In seismic sequence stratigraphy, this geometric relationship indicates a progressive landward shift of coastal or lacustrine deposits, typically associated with a relative rise in base level and the creation of accommodation space.",False,https://www.inf.ufrgs.br/bdi/ontologies/GEOCORE_0000012,https://www.inf.ufrgs.br/bdi/ontologies/GEOCORE_0000012
facies,Facies,rdfs:subClassOf,Facies,False,"Facies is a body of rock that is defined by a distinctive set of observable lithological characteristics, including composition, texture, and sedimentary structures. In the context of Brazilian Pre-Salt carbonates, facies are systematically identified from core and thin section analysis and are classified using schemes that account for depositional texture, biological growth fabrics, and diagenetic alteration. This classification is fundamental for interpreting depositional environments and predicting the distribution of reservoir properties.",False,https://www.inf.ufrgs.br/bdi/ontologies/GEORES_0000028,https://www.inf.ufrgs.br/bdi/ontologies/GEORES_0000028
lithofacies,facies,rdfs:subClassOf,Facies,False,"Lithofacies is a body of rock that is defined by a specific set of observable lithological characteristics, such as composition and texture, identified from core descriptions and petrographic analysis. In Brazilian Pre-Salt lacustrine carbonates, these are commonly grouped into in-situ or autochthonous facies, like shrubstones and spherulstones, and reworked or allochthonous facies, such as calcarenites and calcirudites.",False,https://www.inf.ufrgs.br/bdi/ontologies/GEORES_0000028,
rock type,facies,rdfs:subClassOf,Facies,False,"A rock type is a category of rock that is defined by a distinctive assemblage of physical attributes, including depositional texture, composition, and diagenetic features. In the context of the Brazilian Pre-Salt, geological rock types are classified based on their primary components (e.g., bioclasts, spherulites, microbial structures) and diagenetic overprints, while petrophysical rock types are defined for engineering purposes based on shared fluid flow or capillary pressure characteristics.",False,https://www.inf.ufrgs.br/bdi/ontologies/GEORES_0000028,
lithotype,rock type,rdfs:subClassOf,Facies,False,"Lithotype is a rock type that is defined by a specific combination of observable physical characteristics, such as composition, texture, grain size, and sedimentary structures. In the context of Brazilian Pre-Salt reservoirs, lithotypes are the fundamental units used in core descriptions and facies analysis to classify distinct carbonate and mixed-siliciclastic rocks like coquinas, calcarenites, and dolostones.",False,https://www.inf.ufrgs.br/bdi/ontologies/GEORES_0000028,
Stratigraphic Surface,Geological Boundary,rdfs:subClassOf,Geological Boundary,True,A Stratigraphic Surface is a Geological Boundary that separates distinct rock bodies or stratigraphic units.,False,https://www.inf.ufrgs.br/bdi/ontologies/GEOCORE_0000011,https://www.inf.ufrgs.br/bdi/ontologies/GEOCORE_0000011
Seismic Boundary,Geological Boundary,rdfs:subClassOf,Geological Boundary,True,A Seismic Boundary is a Geological Boundary that is identified or represented within a seismic dataset.,False,https://www.inf.ufrgs.br/bdi/ontologies/GEOCORE_0000011,https://www.inf.ufrgs.br/bdi/ontologies/GEOCORE_0000011
unconformity,Stratigraphic Surface,rdfs:subClassOf,Geological Boundary,False,"An unconformity is a surface that separates younger strata from older strata, representing a significant hiatus in the geologic record caused by erosion or non-deposition. In seismic data, it is identified as a reflector that truncates underlying strata or separates packages with different reflection geometries, such as an angular unconformity. Key examples in the Brazilian Pre-Salt include the Pre-Alagoas Unconformity (PAU) and the Intra-Alagoas Unconformity (IAU), which are critical surfaces separating distinct tectono-stratigraphic sequences.",False,https://www.inf.ufrgs.br/bdi/ontologies/GEOCORE_0000011,
pre-alagoas unconformity,unconformity,rdf:type,Geological Boundary,False,"Pre-Alagoas Unconformity is a major regional unconformity that separates the lower pre-salt rift sequence from the overlying upper pre-salt transitional to sag sequence. This surface marks a significant lithological and environmental shift, separating the bioclastic deposits of the Itapema Formation from the microbial and chemical carbonates of the Barra Velha Formation. Seismically, it is often a discontinuous reflector that can appear as an angular unconformity over structural highs and a conformity within depositional lows, marking the tectonic transition from rifting to a transitional phase.",False,https://www.inf.ufrgs.br/bdi/ontologies/GEOCORE_0000011,
intra-alagoas unconformity,unconformity,rdf:type,Geological Boundary,False,"The Intra-Alagoas Unconformity is a major intra-formational unconformity that separates the lower and upper successions of the Pre-Salt Barra Velha Formation in the Santos Basin. Dated to approximately 117 Ma, this surface is seismically characterized as a high-amplitude, fairly continuous reflector that is prominent on palaeohighs but may appear conformable within palaeodepressions.",False,https://www.inf.ufrgs.br/bdi/ontologies/GEOCORE_0000011,
seismic horizon,Seismic Boundary,rdfs:subClassOf,Geological Boundary,False,"A seismic horizon is an interpreted surface on seismic data that represents a geological boundary, such as a formation top or an unconformity, which is identified by a distinct seismic reflector. These horizons are mapped throughout a seismic volume, based on reflector characteristics like amplitude and terminations, to define the boundaries of tectono-stratigraphic sequences. In the Brazilian Pre-Salt, key horizons like the Base-Salt Unconformity and the top of the Barra Velha Formation are crucial for building the stratigraphic framework and identifying reservoir intervals.",False,https://www.inf.ufrgs.br/bdi/ontologies/GEOCORE_0000011,
seismic reflector,Seismic Boundary,rdfs:subClassOf,Geological Boundary,False,"A seismic reflector is an interface within a seismic dataset that is generated by a contrast in acoustic impedance between adjacent geological layers. The reflector's attributes, including amplitude, frequency, and continuity, along with its geometric configuration and termination patterns, are analyzed to interpret subsurface stratigraphy and structure.",False,https://www.inf.ufrgs.br/bdi/ontologies/GEOCORE_0000011,
base of salt,Stratigraphic Surface,rdf:type,Geological Boundary,False,"Base of salt is a regional stratigraphic surface of Upper Aptian age that marks the boundary between the overlying evaporite sequence and the underlying pre-salt carbonate succession. This surface often represents an erosional unconformity at the top of the Barra Velha Formation and is seismically characterized as a rugose, high-amplitude, continuous reflection. The lowermost part of the evaporite sequence immediately above this interface may be composed of anhydrite.",False,https://www.inf.ufrgs.br/bdi/ontologies/GEOCORE_0000011,
oil-water contact,Geological Boundary,rdfs:subClassOf,Geological Boundary,False,"An oil-water contact is a subsurface boundary that separates the predominantly oil-saturated zone from the underlying water-saturated zone within a petroleum reservoir. This boundary is typically identified on well logs by a sharp contrast in electrical resistivity, as oil is significantly more resistive than saline formation water. In complex settings like the Brazilian Pre-Salt, this contact can be irregular and vary in depth due to reservoir compartmentalization or perched water effects.",False,https://www.inf.ufrgs.br/bdi/ontologies/GEOCORE_0000011,https://www.inf.ufrgs.br/bdi/ontologies/GEOCORE_0000011
sequence boundary,unconformity,rdfs:subClassOf,Geological Boundary,False,"A sequence boundary is a stratigraphic surface, typically an unconformity, that separates underlying older strata from overlying younger strata and represents a significant depositional hiatus characterized by erosion or non-deposition. In the context of the Brazilian Pre-Salt, these boundaries are organized into a hierarchy (e.g., 1st, 2nd, and 3rd order) and serve as key regional markers tied to major tectonic events like rifting and continental breakup. They are seismically identified by stratal terminations, such as the truncation of underlying reflectors.",False,https://www.inf.ufrgs.br/bdi/ontologies/GEOCORE_0000011,
sediment-water interface,Geological Boundary,rdfs:subClassOf,Geological Boundary,False,"The sediment-water interface is a physical and biogeochemical boundary that separates the bottom sediments of a lake from the overlying water column. In the context of Pre-Salt lacustrine carbonates, this interface is a critical zone for the primary precipitation of minerals, such as the formation of calcite spherulites within gels and the growth of microbial shrubs.",False,https://www.inf.ufrgs.br/bdi/ontologies/GEOCORE_0000011,https://www.inf.ufrgs.br/bdi/ontologies/GEOCORE_0000011
salt base,Stratigraphic Surface,rdf:type,Geological Boundary,False,"Salt base is a regional stratigraphic surface that marks the lower boundary of the Aptian evaporite sequence, separating it from the underlying Pre-Salt succession. This surface often corresponds to a major unconformity formed prior to salt deposition and is seismically characterized as a high-amplitude, continuous reflector. In some areas, the base of the salt sequence is composed of a distinct anhydrite layer.",False,https://www.inf.ufrgs.br/bdi/ontologies/GEOCORE_0000011,
Diagenetic Feature,Earth Material,rdfs:subClassOf,Earth Material,True,"A Diagenetic Feature is a component or characteristic of a rock that formed during diagenesis through post-depositional physical, chemical, or biological processes.",False,https://www.inf.ufrgs.br/bdi/ontologies/GEOCORE_0000006,https://www.inf.ufrgs.br/bdi/ontologies/GEOCORE_0000006
Evaporite Mineral,Mineral,rdfs:subClassOf,Earth Material,True,An Evaporite Mineral is a water-soluble mineral salt that precipitates from a concentrated aqueous solution due to evaporation.,False,https://www.inf.ufrgs.br/bdi/ontologies/GEOCORE_0000006,
Mineral,Earth Material,rdfs:subClassOf,Earth Material,True,"A Mineral is a naturally occurring, solid chemical substance with a well-defined crystal structure and a specific chemical composition.",False,https://www.inf.ufrgs.br/bdi/ontologies/GEOCORE_0000006,https://www.inf.ufrgs.br/bdi/ontologies/GEOCORE_0000006
Sulfate Mineral,Mineral,rdfs:subClassOf,Earth Material,True,A Sulfate Mineral is a mineral containing the sulfate anion (SO₄²⁻) as a major component in its chemical structure.,False,https://www.inf.ufrgs.br/bdi/ontologies/GEOCORE_0000006,
dolomite,carbonate mineral,rdfs:subClassOf,Earth Material,False,"Dolomite is an anhydrous carbonate mineral with the chemical formula CaMg(CO₃)₂ that occurs extensively in Brazilian Pre-Salt reservoirs as a primary precipitate, a diagenetic replacement phase, and a pore-filling cement. In these lacustrine successions, it presents diverse morphologies, including rhombohedral, saddle, and microcrystalline forms, and is a major constituent of facies such as laminites and spherulite-rich claystones.",False,https://www.inf.ufrgs.br/bdi/ontologies/GEOCORE_0000006,
silica,Mineral,rdfs:subClassOf,Earth Material,False,"Silica is an authigenic mineral phase composed of silicon dioxide that occurs in Pre-Salt carbonates as a replacement of the host rock, as pore-lining and pore-filling cements, or as primary chemical precipitates. Occurring in multiple generations (e.g., microcrystalline quartz, chalcedony) from syndepositional to late diagenetic, these silicified intervals are strongly associated with the development of non-matrix porosity and zones of excess permeability.",False,https://www.inf.ufrgs.br/bdi/ontologies/GEOCORE_0000006,
stevensite,clay mineral,rdfs:subClassOf,Earth Material,False,"Stevensite is an aluminum-poor, magnesium-rich smectitic clay that precipitates chemically in the highly alkaline (pH > 9) and silica-rich lacustrine environments characteristic of the Pre-Salt. In these deposits, it commonly occurs as laminated aggregates, coatings, ooids, or peloids and is diagenetically unstable, serving as a precursor for dolomite and a major source of silica for quartz cement upon dissolution.",False,https://www.inf.ufrgs.br/bdi/ontologies/GEOCORE_0000006,
calcite,carbonate mineral,rdfs:subClassOf,Earth Material,False,"Calcite is a carbonate mineral (CaCO₃) that is a major rock-forming constituent within the Brazilian Pre-Salt successions. In this lacustrine setting, it occurs both as primary precipitates forming spherulitic and fascicular fabrics, and as a later diagenetic cement with blocky, macrocrystalline, or poikilotopic habits. As a diagenetic product, it fills various pore types including interparticle, vugular, and fracture porosity, but is also frequently subject to dissolution, which can create or enhance reservoir porosity.",False,https://www.inf.ufrgs.br/bdi/ontologies/GEOCORE_0000006,
anhydrite,Evaporite Mineral,rdfs:subClassOf,Earth Material,False,"Anhydrite is an evaporite mineral that is commonly found in the Brazilian Pre-Salt as layered deposits within the Ariri Formation and as a diagenetic pore-filling cement. Characterized by its brittle behavior and high acoustic impedance relative to halite, it forms a key basal seismic reflector and influences the structural style of salt tectonics.",False,https://www.inf.ufrgs.br/bdi/ontologies/GEOCORE_0000006,
quartz,silica,rdfs:subClassOf,Earth Material,False,"Quartz is a tectosilicate mineral that, within the Pre-Salt context, occurs as both a detrital component and a significant authigenic phase replacing precursor carbonate minerals. As a diagenetic product, it presents various textures such as microcrystalline, macrocrystalline, prismatic, and botryoidal, often filling porosity, fractures, and replacing grains or dolomite crystals.",False,https://www.inf.ufrgs.br/bdi/ontologies/GEOCORE_0000006,
matrix,Earth Material,rdfs:subClassOf,Earth Material,False,"Matrix is the fine-grained material in a carbonate rock that fills the interstitial space between larger grains or framework components, such as shrubs and spherulites. In Brazilian Pre-Salt reservoirs, this component was originally composed of magnesian clays, which have often been diagenetically replaced by minerals like dolomite and silica. From a reservoir perspective, the matrix constitutes the bulk rock volume whose inherent porosity and permeability are distinct from those of large-scale features like fractures or conduits.",False,https://www.inf.ufrgs.br/bdi/ontologies/GEOCORE_0000006,https://www.inf.ufrgs.br/bdi/ontologies/GEOCORE_0000006
mg-clay,clay mineral,rdfs:subClassOf,Earth Material,False,"Mg-clay is a collective term for a group of authigenic, magnesium-rich clay minerals, such as Mg-smectite and sepiolite, that are characteristic of Brazilian Pre-Salt lacustrine deposits. These clays often form the matrix within Mg-claystone facies, where their subsequent dissolution is a primary mechanism for creating secondary reservoir porosity.",False,https://www.inf.ufrgs.br/bdi/ontologies/GEOCORE_0000006,
organic matter,Earth Material,rdfs:subClassOf,Earth Material,False,"Organic matter is a carbon-based sedimentary material that is derived from the remains of once-living organisms and preserved within the rock record. In the Brazilian Pre-Salt lacustrine carbonates, it is commonly found as kerogen within dark-colored laminae and mudstones, originating from microbial sources. Its diagenesis, particularly through processes like methanogenesis, significantly influences the stability of other minerals such as Mg-clays.",False,https://www.inf.ufrgs.br/bdi/ontologies/GEOCORE_0000006,https://www.inf.ufrgs.br/bdi/ontologies/GEOCORE_0000006
saddle dolomite,dolomite,rdfs:subClassOf,Earth Material,False,"Saddle dolomite is a diagenetic dolomite mineral that is characterized by coarse, anhedral to subhedral crystals with curved faces and sweeping (undulating) extinction. Occurring as both a replacement mineral and a cement, it typically forms during middle to late diagenesis from hot, saline fluids often associated with fractures. In the Pre-Salt reservoirs, its formation is primarily controlled by structural factors and is considered an indicator of hydrothermal fluid flow.",False,https://www.inf.ufrgs.br/bdi/ontologies/GEOCORE_0000006,
clay mineral,Mineral,rdfs:subClassOf,Earth Material,False,"A clay mineral is a hydrous phyllosilicate mineral that is characterized by a particle size of less than 2 micrometers and a sheet-like crystal structure. In the Brazilian Pre-Salt lacustrine carbonates, these are predominantly authigenic, aluminum-free magnesium silicates, such as kerolite, stevensite, and sepiolite, which formed in sub-littoral zones.",False,https://www.inf.ufrgs.br/bdi/ontologies/GEOCORE_0000006,
pyrite,sulfide,rdfs:subClassOf,Earth Material,False,"Pyrite is a diagenetic iron sulfide mineral that forms in Pre-Salt carbonates through processes such as thermochemical sulfate reduction and is often remobilized during diagenesis. It commonly occurs as a secondary mineral filling fractures and pores or replacing precursor minerals and matrix, exhibiting cubic, microcrystalline, or macrocrystalline habits.",False,https://www.inf.ufrgs.br/bdi/ontologies/GEOCORE_0000006,
cement,diagenetic product,rdfs:subClassOf,Earth Material,False,"Cement is an authigenic mineral that precipitates from pore fluids to fill void spaces within a sedimentary rock, thereby binding constituent grains and reducing porosity. In the context of Brazilian Pre-Salt reservoirs, cementation is a critical diagenetic process that significantly impacts reservoir quality by occluding primary and secondary pore networks. Common cement compositions include various forms of calcite and dolomite (e.g., blocky, mosaic, saddle), silica (quartz), and other minerals such as dawsonite and barite.",False,https://www.inf.ufrgs.br/bdi/ontologies/GEOCORE_0000006,
kerolite,clay mineral,rdfs:subClassOf,Earth Material,False,"Kerolite is a magnesian clay mineral, considered a variety of talc, that is a principal clay component within the lacustrine carbonate reservoirs of the Brazilian Pre-Salt. It is a key constituent of the Barra Velha Formation, occurring in various facies such as Mg-claystones and intraclastic grainstones, with its abundance typically increasing in the upper stratigraphic units.",False,https://www.inf.ufrgs.br/bdi/ontologies/GEOCORE_0000006,
microcrystalline calcite,calcite,rdfs:subClassOf,Earth Material,False,"Microcrystalline calcite is a textural variety of calcium carbonate that is composed of extremely fine, silt-sized or smaller crystals. In the context of Brazilian Pre-Salt reservoirs, it frequently occurs as a diagenetic product replacing precursor minerals like Mg-clays, as primary laminae in lacustrine mudstones, or as nuclei for spherulites and peloids within microbialites. It is a key component in the formation of fine-grained carbonate rocks and often appears as a dark, dense material under the microscope.",False,https://www.inf.ufrgs.br/bdi/ontologies/GEOCORE_0000006,
microcrystalline quartz,quartz,rdfs:subClassOf,Earth Material,False,"Microcrystalline quartz is a diagenetic form of silica that is defined by an aggregate of individual quartz crystals smaller than 20 micrometers in size. In Pre-Salt settings, it is a major product of silicification, occurring as a replacement of carbonate grains, a pore-filling cement, the matrix of breccias, or as the primary constituent of chert.",False,https://www.inf.ufrgs.br/bdi/ontologies/GEOCORE_0000006,
barite,Sulfate Mineral,rdfs:subClassOf,Earth Material,False,"Barite is a barium sulfate mineral (BaSO₄) that occurs as a secondary diagenetic phase within the pore systems of carbonate reservoirs. In the Brazilian Pre-Salt, it commonly precipitates during mesodiagenesis with a prismatic crystal habit, acting as a pore- and fracture-filling cement in facies such as calcilutites and spherulites.",False,https://www.inf.ufrgs.br/bdi/ontologies/GEOCORE_0000006,
feldspar,Mineral,rdfs:subClassOf,Earth Material,False,"Feldspar is a group of rock-forming tectosilicate minerals that serves as a common siliciclastic component within the carbonate-dominated lacustrine successions of the Brazilian Pre-Salt. It is typically found as detrital grains of K-feldspar and plagioclase within siltstones or as phenocrysts in volcanic-derived felsic tuffs. These feldspar grains are often subject to diagenetic alteration, including replacement by carbonate minerals such as dolomite.",False,https://www.inf.ufrgs.br/bdi/ontologies/GEOCORE_0000006,
talc,Mineral,rdfs:subClassOf,Earth Material,False,"Talc is a magnesium silicate mineral that, within Brazilian Pre-Salt reservoirs, precipitates as a hydrated form from Mg-rich silica gels in highly alkaline, saline lacustrine settings. This hydrated talc, often found in claystones of the Barra Velha Formation, is characterized by a low degree of crystallinity and serves as a significant source of magnesium and silica for later diagenetic processes such as dolomitization.",False,https://www.inf.ufrgs.br/bdi/ontologies/GEOCORE_0000006,
calcite cement,cement,rdfs:subClassOf,Earth Material,False,"Calcite cement is an authigenic calcite mineral that precipitates from pore fluids into the void spaces of a sedimentary rock, binding constituent grains and reducing primary porosity. In Pre-Salt carbonates, it is a principal diagenetic phase, especially in rudstones and grainstones, presenting diverse morphologies including microcrystalline rims, drusy, and blocky crystals that fill interparticle, intraparticle, and fracture porosity. The precipitation and subsequent dissolution of calcite cement are critical controls on reservoir quality.",False,https://www.inf.ufrgs.br/bdi/ontologies/GEOCORE_0000006,
gypsum,Sulfate Mineral,rdfs:subClassOf,Earth Material,False,"Gypsum is a hydrated calcium sulfate mineral (CaSO₄·2H₂O) that, within the context of Brazilian Pre-Salt reservoirs, is primarily found as a late-stage diagenetic cement filling dissolution fractures. The general absence of gypsum as an early, primary evaporite mineral in the Barra Velha Formation is a key line of evidence used to support a non-marine, lacustrine depositional model. When present as a fracture-fill, it can occlude porosity and negatively impact reservoir quality.",False,https://www.inf.ufrgs.br/bdi/ontologies/GEOCORE_0000006,
silica cement,cement,rdfs:subClassOf,Earth Material,False,"Silica cement is an authigenic mineral precipitate that is composed of silica polymorphs, such as quartz and chalcedony, which crystallize within the pore spaces of a sedimentary rock. In Brazilian Pre-Salt carbonates, it occurs in various forms including microcrystalline quartz, macrocrystalline mosaic quartz, and fibrous chalcedony, acting as a pore-lining or pore-filling phase. This cementation is often a late diagenetic event that can significantly reduce or occlude reservoir porosity.",False,https://www.inf.ufrgs.br/bdi/ontologies/GEOCORE_0000006,
substrate,Earth Material,rdfs:subClassOf,Earth Material,False,"Substrate is a depositional surface or material that serves as the foundation upon or within which other sedimentary or diagenetic constituents nucleate and grow. In the context of Brazilian Pre-Salt lacustrine carbonates, it most commonly refers to the fine-grained groundmass, typically composed of magnesian clays or calcitic mud, that facilitates the nucleation of spherulites and shrubs. On a larger scale, the term can also describe the underlying geological feature, such as a structural high, on which an entire carbonate platform develops.",False,https://www.inf.ufrgs.br/bdi/ontologies/GEOCORE_0000006,https://www.inf.ufrgs.br/bdi/ontologies/GEOCORE_0000006
microcrystalline silica,silica,rdfs:subClassOf,Earth Material,False,"Microcrystalline silica is a common diagenetic silica phase that consists of aggregates of microscopic quartz crystals. In the Brazilian Pre-Salt reservoirs, it is the most frequent silica type, occurring both as a replacement of original carbonate components, such as spherulites and bioclasts, and as a cement filling various types of porosity. This silica phase is often associated with the development of microporosity.",False,https://www.inf.ufrgs.br/bdi/ontologies/GEOCORE_0000006,
carnallite,Evaporite Mineral,rdfs:subClassOf,Earth Material,False,"Carnallite is a hydrated potassium magnesium chloride evaporite mineral (KMgCl₃·6(H₂O)) that occurs as a less common component within the Aptian salt section. In the Brazilian Pre-Salt, it is found within the Ariri Formation evaporites, alongside halite, anhydrite, and tachyhydrite. Due to its distinct acoustic velocity, carnallite layers are significant for seismic velocity modeling and understanding the geomechanical behavior of the overlying salt seal.",False,https://www.inf.ufrgs.br/bdi/ontologies/GEOCORE_0000006,
sepiolite,clay mineral,rdfs:subClassOf,Earth Material,False,"Sepiolite is a fibrous hydrated magnesium silicate clay mineral that, in the Brazilian Pre-Salt, occurs as a rare authigenic component within lacustrine deposits. It is preferentially found in small quantities associated with specific facies, such as fascicular calcite crusts and Mg-claystones, and can have a genetic relationship with precursor minerals like stevensite.",False,https://www.inf.ufrgs.br/bdi/ontologies/GEOCORE_0000006,
rhombohedral dolomite,dolomite,rdfs:subClassOf,Earth Material,False,"Rhombohedral dolomite is a diagenetic dolomite mineral that is characterized by its distinct rhombohedral crystal habit. In the Brazilian Pre-Salt, it is the most abundant dolomite type, occurring in various facies and often found 'floating' in the interstitial space between spherulites and calcite shrubs. Its formation is attributed to multiple diagenetic pathways, including early precipitation at the brine-air interface of saline lakes and later burial processes.",False,https://www.inf.ufrgs.br/bdi/ontologies/GEOCORE_0000006,
mg-silicate clay,clay mineral,rdfs:subClassOf,Earth Material,False,"Mg-silicate clay is an authigenic magnesium silicate mineral that precipitates directly from alkaline and saline lacustrine waters, forming a primary matrix component in Pre-Salt deposits. This mineral is highly reactive and susceptible to dissolution, which is a critical process for generating secondary porosity and providing a source of magnesium and silica for later diagenetic alterations.",False,https://www.inf.ufrgs.br/bdi/ontologies/GEOCORE_0000006,
dawsonite,carbonate mineral,rdfs:subClassOf,Earth Material,False,"Dawsonite is a sodium aluminum hydroxycarbonate mineral that occurs as a secondary, diagenetic accessory mineral within the pore systems of Brazilian Pre-Salt carbonate reservoirs. It typically forms during later diagenetic phases and is often found in association with other authigenic minerals such as fluorite, pyrite, barite, and dolomite. While generally sparse, dawsonite can be locally abundant and is identified through petrographic analysis, XRD, and EDS.",False,https://www.inf.ufrgs.br/bdi/ontologies/GEOCORE_0000006,
carbonate mineral,Mineral,rdfs:subClassOf,Earth Material,False,"A carbonate mineral is a mineral that is chemically characterized by the presence of the carbonate anion (CO₃²⁻) in its crystal structure. In the Brazilian Pre-Salt reservoirs, the principal carbonate minerals are calcite and dolomite, which form the primary framework of the reservoir rocks. These minerals are observed in various forms, including magnesian calcite, fascicular calcite, and different generations of dolomite such as rhombohedral and saddle dolomite.",False,https://www.inf.ufrgs.br/bdi/ontologies/GEOCORE_0000006,
magnesite,carbonate mineral,rdfs:subClassOf,Earth Material,False,"Magnesite is a diagenetic carbonate mineral that is composed of magnesium carbonate (MgCO3) and occurs as a secondary phase within Pre-Salt lacustrine successions. It characteristically precipitates as lamellar aggregates that replace the precursor magnesian clay matrix and fill shrinkage pores. This replacement process can be significant enough to preserve original sedimentary textures, such as lamination, within the altered rock.",False,https://www.inf.ufrgs.br/bdi/ontologies/GEOCORE_0000006,
saponite,clay mineral,rdfs:subClassOf,Earth Material,False,"Saponite is a magnesian smectite clay mineral that precipitates in highly alkaline lacustrine environments and is a constituent of the authigenic clay assemblage in Pre-Salt carbonate reservoirs. Within the Pre-Salt, it is typically a minor component found in association with other Mg-silicates like stevensite and kerolite, where it can form a substrate for the growth of spherulites and shrubs.",False,https://www.inf.ufrgs.br/bdi/ontologies/GEOCORE_0000006,
illite,clay mineral,rdfs:subClassOf,Earth Material,False,"Illite is a phyllosilicate clay mineral that is a common component of the mud-rich facies in the lacustrine carbonate systems of the Brazilian Pre-Salt. It is typically found in small quantities alongside other clays like kerolite and stevensite, and often forms interstratified layers with smectite.",False,https://www.inf.ufrgs.br/bdi/ontologies/GEOCORE_0000006,
k-feldspar,feldspar,rdfs:subClassOf,Earth Material,False,"K-feldspar is a potassium aluminosilicate mineral that occurs in Pre-Salt successions both as a detrital component in associated siliciclastic rocks and as an authigenic phase within the carbonate reservoirs. As a detrital grain, it is a major constituent of arkosic sandstones, while its authigenic form precipitates from diagenetic fluids. This mineral is often subject to diagenetic alteration, including replacement by carbonates such as ankerite or by Al-phyllosilicates.",False,https://www.inf.ufrgs.br/bdi/ontologies/GEOCORE_0000006,
tachyhydrite,Evaporite Mineral,rdfs:subClassOf,Earth Material,False,"Tachyhydrite is a rare and highly soluble evaporite mineral that is composed of hydrous calcium magnesium chloride. In the Brazilian Pre-Salt, it occurs locally within the Aptian Ariri Formation's evaporitic sequence, associated with more common salts like halite, anhydrite, carnallite, and sylvite.",False,https://www.inf.ufrgs.br/bdi/ontologies/GEOCORE_0000006,
diagenetic constituent,Diagenetic Feature,rdfs:subClassOf,Earth Material,False,"A diagenetic constituent is a mineral or mineral aggregate that forms within a sedimentary rock after its initial deposition through diagenetic processes such as precipitation or replacement. In the Pre-Salt reservoirs, common diagenetic constituents include calcite, dolomite, and silica, which can precipitate in pores, replace primary grains, or be dissolved, thereby significantly altering the rock's porosity and permeability.",False,https://www.inf.ufrgs.br/bdi/ontologies/GEOCORE_0000006,
macrocrystalline quartz,quartz,rdfs:subClassOf,Earth Material,False,"Macrocrystalline quartz is a diagenetic quartz cement that is characterized by relatively large crystals which typically form a mosaic or drusy texture. In Pre-Salt reservoirs, it commonly precipitates as a late-stage phase in the center of pores after earlier silica cements and can also replace carbonate components, particularly bivalve bioclasts.",False,https://www.inf.ufrgs.br/bdi/ontologies/GEOCORE_0000006,
mica,Mineral,rdfs:subClassOf,Earth Material,False,"Mica is a group of sheet silicate minerals that, in the context of the Brazilian Pre-Salt, occurs as a detrital siliciclastic component. It is commonly found as white mica, such as muscovite or sericite, associated with quartz and feldspar within siliciclastic siltstones and mudstones. Additionally, mica can be present as an accessory clastic grain within resedimented carbonate facies.",False,https://www.inf.ufrgs.br/bdi/ontologies/GEOCORE_0000006,
diagenetic product,Diagenetic Feature,rdfs:subClassOf,Earth Material,False,"A diagenetic product is a mineral or mineralogical feature that forms within a rock during diagenesis as a result of post-depositional physical, chemical, or biological processes. These products manifest as cements filling porosity, minerals replacing pre-existing components, or as recrystallized fabrics. In Brazilian Pre-Salt carbonates, common diagenetic products include various forms of dolomite, calcite, quartz, and pyrite, which fundamentally control the evolution of reservoir quality.",False,https://www.inf.ufrgs.br/bdi/ontologies/GEOCORE_0000006,
aragonite,carbonate mineral,rdfs:subClassOf,Earth Material,False,"Aragonite is a metastable mineral polymorph of calcium carbonate that is a primary constituent of biogenic grains, such as bivalve and gastropod shells, in Pre-Salt lacustrine carbonates. Due to its instability, it is highly susceptible to diagenetic alteration through dissolution, which creates moldic porosity, or neomorphism to calcite, with the balance between these processes strongly controlling reservoir quality.",False,https://www.inf.ufrgs.br/bdi/ontologies/GEOCORE_0000006,
mg-silicate gel,Earth Material,rdfs:subClassOf,Earth Material,False,"Mg-silicate gel is a poorly crystalline chemical precipitate that forms in alkaline, Mg- and SiO2-rich lacustrine waters during periods of intense evaporation. Upon burial, this hydrated gel undergoes diagenetic transformation through dehydration, forming more stable crystalline Mg-silicate minerals such as stevensite or hydrated talc. As a key component of the Aptian microbial carbonate system, its precipitation influences water chemistry and often precedes the formation of calcite spherulites.",False,https://www.inf.ufrgs.br/bdi/ontologies/GEOCORE_0000006,https://www.inf.ufrgs.br/bdi/ontologies/GEOCORE_0000006
fluorite,Mineral,rdfs:subClassOf,Earth Material,False,"Fluorite is a diagenetic halide mineral, composed of calcium fluoride (CaF₂), that precipitates in Pre-Salt carbonates as a typical product of hydrothermal alteration. As a secondary mineral phase, it is commonly associated with saddle dolomite, barite, and celestine, and is often observed lining the margins of pores, particularly those enhanced by dissolution.",False,https://www.inf.ufrgs.br/bdi/ontologies/GEOCORE_0000006,
sulfide,Mineral,rdfs:subClassOf,Earth Material,False,"Sulfide is a group of authigenic minerals that contains sulfur in its most reduced state and precipitates from sulfur-rich fluids. In the Brazilian Pre-Salt, these minerals, including pyrite, chalcopyrite, and sphalerite, typically occur as euhedral crystals filling vugular and fracture porosity. Their precipitation is often associated with hydrothermal fluid circulation and thermal sulfate reduction (TSR), serving as an indicator of specific diagenetic events.",False,https://www.inf.ufrgs.br/bdi/ontologies/GEOCORE_0000006,
diagenetic phase,Diagenetic Feature,rdfs:subClassOf,Earth Material,False,"A diagenetic phase is a distinct mineral product that forms during the diagenesis of a sedimentary rock through processes such as replacement or cementation. Each phase is characterized by its specific timing within the paragenetic sequence, crystal morphology, and geochemical signature, reflecting the evolving fluid chemistry and temperature conditions. In the Brazilian Pre-Salt, common diagenetic phases such as various forms of dolomite and silica significantly impact reservoir quality by creating or destroying porosity.",False,https://www.inf.ufrgs.br/bdi/ontologies/GEOCORE_0000006,
muscovite,mica,rdfs:subClassOf,Earth Material,False,"Muscovite is a common phyllosilicate mineral of the mica group that occurs in Pre-Salt carbonates as detrital, silt- to sand-sized siliciclastic grains. Within these lacustrine carbonate systems, it is found in minor quantities as a framework grain or within the matrix of various facies, including Mg-claystones and spherulitic rocks. Notably, these grains can act as nuclei for the precipitation of calcite spherulites, a key textural component of many reservoir facies.",False,https://www.inf.ufrgs.br/bdi/ontologies/GEOCORE_0000006,
bathymetry,Topography,rdfs:subClassOf,Geometry,False,"Bathymetry is the measurement of water depth that describes the topography of the floor of a water body, specifically the lacustrine basins of the Pre-Salt, relative to the lake's surface. It is a primary control on the distribution of depositional environments and sedimentary facies, as key geological processes like carbonate growth rates and wave energy are directly dependent on it.",False,https://www.inf.ufrgs.br/bdi/ontologies/GEORES_0000023,
paleotopography,Topography,rdfs:subClassOf,Geometry,False,"Paleotopography is the topography of a land or seafloor surface as it existed at a specific time in the geological past. In the context of the Pre-Salt, this ancient relief is reconstructed from seismic horizons and acts as a primary control on the distribution of depositional facies and the development of non-matrix porosity. It particularly influences porosity by conditioning areas to subaerial exposure and dissolution during periods of lacustrine lake-level fall.",False,https://www.inf.ufrgs.br/bdi/ontologies/GEORES_0000023,
Topography,Geometry,rdfs:subClassOf,Geometry,True,"Topography is a geometry that describes the three-dimensional arrangement of physical features on a surface, such as a planetary body or a geological horizon.",False,https://www.inf.ufrgs.br/bdi/ontologies/GEORES_0000023,https://www.inf.ufrgs.br/bdi/ontologies/GEORES_0000023
fracture,Geological Structure,rdfs:subClassOf,Geological Structure,False,"A fracture is a structural discontinuity in a rock that is formed by tectonic or gravitational processes when stress exceeds the rock's mechanical strength. In Pre-Salt carbonates, fractures represent a significant pore type often concentrated in brittle, silicified layers, where they can be open, partially open, or cemented by minerals such as silica, and may be enhanced by dissolution to form critical fluid flow pathways.",False,https://www.inf.ufrgs.br/bdi/ontologies/GEOCORE_0000004,https://www.inf.ufrgs.br/bdi/ontologies/GEOCORE_0000004
fault,fracture,rdfs:subClassOf,Geological Structure,False,"A fault is a planar or curviplanar geological fracture that exhibits measurable displacement of adjacent rock blocks as a result of tectonic stresses. In the Brazilian Pre-Salt, faults are classified into sets based on their orientation, length, and age, serving to compartmentalize reservoirs into distinct structural domains. These structures and their associated influence zones, which contain dense fracture networks, are a primary control on the development of non-matrix porosity and permeability.",False,https://www.inf.ufrgs.br/bdi/ontologies/GEOCORE_0000004,
normal fault,fault,rdfs:subClassOf,Geological Structure,False,"A normal fault is a dip-slip fault that accommodates crustal extension, where the hanging wall block moves downward relative to the footwall block. In the Brazilian Pre-Salt basins, these faults are fundamental rift-related structures that often strike NE-SW to N-S, compartmentalize crustal blocks, and bound half-grabens. They occur at scales ranging from centimeters in core samples to kilometers in length and displacement, and their activity can be syndepositional, influencing the stratigraphy and creating structural traps.",False,https://www.inf.ufrgs.br/bdi/ontologies/GEOCORE_0000004,
graben,Structural Block,rdfs:subClassOf,Geological Structure,False,"A graben is a depressed crustal block that is bounded by two or more sub-parallel normal faults, creating a structural low relative to adjacent horsts. Formed during extensional tectonics characteristic of rift phases, these features vary from narrow and discontinuous to wide and continuous, often serving as depocenters for sediments. In the Pre-Salt context, grabens can act as significant permeability barriers that compartmentalize hydrocarbon reservoirs.",False,https://www.inf.ufrgs.br/bdi/ontologies/GEOCORE_0000004,
horst,Structural Block,rdfs:subClassOf,Geological Structure,False,"Horst is an uplifted structural block that is bounded by normal faults and flanked by down-dropped blocks known as grabens or half-grabens. In the Brazilian Pre-Salt, these features are typically large-scale structural highs, controlled by high-angle listric and planar faults, and form critical traps for hydrocarbon reservoirs.",False,https://www.inf.ufrgs.br/bdi/ontologies/GEOCORE_0000004,
pore system,Pore Space Feature,rdfs:subClassOf,Geological Structure,False,"Pore system is the totality of pore space within a rock volume that is characterized by the collective distribution, connectivity, and geometric attributes of all constituent voids. In Pre-Salt carbonates, this system is typically complex and multiscale, resulting from the interplay of depositional fabrics and subsequent diagenetic processes, which ultimately governs the rock's petrophysical properties such as porosity and permeability.",False,https://www.inf.ufrgs.br/bdi/ontologies/GEOCORE_0000004,
reservoir heterogeneity,Geological Structure,rdfs:subClassOf,Geological Structure,False,"Reservoir heterogeneity is the spatial variation of petrophysical and geological properties within a reservoir rock that originates from the combined effects of depositional environment, diagenetic alteration, and structural history. This variation manifests as vertical and lateral changes in facies, porosity, and permeability, which can create flow barriers, lead to reservoir compartmentalization, and form alternating layers of high and low reservoir quality.",False,https://www.inf.ufrgs.br/bdi/ontologies/GEOCORE_0000004,https://www.inf.ufrgs.br/bdi/ontologies/GEOCORE_0000004
lamination,Geological Structure,rdfs:subClassOf,Geological Structure,False,"Lamination is a primary sedimentary structure that consists of thin, parallel to sub-parallel layers, or laminae, typically less than one centimeter thick, which are distinguishable by variations in properties like grain size or composition. In the context of the Pre-Salt, lamination commonly appears as planar, low-angle, wavy, or irregular forms that can be laterally continuous or discontinuous. This structure provides key information about depositional processes, such as flow regime, and is often preserved as relicts within microbialite facies.",False,https://www.inf.ufrgs.br/bdi/ontologies/GEOCORE_0000004,https://www.inf.ufrgs.br/bdi/ontologies/GEOCORE_0000004
clinoform,Stratigraphic Geometry,rdfs:subClassOf,Geological Structure,False,"Clinoform is a stratigraphic geometry that is characterized by inclined depositional surfaces representing the advancing, sloping front of a prograding sedimentary body. In the Brazilian Pre-Salt, clinoforms are key seismic-scale features that define the progradation of carbonate platforms into lacustrine basins, with their height providing a proxy for paleolake bathymetry. These features typically exhibit sigmoidal or exponential profiles and record fluctuations in base-level during deposition.",False,https://www.inf.ufrgs.br/bdi/ontologies/GEOCORE_0000004,
transfer zone,Geological Structure,rdfs:subClassOf,Geological Structure,False,"A transfer zone is a complex structural zone, often oriented obliquely to the main rift trend, that accommodates extensional displacement between offset or terminating segments of major normal faults. Within the Brazilian Pre-Salt rift system, these zones often manifest as structural highs separating major depocenters. They play a critical role in controlling the tectono-sedimentary evolution, influencing the distribution and thickness of sedimentary packages and the associated carbonate reservoirs.",False,https://www.inf.ufrgs.br/bdi/ontologies/GEOCORE_0000004,https://www.inf.ufrgs.br/bdi/ontologies/GEOCORE_0000004
intercrystalline porosity,Pore Space Feature,rdfs:subClassOf,Geological Structure,False,"Intercrystalline porosity is a type of secondary porosity that consists of the void spaces located between the individual crystals of a rock. In Brazilian Pre-Salt reservoirs, it is a predominant pore type in dolostones, typically formed by diagenetic processes such as dolomitization, recrystallization, or the dissolution of precursor minerals like stevensite between dolomite crystals and spherulites.",False,https://www.inf.ufrgs.br/bdi/ontologies/GEOCORE_0000004,
stylolite,diagenetic feature,rdfs:subClassOf,Geological Structure,False,"A stylolite is a serrated diagenetic surface that is formed by pressure solution, a process of localized rock dissolution under compressive stress. It is characterized by the accumulation of insoluble residue, such as clay minerals, pyrite, and quartz, which become concentrated along the dissolution surface. In Pre-Salt reservoirs, stylolites are common in various lithofacies, can cross-cut earlier diagenetic features, and may be associated with enhanced fracture porosity.",False,https://www.inf.ufrgs.br/bdi/ontologies/GEOCORE_0000004,
microfracture,fracture,rdfs:subClassOf,Geological Structure,False,"A microfracture is a small-scale fracture that is observable at the microscopic level, typically occurring isolated within or cutting across individual grains such as spherulites. In Pre-Salt carbonates, it constitutes an important type of secondary porosity that can significantly enhance reservoir permeability, although it is often found occluded by cements like silica.",False,https://www.inf.ufrgs.br/bdi/ontologies/GEOCORE_0000004,
fault system,Geological Structure,rdfs:subClassOf,Geological Structure,False,"A fault system is a set of genetically related extensional faults that are active during a specific tectono-stratigraphic interval, collectively controlling accommodation space and sediment deposition within a rift basin. These systems are identified and differentiated from one another primarily by the relative age of the syn-rift growth strata whose deposition they controlled. In the context of the Brazilian Pre-Salt, fault systems are often classified into distinct phases corresponding to the Early, Intermediate, and Late Rift stages.",False,https://www.inf.ufrgs.br/bdi/ontologies/GEOCORE_0000004,https://www.inf.ufrgs.br/bdi/ontologies/GEOCORE_0000004
stacking pattern,Stratigraphic Pattern,rdfs:subClassOf,Geological Structure,False,"Stacking pattern is a vertical arrangement of sedimentary facies that records a systematic change in depositional environments through a stratigraphic succession. These patterns are fundamental for defining stratigraphic cycles and sequences at various hierarchical scales, reflecting trends such as upward-deepening or the increasing abundance of specific components like shrubs in the Pre-Salt lacustrine carbonates.",False,https://www.inf.ufrgs.br/bdi/ontologies/GEOCORE_0000004,
structure,Geological Structure,rdfs:subClassOf,Geological Structure,False,"Structure is a geological feature that results from the tectonic deformation of rock strata, forming a distinct geometric configuration such as a fold or fault block. In the Brazilian Pre-Salt, these features are typically large-scale extensional or transtensional horsts, half-grabens, and anticlines that formed during the South Atlantic rifting. These structural highs are fundamental as they create the primary trapping mechanism for hydrocarbons and control the development and distribution of carbonate reservoir facies.",False,https://www.inf.ufrgs.br/bdi/ontologies/GEOCORE_0000004,https://www.inf.ufrgs.br/bdi/ontologies/GEOCORE_0000004
open fracture,fracture,rdfs:subClassOf,Geological Structure,False,"Open fracture is a geological discontinuity, also known as an opening-mode fracture or joint, that is characterized by the separation of its walls with minimal to no shear displacement, creating a distinct aperture. In the Brazilian Pre-Salt, these fractures are typically associated with tectonic stresses in brittle silicified layers and contribute significantly to non-matrix porosity, even when partially or fully filled with cements, bitumen, or rock debris.",False,https://www.inf.ufrgs.br/bdi/ontologies/GEOCORE_0000004,
karst,diagenetic feature,rdfs:subClassOf,Geological Structure,False,"Karst is a set of geological features and associated pore systems that results from the dissolution of soluble carbonate rocks by percolating aqueous fluids, often controlled by fractures and faults. In the Brazilian Pre-Salt, this process can be hypogenic, driven by ascending thermal fluids, or related to subaerial exposure during lake-level falls, creating stratigraphically discordant non-matrix porosity. While karstification can significantly enhance reservoir permeability, intense dissolution may also lead to cavern collapse, the formation of karst breccias, and a subsequent reduction in reservoir quality.",False,https://www.inf.ufrgs.br/bdi/ontologies/GEOCORE_0000004,
diagenetic feature,Geological Structure,rdfs:subClassOf,Geological Structure,False,"A diagenetic feature is an observable physical, chemical, or textural characteristic of a rock that results from post-depositional diagenetic processes. In Brazilian Pre-Salt carbonates, prominent examples include dolomitization, silicification, cementation, compaction effects like stylolites, and modifications to porosity. These features are studied at multiple scales, from microscopic textures to large-scale alteration zones mapped via seismic data.",False,https://www.inf.ufrgs.br/bdi/ontologies/GEOCORE_0000004,https://www.inf.ufrgs.br/bdi/ontologies/GEOCORE_0000004
rift fault,fault,rdfs:subClassOf,Geological Structure,False,"A rift fault is a tectonic fault, typically a normal fault, that forms during the extensional phase of a rift basin's development. In the Brazilian Pre-Salt, these faults control the initial basin geometry, the deposition of syn-rift sedimentary sequences, and the compartmentalization of carbonate reservoirs. Subsequent reactivation of these faults, often with an oblique or transtensional component, can generate fracture networks that significantly impact reservoir porosity and permeability.",False,https://www.inf.ufrgs.br/bdi/ontologies/GEOCORE_0000004,
reservoir architecture,Geological Structure,rdfs:subClassOf,Geological Structure,False,"Reservoir architecture is the three-dimensional framework of a petroleum reservoir that is defined by the spatial distribution, geometry, and connectivity of its constituent sedimentary, stratigraphic, and structural elements. This framework includes the arrangement of different rock facies and porosity systems, such as matrix, fractures, and vugs, which collectively govern reservoir heterogeneity, compartmentalization, and fluid flow.",False,https://www.inf.ufrgs.br/bdi/ontologies/GEOCORE_0000004,https://www.inf.ufrgs.br/bdi/ontologies/GEOCORE_0000004
trap,Geological Structure,rdfs:subClassOf,Geological Structure,False,"A trap is a geological configuration that confines hydrocarbons within a reservoir rock by combining a porous reservoir geometry with an overlying, impermeable seal. In the Brazilian Pre-Salt, traps are predominantly large structural highs, characterized as four-way closures, where Aptian carbonate reservoirs are effectively sealed by the thick overlying Ariri Formation evaporites, although stratigraphic components can also contribute to hydrocarbon confinement.",False,https://www.inf.ufrgs.br/bdi/ontologies/GEOCORE_0000004,https://www.inf.ufrgs.br/bdi/ontologies/GEOCORE_0000004
rift system,Structural Framework,rdfs:subClassOf,Geological Structure,False,"A rift system is a large-scale structural framework that is formed by crustal extension and characterized by a series of normal faults creating an alternating pattern of structural highs (horsts) and lows (grabens). These fault-bounded grabens function as depocenters, accumulating thick sequences of syn-rift sediments which, in the context of the Brazilian Pre-Salt, include the critical lacustrine carbonate reservoirs. This phase of mechanical subsidence is a precursor to the thermal sag phase that marks the evolution towards a passive continental margin.",False,https://www.inf.ufrgs.br/bdi/ontologies/GEOCORE_0000004,
downlap,Stratigraphic Geometry,rdfs:subClassOf,Geological Structure,False,"Downlap is a type of basal stratal termination in which initially inclined seismic reflectors or strata terminate downdip against a lower, typically more horizontal, surface. This geometric relationship is characteristic of prograding depositional systems, where younger strata build outwards and downwards over an older surface, often indicating a condensed section or maximum flooding surface below.",False,https://www.inf.ufrgs.br/bdi/ontologies/GEOCORE_0000004,
basement structure,structure,rdfs:subClassOf,Geological Structure,False,"A basement structure is a large-scale structural configuration within the geological basement that is characterized by a rift-related geometry of horsts, grabens, and half-grabens bounded by normal faults. In the Brazilian Pre-Salt, these features are formed within the crystalline basement and associated volcanic rocks, such as the Cabiúnas Formation, creating a pronounced paleotopography of structural highs and lows. This inherited rift-phase topography is a primary control on the deposition, thickness, and facies distribution of the overlying sag-phase carbonate reservoirs.",False,https://www.inf.ufrgs.br/bdi/ontologies/GEOCORE_0000004,
cyclicity,Stratigraphic Pattern,rdfs:subClassOf,Geological Structure,False,"Cyclicity is a stratigraphic pattern that is characterized by the repetitive vertical succession of specific facies or sets of reservoir properties. In the Brazilian Pre-Salt, these cycles are typically driven by high-frequency climatic and lake-level oscillations, and their vertical stacking is a primary control on reservoir heterogeneity by creating alternating layers of high and low-quality rock.",False,https://www.inf.ufrgs.br/bdi/ontologies/GEOCORE_0000004,
carbonate fabric,Geological Structure,rdfs:subClassOf,Geological Structure,False,"Carbonate fabric is the overall structure of a carbonate rock that results from the arrangement, size, and shape of its constituent grains, crystals, and pores. The primary depositional fabric, such as shrub boundstone or grainstone, can be significantly modified or completely obliterated by subsequent diagenetic processes like recrystallization and dolomitization.",False,https://www.inf.ufrgs.br/bdi/ontologies/GEOCORE_0000004,https://www.inf.ufrgs.br/bdi/ontologies/GEOCORE_0000004
structural setting,Structural Framework,rdfs:subClassOf,Geological Structure,False,"Structural setting is a geological framework that is defined by the geometric arrangement and interplay of tectonic elements such as faults, folds, and basement-controlled features. In the context of the Brazilian Pre-Salt, it typically describes the horst-and-graben architecture resulting from rifting, which creates distinct structural highs and lows. This framework exerts a primary control on depositional patterns, diagenetic alterations, and the distribution of reservoir properties.",False,https://www.inf.ufrgs.br/bdi/ontologies/GEOCORE_0000004,
Structural Block,Geological Structure,rdfs:subClassOf,Geological Structure,True,A Structural Block is a geological structure that consists of a volume of rock bounded by faults which has moved as a single tectonic unit.,False,https://www.inf.ufrgs.br/bdi/ontologies/GEOCORE_0000004,https://www.inf.ufrgs.br/bdi/ontologies/GEOCORE_0000004
Pore Space Feature,Geological Structure,rdfs:subClassOf,Geological Structure,True,A Pore Space Feature is a geological structure that is a void or system of connected voids within a rock which can contain fluids.,False,https://www.inf.ufrgs.br/bdi/ontologies/GEOCORE_0000004,https://www.inf.ufrgs.br/bdi/ontologies/GEOCORE_0000004
Stratigraphic Geometry,Geological Structure,rdfs:subClassOf,Geological Structure,True,A Stratigraphic Geometry is a geological structure that is a large-scale geometric feature or relationship within a body of rock strata.,False,https://www.inf.ufrgs.br/bdi/ontologies/GEOCORE_0000004,https://www.inf.ufrgs.br/bdi/ontologies/GEOCORE_0000004
Structural Framework,Geological Structure,rdfs:subClassOf,Geological Structure,True,A Structural Framework is a geological structure that is a large-scale geometric arrangement of tectonic elements defining the architecture of a region.,False,https://www.inf.ufrgs.br/bdi/ontologies/GEOCORE_0000004,https://www.inf.ufrgs.br/bdi/ontologies/GEOCORE_0000004
Stratigraphic Pattern,Geological Structure,rdfs:subClassOf,Geological Structure,True,A Stratigraphic Pattern is a geological structure that is a recognizable and repetitive arrangement of strata or facies within a sedimentary succession.,False,https://www.inf.ufrgs.br/bdi/ontologies/GEOCORE_0000004,https://www.inf.ufrgs.br/bdi/ontologies/GEOCORE_0000004
shrub,Diagenetic Body,rdfs:subClassOf,Geological Object,False,"A shrub is a calcitic crystal aggregate that is characterized by a fan-like morphology composed of fibrous to coarse bladed, fascicular-optic calcite crystals growing divergently away from a substrate. These aggregates range from millimeters to several centimeters in size and often grow in parallel, coalescing to form extensive horizontal layers or low domal structures that are a key component of Pre-Salt reservoir facies.",False,https://www.inf.ufrgs.br/bdi/ontologies/GEOCORE_0000001,
intraclast,Sedimentary Clast,rdfs:subClassOf,Geological Object,False,"An intraclast is a sedimentary clast that is composed of a reworked fragment of penecontemporaneous, semi-lithified carbonate sediment eroded from within the same depositional basin. In the Brazilian Pre-Salt, these clasts are typically derived from characteristic lacustrine facies such as spherulitestones, shrubstones, and laminated carbonates, exhibiting a wide range of sizes from sand to pebble. They display variable shapes from angular to well-rounded and are often diagenetically altered by dolomitization or silicification.",False,https://www.inf.ufrgs.br/bdi/ontologies/GEOCORE_0000001,
peloid,Sedimentary Grain,rdfs:subClassOf,Geological Object,False,"A peloid is a small carbonate grain, typically silt to fine sand in size, that is composed of micrite and lacks any discernible internal structure. Within the Brazilian Pre-Salt, these grains are commonly interpreted as micritized intraclasts and are a primary component of reservoir facies such as peloidal grainstones and packstones.",False,https://www.inf.ufrgs.br/bdi/ontologies/GEOCORE_0000001,
calcite spherulite,Diagenetic Body,rdfs:subClassOf,Geological Object,False,"A calcite spherulite is a spherical to sub-spherical diagenetic aggregate that is composed of radiating fibrous calcite crystals, typically forming through the replacement of a precursor clay-rich matrix in lacustrine settings. These aggregates, ranging from 0.1 to over 5 mm in diameter, often grow around a nucleus of micrite, clay minerals, or ostracod fragments and can coalesce to form extensive beds constituting grainstones and packstones. Although the original fibro-radial texture is often preserved, spherulites are commonly subject to recrystallization, dolomitization, or replacement by silica.",False,https://www.inf.ufrgs.br/bdi/ontologies/GEOCORE_0000001,
ooid,Sedimentary Grain,rdfs:subClassOf,Geological Object,False,"An ooid is a coated sedimentary grain that consists of a nucleus enveloped by a cortex of one or more concentric laminae, which in the Brazilian Pre-Salt was originally composed of magnesium clays. Typically of coarse sand size, these grains formed in a dynamic, non-marine alkaline lacustrine system and are now preserved as calcite, often exhibiting complex nuclei like intraclasts or bioclasts that indicate multicycle reworking.",False,https://www.inf.ufrgs.br/bdi/ontologies/GEOCORE_0000001,
siliciclastic grain,Sedimentary Grain,rdfs:subClassOf,Geological Object,False,"A siliciclastic grain is a detrital particle that is composed of silicate minerals derived from the weathering and erosion of pre-existing terrestrial rocks. In the context of Brazilian Pre-Salt carbonates, these grains primarily consist of quartz, feldspar, and micas sourced from adjacent plutonic basement rocks and volcanic terrains. They typically occur in low concentrations, serving as nuclei for carbonate spherules or as a minor component within a carbonate matrix, having been transported into the lacustrine system by waves and currents.",False,https://www.inf.ufrgs.br/bdi/ontologies/GEOCORE_0000001,
hydrothermal vent,Geological Structure,rdfs:subClassOf,Geological Object,False,"A hydrothermal vent is a pipe-like geological complex that is formed by the fracturing, transport, and eruption of deep-sourced, geothermally heated fluids and sediments. In the Pre-Salt lacustrine setting, these vents strongly influence water chemistry by supplying ions and alkalinity, which promotes the precipitation of minerals like travertine and can also cause significant diagenetic alteration that enhances reservoir quality.",False,https://www.inf.ufrgs.br/bdi/ontologies/GEOCORE_0000001,https://www.inf.ufrgs.br/bdi/ontologies/GEOCORE_0000004
rifted margin,Geological Structure,rdfs:subClassOf,Geological Object,False,"A rifted margin is a type of continental margin that is formed by the process of continental rifting which successfully progresses to plate rupture and the onset of seafloor spreading. These margins, such as those of the Santos and Campos Basins, are characterized by distinct syn-rift and post-rift stratigraphic sequences that record the evolution from continental extension to passive thermal subsidence.",False,https://www.inf.ufrgs.br/bdi/ontologies/GEOCORE_0000001,https://www.inf.ufrgs.br/bdi/ontologies/GEOCORE_0000004
south american plate,Tectonic Plate,rdf:type,Geological Object,False,"The South American Plate is a major tectonic plate that comprises the continent of South America and a large portion of the adjacent South Atlantic seafloor. Its eastern passive margin was established during the Early Cretaceous rifting and subsequent separation from the African Plate, a process which created the extensional basins that host the Brazilian Pre-Salt petroleum system.",False,https://www.inf.ufrgs.br/bdi/ontologies/GEOCORE_0000001,
african plate,Tectonic Plate,rdf:type,Geological Object,False,"The African Plate is a major tectonic plate that forms the eastern conjugate margin to the South American Plate, whose separation during the Early Cretaceous initiated the opening of the South Atlantic Ocean. This rifting process created the extensional basins that provided the accommodation space for the deposition of the lacustrine carbonates and evaporites of the Brazilian Pre-Salt succession.",False,https://www.inf.ufrgs.br/bdi/ontologies/GEOCORE_0000001,
nodule,Diagenetic Body,rdfs:subClassOf,Geological Object,False,"A nodule is a discrete diagenetic body that is compositionally distinct from its surrounding host rock, typically forming as a rounded to irregular mass of silica, calcite, or aggregated grains. In the Brazilian Pre-Salt, nodules are commonly composed of silica (quartz, opal) or calcite and are found within various lacustrine carbonate and mixed siliciclastic-carbonate facies. These features can range from millimeters to centimeters in size and may form through replacement or precipitation, sometimes engulfing original sediment grains.",False,https://www.inf.ufrgs.br/bdi/ontologies/GEOCORE_0000001,
volcanic fragment,Sedimentary Clast,rdfs:subClassOf,Geological Object,False,"A volcanic fragment is a sedimentary clast that is composed of material derived from volcanic rock. In the Brazilian Pre-Salt, these fragments are found as constituent grains within lacustrine carbonate facies, such as packstones and grainstones, indicating sediment input from a volcanic source. The alteration of these fragments can influence reservoir diagenesis, for instance, by contributing to the formation of authigenic clays like stevensite.",False,https://www.inf.ufrgs.br/bdi/ontologies/GEOCORE_0000001,
nucleus,Sedimentary Grain,rdfs:subClassOf,Geological Object,False,"A nucleus is a central particle or fragment that serves as the initial substrate for the precipitation or accretion of subsequent carbonate layers, forming a larger composite grain such as a spherulite or ooid. In the context of Brazilian Pre-Salt reservoirs, the nucleus can be composed of various materials, including micrite, peloids, bioclasts, phosphate fragments, or even reworked grains like ooids and intraclasts. The composition and shape of the nucleus can influence the morphology of the resulting grain and may be dissolved or obscured during subsequent diagenesis.",False,https://www.inf.ufrgs.br/bdi/ontologies/GEOCORE_0000001,
Diagenetic Body,Body of Rock,rdfs:subClassOf,Geological Object,True,A Diagenetic Body is a body of rock or mineral that forms within a sediment or sedimentary rock during or after deposition.,False,https://www.inf.ufrgs.br/bdi/ontologies/GEOCORE_0000001,https://www.inf.ufrgs.br/bdi/ontologies/GEORES_0000001
Sedimentary Clast,Sedimentary Grain,rdfs:subClassOf,Geological Object,True,A Sedimentary Clast is a type of sedimentary grain that is a fragment of a pre-existing rock or sediment.,False,https://www.inf.ufrgs.br/bdi/ontologies/GEOCORE_0000001,
Sedimentary Grain,Earth Material,rdfs:subClassOf,Geological Object,True,A Sedimentary Grain is a particle of Earth material that has been transported and deposited by a fluid medium.,False,https://www.inf.ufrgs.br/bdi/ontologies/GEOCORE_0000001,https://www.inf.ufrgs.br/bdi/ontologies/GEOCORE_0000006
Tectonic Plate,Geological Structure,rdfs:subClassOf,Geological Object,True,"A Tectonic Plate is a massive, rigid slab of solid rock that forms part of the Earth's lithosphere.",False,https://www.inf.ufrgs.br/bdi/ontologies/GEOCORE_0000001,https://www.inf.ufrgs.br/bdi/ontologies/GEOCORE_0000004
Tectono-Stratigraphic Process,Geological Process,rdfs:subClassOf,Geological Process,True,A Tectono-Stratigraphic Process is a geological process that defines a major phase of basin evolution characterized by a distinct tectonic regime and resulting stratigraphic architecture.,False,https://www.inf.ufrgs.br/bdi/ontologies/GEOCORE_0000002,https://www.inf.ufrgs.br/bdi/ontologies/GEOCORE_0000002
Exogenic Process,Geological Process,rdfs:subClassOf,Geological Process,True,An Exogenic Process is a geological process that originates at or near the Earth's surface and is driven by external energy sources.,False,https://www.inf.ufrgs.br/bdi/ontologies/GEOCORE_0000002,https://www.inf.ufrgs.br/bdi/ontologies/GEOCORE_0000002
dissolution,diagenetic process,rdfs:subClassOf,Geological Process,False,"Dissolution is a diagenetic process that removes mineral material from a rock through fluid-rock interaction, creating or enhancing porosity. In Pre-Salt lacustrine carbonates, it is a primary mechanism for generating secondary pores by affecting components like Mg-clays, spherulites, and shrubs, and can release ions that influence subsequent diagenetic events such as dolomitization.",False,https://www.inf.ufrgs.br/bdi/ontologies/GEOCORE_0000002,
dolomitization,diagenetic process,rdfs:subClassOf,Geological Process,False,"Dolomitization is a diagenetic process that replaces pre-existing minerals, such as calcite or stevensite, with the mineral dolomite. In the Brazilian Pre-Salt, this process is a critical control on reservoir quality, with late-stage dolomitization associated with fracturing often enhancing porosity and permeability by creating an intercrystalline pore network. Conversely, early or total dolomitization can sometimes reduce reservoir quality by decreasing pore throat sizes.",False,https://www.inf.ufrgs.br/bdi/ontologies/GEOCORE_0000002,
diagenesis,Geological Process,rdfs:subClassOf,Geological Process,False,"Diagenesis is the set of post-depositional physical, chemical, and biological processes that alter the original texture, mineralogy, and chemical composition of sediments. In Brazilian Pre-Salt lacustrine carbonates, key diagenetic processes include the dissolution of primary fabrics like Mg-clays, cementation by calcite and dolomite, and recrystallization. These alterations fundamentally control the evolution of porosity and permeability, thereby determining the final reservoir quality.",False,https://www.inf.ufrgs.br/bdi/ontologies/GEOCORE_0000002,https://www.inf.ufrgs.br/bdi/ontologies/GEOCORE_0000002
silicification,diagenetic process,rdfs:subClassOf,Geological Process,False,"Silicification is a diagenetic process that replaces host rock minerals, such as calcium carbonate and magnesium-clays, through their dissolution and the concurrent precipitation of silica. In the Brazilian Pre-Salt lacustrine carbonates, this process manifests as various silica forms, including microcrystalline quartz and chalcedony, which can substitute the rock matrix or cement pore spaces. Occurring from early to late diagenesis, silicification significantly alters reservoir quality, often negatively, by occluding pore space and reducing permeability.",False,https://www.inf.ufrgs.br/bdi/ontologies/GEOCORE_0000002,
diagenetic process,Geological Process,rdfs:subClassOf,Geological Process,False,"A diagenetic process is any physical, chemical, or biological alteration that modifies sedimentary deposits after initial deposition and before the onset of metamorphism. In Brazilian Pre-Salt carbonates, key processes include dissolution, cementation, replacement (dolomitization and silicification), and recrystallization, which fundamentally control the evolution of reservoir porosity and permeability. These alterations are driven by changes in fluid chemistry, temperature, and pressure, often occurring in distinct stages from syngenesis through eodiagenesis and mesodiagenesis.",False,https://www.inf.ufrgs.br/bdi/ontologies/GEOCORE_0000002,https://www.inf.ufrgs.br/bdi/ontologies/GEOCORE_0000002
rift,Tectono-Stratigraphic Process,rdfs:subClassOf,Geological Process,False,"Rift is a tectono-stratigraphic stage that is driven by crustal extension and characterized by active normal faulting, leading to differential subsidence and the formation of fault-bounded basins. In the context of the Brazilian Pre-Salt, this stage is associated with the opening of the South Atlantic Ocean and the deposition of syn-rift sequences, which include lacustrine source rocks and the initial carbonate reservoir successions. The resulting stratigraphy often comprises asymmetric wedges of growth strata, and the stage may be subdivided into distinct phases reflecting the complex evolution of continental breakup.",False,https://www.inf.ufrgs.br/bdi/ontologies/GEOCORE_0000002,
cementation,diagenetic process,rdfs:subClassOf,Geological Process,False,"Cementation is a diagenetic process that involves the precipitation of authigenic minerals from pore fluids into the void spaces of a sediment or rock, binding the grains together. In Brazilian Pre-Salt carbonate reservoirs, this process commonly involves minerals such as calcite, dolomite, and quartz, which typically reduce or occlude porosity. However, certain types of cement, such as early siliceous rims, can also preserve reservoir quality by enhancing the rock's resistance to mechanical compaction.",False,https://www.inf.ufrgs.br/bdi/ontologies/GEOCORE_0000002,
subsidence,Geological Process,rdfs:subClassOf,Geological Process,False,"Subsidence is a geological process that describes the progressive downward movement of a basin floor, which creates accommodation space for sediment accumulation. In sedimentary basin analysis, it is quantified as a rate (e.g., meters per million years) that can be constant or vary spatially and temporally due to tectonic activity and sediment loading. Within the Brazilian Pre-Salt, differential subsidence rates are a primary control on the evolution of carbonate platforms and the distribution of reservoir facies.",False,https://www.inf.ufrgs.br/bdi/ontologies/GEOCORE_0000002,https://www.inf.ufrgs.br/bdi/ontologies/GEOCORE_0000002
compaction,diagenetic process,rdfs:subClassOf,Geological Process,False,"Compaction is a diagenetic process that reduces the bulk volume and porosity of sediments due to the effects of increasing overburden stress during burial. This process includes mechanical compaction, evidenced by grain rearrangement and deformation leading to tight packing and concave-convex contacts, and chemical compaction, which involves pressure solution creating sutured grain contacts. In the Pre-Salt lacustrine carbonates, the effects of compaction are often observed as tight grain arrangements, deformed grains, and crinkled laminae in both grain-supported and laminated facies.",False,https://www.inf.ufrgs.br/bdi/ontologies/GEOCORE_0000002,
erosion,Exogenic Process,rdfs:subClassOf,Geological Process,False,"Erosion is a geological process that removes and transports pre-existing rock and sediment from a land surface by natural agents such as water or wind. In the context of Brazilian Pre-Salt lacustrine carbonates, this process is frequently driven by subaerial exposure during lake-level lowstands, leading to the breakdown of microbial carbonates and the generation of reworked sediments. On a basin scale, these erosional events create significant unconformities, identifiable on seismic data by the truncation of underlying strata, which mark major stratigraphic boundaries.",False,https://www.inf.ufrgs.br/bdi/ontologies/GEOCORE_0000002,
thermal subsidence,subsidence,rdfs:subClassOf,Geological Process,False,"Thermal subsidence is a geological process of crustal downwarping that occurs during the post-rift or sag phase of basin evolution, driven by the cooling and consequent density increase of the lithosphere previously heated and thinned during rifting. This process supersedes the fault-controlled mechanical subsidence of the rift phase and is characterized by slower, more uniform rates of basin sinking. In the Brazilian Pre-Salt, thermal subsidence created the broad accommodation space necessary for the deposition of the extensive lacustrine carbonate systems.",False,https://www.inf.ufrgs.br/bdi/ontologies/GEOCORE_0000002,
recrystallization,diagenetic process,rdfs:subClassOf,Geological Process,False,"Recrystallization is a diagenetic process that alters the crystal fabric of pre-existing carbonate minerals, such as calcite, by changing their crystal size and shape. In Pre-Salt reservoirs, this process affects components like bioclasts, matrix, and cement, and when intense, can obliterate the original depositional texture to form crystalline limestones.",False,https://www.inf.ufrgs.br/bdi/ontologies/GEOCORE_0000002,
post-rift,Tectono-Stratigraphic Process,rdfs:subClassOf,Geological Process,False,"Post-rift is a tectono-stratigraphic phase in basin evolution that follows the active rifting stage and is characterized by deposition driven primarily by regional thermal subsidence. In the Brazilian Pre-Salt, this phase is also known as the sag or transitional phase, resulting in an aggradational filling pattern that heals rift topography and includes the deposition of the lacustrine carbonates of the Barra Velha Formation and the overlying evaporites of the Ariri Formation.",False,https://www.inf.ufrgs.br/bdi/ontologies/GEOCORE_0000002,
evaporation,Geological Process,rdfs:subClassOf,Geological Process,False,"Evaporation is a climatic process that involves the net loss of water from a lacustrine system to the atmosphere, occurring when water loss rates exceed precipitation and influx. This process leads to lake retraction and increases the concentration of dissolved ions, raising water alkalinity and salinity. In the Pre-Salt context, the resulting supersaturated waters trigger the precipitation of key minerals, such as magnesium silicate gels and calcite, which form characteristic reservoir facies.",False,https://www.inf.ufrgs.br/bdi/ontologies/GEOCORE_0000002,https://www.inf.ufrgs.br/bdi/ontologies/GEOCORE_0000002
hydrothermal activity,hydrothermal process,rdfs:subClassOf,Geological Process,False,"Hydrothermal activity is a set of geological processes that involves the circulation of hot fluids through the Earth's crust, redistributing energy and mass. In the context of the Brazilian Pre-Salt, this activity is often associated with deep-rooted faults and magmatism, resulting in hydrothermal alteration that modifies reservoir properties. This alteration includes the precipitation of minerals such as saddle dolomite and silica, as well as dissolution, which can locally enhance or degrade reservoir quality.",False,https://www.inf.ufrgs.br/bdi/ontologies/GEOCORE_0000002,
tectonic activity,Geological Process,rdfs:subClassOf,Geological Process,False,"Tectonic activity is a geological process that involves the deformation of the Earth's crust through faulting and folding. In the context of the Brazilian Pre-Salt, this activity, primarily expressed as fault reactivation and movement, is a critical control on the creation of accommodation space and the development of structural highs. Consequently, it directly influences the thickness, distribution, and facies architecture of key carbonate reservoir intervals such as the Barra Velha Formation.",False,https://www.inf.ufrgs.br/bdi/ontologies/GEOCORE_0000002,https://www.inf.ufrgs.br/bdi/ontologies/GEOCORE_0000002
subaerial exposure,Geological Process,rdfs:subClassOf,Geological Process,False,"Subaerial exposure is a geological process that exposes previously submerged lacustrine sediments and rocks to the atmosphere, driven by a significant fall in lake level. This process results in physical weathering, chemical alteration, and erosion of the exposed carbonates, creating diagnostic features such as breccias, unconformities, and dolomite-enriched pedogenetic profiles.",False,https://www.inf.ufrgs.br/bdi/ontologies/GEOCORE_0000002,https://www.inf.ufrgs.br/bdi/ontologies/GEOCORE_0000002
magmatism,Geological Process,rdfs:subClassOf,Geological Process,False,"Magmatism is a geological process that encompasses the generation, movement, and emplacement of molten rock (magma) and its associated gases within the Earth's crust and onto its surface. In the South Atlantic basins, magmatism occurred in distinct cycles associated with rifting and continental drift, forming intrusive bodies and extrusive volcanic edifices. These magmatic events are a key source of heat and mantle-derived fluids that drive hydrothermal alteration, significantly influencing the diagenetic pathways and reservoir properties of Pre-Salt carbonates.",False,https://www.inf.ufrgs.br/bdi/ontologies/GEOCORE_0000002,https://www.inf.ufrgs.br/bdi/ontologies/GEOCORE_0000002
sag,Tectono-Stratigraphic Process,rdfs:subClassOf,Geological Process,False,"Sag is a tectono-stratigraphic phase in a rift basin that is characterized by widespread, slow, and relatively uniform thermal subsidence following the main fault-controlled syn-rift stage. In the Brazilian Pre-Salt, this Aptian-age phase created the accommodation space for the deposition of extensive lacustrine carbonate systems. The resulting sag sequence contains the primary reservoir rocks for the major Pre-Salt hydrocarbon accumulations.",False,https://www.inf.ufrgs.br/bdi/ontologies/GEOCORE_0000002,
petroleum system,Geological Process,rdfs:subClassOf,Geological Process,False,"A petroleum system is a geological system that encompasses the essential elements—source rock, reservoir rock, seal, and overburden—and processes required for the generation, migration, and accumulation of hydrocarbons. In the context of the Brazilian Pre-Salt, this system is defined by lacustrine source shales (e.g., Piçarras Formation), microbial carbonate reservoirs (e.g., Barra Velha Formation), and a regional evaporitic seal (Ariri Formation).",False,https://www.inf.ufrgs.br/bdi/ontologies/GEOCORE_0000002,https://www.inf.ufrgs.br/bdi/ontologies/GEOCORE_0000002
drift,Tectono-Stratigraphic Process,rdfs:subClassOf,Geological Process,False,"Drift is a tectono-stratigraphic phase that represents the final stage of passive margin evolution, characterized by thermal subsidence and the deposition of marine sediments after the cessation of major rifting. In the context of the Brazilian South Atlantic margin, this phase began in the Albian, following the deposition of the Aptian salt, and is associated with the development of oceanic crust. The resulting drift sequence comprises a thick succession of open marine deposits, including both carbonate platforms and deep-water siliciclastics.",False,https://www.inf.ufrgs.br/bdi/ontologies/GEOCORE_0000002,
fluid flow,Geological Process,rdfs:subClassOf,Geological Process,False,"Fluid flow is the movement of subsurface fluids, such as oil, gas, and water, through the interconnected pore and fracture network of a rock that is governed by the interplay between rock properties, fluid properties, and pressure gradients. In the context of Pre-Salt carbonate reservoirs, this process is critically influenced by geological heterogeneities, including pore-throat geometry, fracture systems, and the stratigraphic arrangement of facies, which create corridors and barriers to flow.",False,https://www.inf.ufrgs.br/bdi/ontologies/GEOCORE_0000002,https://www.inf.ufrgs.br/bdi/ontologies/GEOCORE_0000002
hydrothermal alteration,hydrothermal process,rdfs:subClassOf,Geological Process,False,"Hydrothermal alteration is a physicochemical process that modifies pre-existing rocks through interaction with hot, circulating fluids. In Pre-Salt carbonate reservoirs, this process is characterized by the precipitation of minerals such as saddle dolomite, barite, and fluorite, and can also enhance reservoir quality by creating dissolution features like vugs and caves, particularly along fault zones.",False,https://www.inf.ufrgs.br/bdi/ontologies/GEOCORE_0000002,
deformation,tectonic activity,rdfs:subClassOf,Geological Process,False,"Deformation is a structural process that changes the shape, size, or orientation of a rock body in response to applied tectonic stress. In the Brazilian Pre-Salt, this process is primarily associated with oblique extensional rifting, where interaction with pre-existing basement fabrics creates a complex structural architecture of faults and grabens that control reservoir geometry.",False,https://www.inf.ufrgs.br/bdi/ontologies/GEOCORE_0000002,
diagenetic alteration,diagenesis,rdfs:subClassOf,Geological Process,False,"Diagenetic alteration is the set of all physical, chemical, and biological processes that modify the mineralogy, texture, and fabric of a sedimentary rock after deposition and prior to the onset of metamorphism. In the Brazilian Pre-Salt, these alterations are often intense, including dissolution, dolomitization, and silicification driven by hydrothermal fluids and burial, which critically control reservoir porosity and permeability.",False,https://www.inf.ufrgs.br/bdi/ontologies/GEOCORE_0000002,
salt deposition,Geological Process,rdfs:subClassOf,Geological Process,False,"Salt deposition is a sedimentary process that involves the accumulation of evaporite minerals, such as halite and anhydrite, from the evaporation of saline water bodies in a restricted basin. In the Brazilian Pre-Salt, this event occurred during the Aptian (ca. 110-116 Ma) in a syn-rift setting, forming a thick sequence that caused rapid basin loading and initiated subsequent salt tectonics.",False,https://www.inf.ufrgs.br/bdi/ontologies/GEOCORE_0000002,https://www.inf.ufrgs.br/bdi/ontologies/GEOCORE_0000002
fault reactivation,tectonic activity,rdfs:subClassOf,Geological Process,False,"Fault reactivation is a tectonic process that involves renewed displacement or subsequent movement along a pre-existing fault plane, often in response to a change in the regional stress field. In the Brazilian Pre-Salt, the reactivation of older rift faults during and after the deposition of the Barra Velha Formation controlled the creation of accommodation space, the distribution of carbonate depocenters, and the development of fracture systems that influence reservoir quality.",False,https://www.inf.ufrgs.br/bdi/ontologies/GEOCORE_0000002,
mechanical compaction,compaction,rdfs:subClassOf,Geological Process,False,"Mechanical compaction is a physical diagenetic process that reduces the bulk volume and porosity of a sediment through the rearrangement, deformation, or breakage of grains under the influence of increasing overburden stress. In Pre-Salt carbonates, this process is evidenced by features such as tight grain arrangements, coalesced shrubs, concave-convex grain contacts, and deformed grains. It is a distinct process from chemical compaction and typically results in the reduction of primary interparticle porosity during burial.",False,https://www.inf.ufrgs.br/bdi/ontologies/GEOCORE_0000002,
hydrothermal process,Geological Process,rdfs:subClassOf,Geological Process,False,"A hydrothermal process is a geological process that involves the circulation of hot, chemically active fluids through rock, resulting in the redistribution of energy and mass and causing physicochemical alteration. In Pre-Salt carbonate reservoirs, these processes are typically driven by local geothermal anomalies and facilitated by deep fault systems, leading to the precipitation of characteristic minerals such as saddle dolomite, fluorite, and barite.",False,https://www.inf.ufrgs.br/bdi/ontologies/GEOCORE_0000002,https://www.inf.ufrgs.br/bdi/ontologies/GEOCORE_0000002
uplift,tectonic activity,rdfs:subClassOf,Geological Process,False,"Uplift is a tectonic process that results in the vertical elevation of a portion of the Earth's crust relative to a surrounding area or a fixed datum. In the context of the Brazilian Pre-Salt, this process is typically associated with the upward movement of footwall blocks along normal faults or transpressive forces during rifting. The resulting structural highs control the depositional architecture by creating localized shallow-water environments suitable for carbonate accumulation and can also lead to erosion, supplying sediments to adjacent areas.",False,https://www.inf.ufrgs.br/bdi/ontologies/GEOCORE_0000002,
volcanic activity,magmatism,rdfs:subClassOf,Geological Process,False,"Volcanic activity is a geological process that, during the Early Cretaceous rifting of the South Atlantic, involved extensive magmatism and associated hydrothermalism which fundamentally influenced the chemistry of the Pre-Salt lacustrine systems. This synsedimentary process supplied CO2, heat, and ions into the lakes via hydrothermal vents, creating the highly alkaline and supersaturated conditions necessary for the abiotic precipitation of key carbonate reservoir facies.",False,https://www.inf.ufrgs.br/bdi/ontologies/GEOCORE_0000002,
diagenetic history,diagenesis,rdfs:subClassOf,Geological Process,False,"Diagenetic history is the chronological sequence of physical, chemical, and biological processes that alter a sedimentary rock after its initial deposition. This sequence of events, such as dissolution, cementation, dolomitization, and silicification, fundamentally controls the evolution of the rock's fabric and petrophysical properties. In the Brazilian Pre-Salt, this complex history of alteration is a critical factor in determining reservoir quality.",False,https://www.inf.ufrgs.br/bdi/ontologies/GEOCORE_0000002,
burial,Geological Process,rdfs:subClassOf,Geological Process,False,"Burial is a geological process that subjects sedimentary rocks to progressively increasing temperature and pressure as they are covered by younger deposits, initiating a suite of diagenetic changes. In the Brazilian Pre-Salt, this process occurs at depths often exceeding 3000 meters and temperatures of 60-90°C, where alterations like dolomitization, silicification, and cementation critically control the creation or destruction of reservoir porosity.",False,https://www.inf.ufrgs.br/bdi/ontologies/GEOCORE_0000002,https://www.inf.ufrgs.br/bdi/ontologies/GEOCORE_0000002
replacement,diagenetic process,rdfs:subClassOf,Geological Process,False,"Replacement is a diagenetic process that involves the substitution of a pre-existing mineral or sedimentary component, such as a clay or carbonate fabric, by a new authigenic mineral. In the Brazilian Pre-Salt, this commonly involves the replacement of carbonate fabrics (spherulites, shrubs) and clays (stevensite) by silica or dolomite. This process can be pervasive or mimetic and significantly alters reservoir properties by modifying the rock fabric and porosity.",False,https://www.inf.ufrgs.br/bdi/ontologies/GEOCORE_0000002,
weathering,Exogenic Process,rdfs:subClassOf,Geological Process,False,"Weathering is a set of exogenic processes that causes the physical and chemical alteration of pre-existing rocks when they are exposed to atmospheric conditions. In the context of the Pre-Salt lacustrine system, this process occurs during periods of subaerial exposure caused by lake-level fall, leading to the formation of weathering profiles and paleosols on carbonate deposits. These resultant profiles are often characterized by fabric-destructive alteration, a clotted or granular texture, and diagenetic overprints such as dolomitization and silicification.",False,https://www.inf.ufrgs.br/bdi/ontologies/GEOCORE_0000002,
magmatic activity,magmatism,rdfs:subClassOf,Geological Process,False,"Magmatic activity is a geological process that involves the movement, emplacement, and solidification of magma and its associated hydrothermal fluids within the Earth's crust. In the context of the Brazilian Pre-Salt, this activity is closely linked to rift-phase tectonics and reactivated fault systems, serving as a primary driver for hydrothermal alteration. It exerts a significant, often dual, control on reservoir quality by inducing diagenetic processes such as dolomitization, dissolution, and widespread silicification.",False,https://www.inf.ufrgs.br/bdi/ontologies/GEOCORE_0000002,
diagenetic modification,diagenetic process,rdfs:subClassOf,Geological Process,False,"Diagenetic modification is any physical, chemical, or biological change that alters a sediment or sedimentary rock after its initial deposition and before the onset of metamorphism. In the context of Pre-Salt carbonates, these modifications include processes such as dissolution, cementation, dolomitization, and clay mineral alteration, which fundamentally control the evolution of the reservoir's pore system and its resulting petrophysical properties.",False,https://www.inf.ufrgs.br/bdi/ontologies/GEOCORE_0000002,
halokinesis,deformation,rdfs:subClassOf,Geological Process,False,"Halokinesis is a geological process that involves the subsurface mobilization and flow of salt layers due to their physical properties and external stresses. In the Santos Basin, this process is primarily triggered by differential loading from overlying sediments, controlling the structural evolution and creating features like diapirs and salt windows that impact hydrocarbon migration pathways.",False,https://www.inf.ufrgs.br/bdi/ontologies/GEOCORE_0000002,
magmatic event,magmatism,rdfs:subClassOf,Geological Process,False,"A magmatic event is a geological episode that involves the emplacement of intrusive and/or extrusive igneous rocks within a sedimentary basin. In the Brazilian Pre-Salt, these events, such as those in the Aptian and Santonian-Campanian, are a primary source of heat and chemical components that drive hydrothermal systems, causing significant diagenetic alteration and impacting reservoir quality.",False,https://www.inf.ufrgs.br/bdi/ontologies/GEOCORE_0000002,
karstification,Geological Process,rdfs:subClassOf,Geological Process,False,"Karstification is a geological process that creates distinctive porosity and landforms through the dissolution of soluble rocks, such as carbonates, by aqueous fluids. In Pre-Salt reservoirs, this process can be hypogenic, driven by ascending hydrothermal fluids along fault zones, or penecontemporaneous, related to subaerial exposure. While moderate karstification significantly enhances reservoir quality by creating vugs and channels, intense karstification can lead to rock collapse and the formation of low-permeability karst breccia.",False,https://www.inf.ufrgs.br/bdi/ontologies/GEOCORE_0000002,https://www.inf.ufrgs.br/bdi/ontologies/GEOCORE_0000002
dissolution process,diagenetic process,rdfs:subClassOf,Geological Process,False,"Dissolution process is a diagenetic process that chemically removes mineral components from a rock through the action of undersaturated fluids. In Pre-Salt lacustrine carbonates, this process is critical for creating and enhancing reservoir porosity by targeting components such as Mg-clays, spherulites, shrubs, and cements, leading to the development of interparticle, intraparticle, and vugular pores. It occurs in multiple stages, from early eodiagenesis related to meteoric water influx to later mesodiagenesis driven by burial or hydrothermal fluids.",False,https://www.inf.ufrgs.br/bdi/ontologies/GEOCORE_0000002,
early diagenesis,diagenesis,rdfs:subClassOf,Geological Process,False,"Early diagenesis is the initial stage of post-depositional alteration that occurs at or near the sediment-water interface, driven by the physicochemical conditions of the depositional environment. In the context of Pre-Salt carbonates, this stage involves processes such as the dissolution of primary fabrics like Mg-smectite to create secondary porosity, which is often followed by or concomitant with the precipitation of dolomite, calcite, and silica cements.",False,https://www.inf.ufrgs.br/bdi/ontologies/GEOCORE_0000002,
neomorphism,diagenetic process,rdfs:subClassOf,Geological Process,False,"Neomorphism is a diagenetic process that involves the in-situ transformation of an original mineral component, such as an aragonite shell, into a more stable polymorph like calcite. In the lacustrine carbonate reservoirs of the Brazilian Pre-Salt, the neomorphism of aragonitic bioclasts is a key process controlling reservoir quality. Its predominance over dissolution is critical for preserving primary interparticle porosity, which often results in higher permeability rock fabrics.",False,https://www.inf.ufrgs.br/bdi/ontologies/GEOCORE_0000002,
diagenetic evolution,diagenesis,rdfs:subClassOf,Geological Process,False,"Diagenetic evolution is the chronological reconstruction of the sequence of processes and resulting products that have altered a sedimentary rock after deposition. This reconstruction, often illustrated in a paragenetic sequence chart, details the timing of events such as dissolution, fracturing, and the precipitation or replacement of minerals like dolomite and quartz. Understanding the diagenetic evolution is critical for predicting the distribution of porosity and permeability within the Pre-Salt carbonate reservoirs.",False,https://www.inf.ufrgs.br/bdi/ontologies/GEOCORE_0000002,
marine incursion,Geological Process,rdfs:subClassOf,Geological Process,False,"Marine incursion is a geological event that involves the episodic or large-scale entry of seawater into a previously restricted or non-marine depositional system. In the context of the Brazilian Pre-Salt, Aptian marine incursions marked the transition from a vast lacustrine system to a saline basin, culminating in the widespread deposition of the Ariri Formation evaporites which constitute the primary regional seal.",False,https://www.inf.ufrgs.br/bdi/ontologies/GEOCORE_0000002,https://www.inf.ufrgs.br/bdi/ontologies/GEOCORE_0000002
abiotic precipitation,Geological Process,rdfs:subClassOf,Geological Process,False,"Abiotic precipitation is a geochemical process that forms minerals directly from a solution due to physicochemical changes, occurring without the mediation of biological organisms. In Pre-Salt lacustrine settings, this process is often triggered by rapid precipitation from highly saturated solutions, elevated pH, or CO2 degassing, resulting in crystalline fabrics that lack evidence of microbial activity such as trapping, binding, or clotted textures.",False,https://www.inf.ufrgs.br/bdi/ontologies/GEOCORE_0000002,https://www.inf.ufrgs.br/bdi/ontologies/GEOCORE_0000002
genesis,Geological Process,rdfs:subClassOf,Geological Process,False,"Genesis is the comprehensive formation process that accounts for the origin and development of a geological feature, such as a rock body, mineral, or reservoir. In the context of the Brazilian Pre-Salt, it refers specifically to the complex and debated origin of the lacustrine carbonate reservoirs, encompassing the tectonic, stratigraphic, sedimentological, and diagenetic factors that controlled their formation. Understanding the genesis of these unique carbonates is critical for predicting reservoir distribution and quality, especially given the lack of direct modern analogs.",False,https://www.inf.ufrgs.br/bdi/ontologies/GEOCORE_0000002,https://www.inf.ufrgs.br/bdi/ontologies/GEOCORE_0000002
silica cementation,cementation,rdfs:subClassOf,Geological Process,False,"Silica cementation is a diagenetic process that involves the precipitation of silica minerals from pore fluids to fill or line voids within a rock. In Pre-Salt carbonates, this process occurs in various forms, such as microcrystalline chert and fibrous chalcedony, filling interparticle pores, vugs, and fractures. It has a dual effect on reservoir quality, either occluding pore space and reducing permeability or preserving porosity by forming rigid rims that enhance the rock's resistance to compaction.",False,https://www.inf.ufrgs.br/bdi/ontologies/GEOCORE_0000002,
Tectono-stratigraphic Interval,Geological Time Interval,rdfs:subClassOf,Geological Time Interval,True,A Tectono-stratigraphic Interval is a geological time interval defined by a distinct package of sedimentary and/or volcanic rocks deposited during a specific tectonic regime.,False,https://www.inf.ufrgs.br/bdi/ontologies/GEOCORE_0000005,https://www.inf.ufrgs.br/bdi/ontologies/GEOCORE_0000005
aptian,early cretaceous,rdf:type,Geological Time Interval,False,"Aptian is a geological age of the Early Cretaceous epoch, lasting from approximately 125 to 113 million years ago, that corresponds to the period when the vast lacustrine carbonate sequences of the Brazilian Pre-Salt were deposited. This interval is economically critical as it contains the unusual and prolific carbonate reservoirs, which are sealed by an extensive salt layer also deposited during the late Aptian.",False,https://www.inf.ufrgs.br/bdi/ontologies/GEOCORE_0000005,
cretaceous,mesozoic,rdf:type,Geological Time Interval,False,"Cretaceous is a geological period that spans from approximately 145 to 66 million years ago, representing the final part of the Mesozoic Era. In the context of the South Atlantic, the Lower Cretaceous is characterized by the continental rifting that formed the extensive lacustrine basins where the Pre-Salt carbonate reservoirs were deposited. The Upper Cretaceous succession represents the subsequent post-salt marine drift phase.",False,https://www.inf.ufrgs.br/bdi/ontologies/GEOCORE_0000005,
barremian,early cretaceous,rdf:type,Geological Time Interval,False,"Barremian is a geological age of the Early Cretaceous epoch that, in the Brazilian Pre-Salt, corresponds to a critical syn-rift period associated with the deposition of the lower pre-salt sequences. This interval, which local subdivisions place between approximately 135 and 123 million years ago, is defined by key stratigraphic surfaces like the 'base Barremian' and is characterized by significant fault activity that controlled the formation of depocenters.",False,https://www.inf.ufrgs.br/bdi/ontologies/GEOCORE_0000005,
hauterivian,early cretaceous,rdf:type,Geological Time Interval,False,"Hauterivian is a geological age of the Early Cretaceous Epoch that chronologically follows the Valanginian and precedes the Barremian. In the context of the Brazilian Pre-Salt, this age is associated with the initial rift phase, characterized by the formation of half-grabens and the deposition of the syn-rift Camboriú Formation. The top of the Hauterivian sequence often corresponds to a basal seismic horizon used to map the evolution of structural highs and lows.",False,https://www.inf.ufrgs.br/bdi/ontologies/GEOCORE_0000005,
early cretaceous,cretaceous,rdf:type,Geological Time Interval,False,"The Early Cretaceous is the earliest epoch of the Cretaceous Period that is characterized by the continental rifting between South America and Africa, which formed the precursor basins of the South Atlantic. Within the Brazilian Pre-Salt context, this epoch encompasses the syn-rift and sag phases, during which extensive lacustrine systems deposited the organic-rich source rocks and shallow-water carbonate reservoirs of the prolific petroleum system. This interval, spanning from approximately 145 to 100.5 million years ago, includes the deposition of the key Barremian-Aptian Pre-Salt successions.",False,https://www.inf.ufrgs.br/bdi/ontologies/GEOCORE_0000005,
rift phase,Tectono-stratigraphic Interval,rdfs:subClassOf,Geological Time Interval,False,"Rift phase is the initial tectonostratigraphic stage of sedimentary basin evolution that is characterized by active continental extension, crustal thinning, and fault-controlled subsidence. This stage is associated with significant volcanism and the creation of graben and half-graben structures, which accommodate the deposition of syn-rift lacustrine sediments such as organic-rich source rocks and bioclastic carbonates. In the Brazilian Pre-Salt basins, this phase is commonly subdivided into distinct stages (e.g., syn-rift I and II) based on contrasting tectonic strain and depositional patterns.",False,https://www.inf.ufrgs.br/bdi/ontologies/GEOCORE_0000005,
sag phase,Tectono-stratigraphic Interval,rdfs:subClassOf,Geological Time Interval,False,"The sag phase is a tectono-stratigraphic stage that follows the main rift phase and is primarily characterized by broad, regional subsidence driven by thermal contraction of the lithosphere. In the Brazilian Pre-Salt, this phase created a vast, restricted lacustrine system where paleotopography inherited from the rift phase controlled the deposition of microbial carbonate reservoirs on structural highs and evaporites in basinal areas. Although often considered a period of tectonic quiescence, localized extensional faulting commonly persisted during this time.",False,https://www.inf.ufrgs.br/bdi/ontologies/GEOCORE_0000005,
albian,early cretaceous,rdf:type,Geological Time Interval,False,"Albian is a geological age of the Early Cretaceous Epoch that, in the context of the Brazilian continental margin, marks the initiation of the post-salt drift phase. This interval is characterized by the establishment of open marine environments following the deposition of the Aptian salt, leading to the deposition of marine carbonates, such as the Guarujá Formation, and siliciclastics. Chronostratigraphically, it follows the Aptian Age and precedes the Cenomanian Age, spanning from approximately 113 to 100.5 million years ago.",False,https://www.inf.ufrgs.br/bdi/ontologies/GEOCORE_0000005,
lower cretaceous,early cretaceous,rdf:type,Geological Time Interval,False,"Lower Cretaceous is a geologic series and its corresponding epoch that, in the Santos Basin, encompasses the Guaratiba Group, deposited from the Hauterivian to the Aptian. This group contains the main Pre-Salt carbonate reservoirs, the Itapema and Barra Velha formations, which were deposited during the rift to post-rift transition.",False,https://www.inf.ufrgs.br/bdi/ontologies/GEOCORE_0000005,
drift phase,Tectono-stratigraphic Interval,rdfs:subClassOf,Geological Time Interval,False,"Drift phase is the final tectonostratigraphic phase in the evolution of a passive margin basin that is initiated by the onset of seafloor spreading and the formation of oceanic crust. In the Brazilian South Atlantic, this phase began in the Albian and is characterized by thermal subsidence and the deposition of open marine carbonates followed by thick siliciclastic sequences. This stage also involved magmatic activity along reactivated faults, which drove diagenetic processes such as dolomitization and dissolution in the underlying pre-salt carbonate reservoirs.",False,https://www.inf.ufrgs.br/bdi/ontologies/GEOCORE_0000005,
post-rift phase,Tectono-stratigraphic Interval,rdfs:subClassOf,Geological Time Interval,False,"Post-rift phase is a tectono-stratigraphic stage that follows the syn-rift and is primarily characterized by long-wavelength thermal subsidence driven by lithospheric cooling rather than active faulting. In the Brazilian Pre-Salt, this Aptian-age stage, also known as the sag or transitional phase, encompasses the deposition of the lacustrine carbonates of the Barra Velha Formation and the overlying evaporites of the Ariri Formation. These deposits form broadly tabular stratal packages that drape the underlying rift topography, constituting the main pre-salt reservoirs and the regional seal.",False,https://www.inf.ufrgs.br/bdi/ontologies/GEOCORE_0000005,
late aptian,aptian,rdf:type,Geological Time Interval,False,"Late Aptian is a geological age of the Early Cretaceous period that, in the Brazilian Pre-Salt, represents the final depositional phase of the pre-salt sequence immediately preceding the massive evaporite accumulation. This interval is characterized by the deposition of the Upper Barra Velha Formation within a sag-like basin, forming key carbonate reservoirs. Its upper boundary is marked by the Late Aptian Syn-rift Unconformity (LASRU) at approximately 113 Ma, signifying the transition to the salt-dominated post-rift stage.",False,https://www.inf.ufrgs.br/bdi/ontologies/GEOCORE_0000005,
valanginian,early cretaceous,rdf:type,Geological Time Interval,False,"Valanginian is a geological age of the Early Cretaceous epoch that spans the time from approximately 139.8 to 132.9 million years ago, following the Berriasian and preceding the Hauterivian Age. In the context of the Brazilian Pre-Salt, this age corresponds to the early syn-rift phase of the South Atlantic opening. Sediments from this period typically consist of clastic and volcanic deposits that form the basal sequences underlying the main sag-phase carbonate reservoirs.",False,https://www.inf.ufrgs.br/bdi/ontologies/GEOCORE_0000005,
late jurassic,jurassic,rdf:type,Geological Time Interval,False,"Late Jurassic is the final geologic epoch of the Jurassic Period that, in the context of the South Atlantic margin, marks the onset of the continental rifting phase which preceded the main sag phase of the Pre-Salt depositional sequence. This epoch, encompassing the Kimmeridgian and Tithonian ages from approximately 157 to 145 million years ago, is associated with the earliest rift-related deposition in basins like the Santos Basin, such as the Kimmeridgian units at the base of the Camboriú Formation.",False,https://www.inf.ufrgs.br/bdi/ontologies/GEOCORE_0000005,
precambrian,Geological Time Interval,rdf:type,Geological Time Interval,False,"Precambrian is the earliest and longest geological supereon that spans from the formation of Earth to the beginning of the Cambrian Period. In the context of the Brazilian Pre-Salt, rocks of Precambrian age constitute the crystalline basement, composed of igneous and metamorphic rocks from ancient mobile belts. This basement underlies the volcanic and sedimentary sequences of basins such as the Santos Basin.",False,https://www.inf.ufrgs.br/bdi/ontologies/GEOCORE_0000005,https://www.inf.ufrgs.br/bdi/ontologies/GEOCORE_0000005
eoaptian,aptian,rdf:type,Geological Time Interval,False,"Eoaptian is a geological age that represents the earliest subdivision of the Aptian Stage of the Early Cretaceous Epoch. In the context of the Brazilian Pre-Salt, this interval is critical as it encompasses the deposition of the upper part of the syn-rift Itapema Formation, which includes significant coquina reservoir facies. It immediately precedes the main phase of evaporite deposition in the Santos Basin, with its upper boundary dated at approximately 123 million years ago.",False,https://www.inf.ufrgs.br/bdi/ontologies/GEOCORE_0000005,
late cretaceous,cretaceous,rdf:type,Geological Time Interval,False,"The Late Cretaceous is a geological epoch of the Mesozoic Era that spans from approximately 100.5 to 66 million years ago, following the Early Cretaceous Epoch and preceding the Paleogene Period. In the context of the Brazilian continental margin, this epoch is primarily associated with the post-salt depositional sequence. These post-salt successions, which form the overburden to the pre-salt reservoirs, are typically characterized by thick, siliciclastic-dominated strata.",False,https://www.inf.ufrgs.br/bdi/ontologies/GEOCORE_0000005,
early aptian,aptian,rdf:type,Geological Time Interval,False,"Early Aptian is a geological age of the Early Cretaceous epoch that, in the Brazilian Pre-Salt, encompasses the final stage of rifting and the onset of the sag phase. During this time, dated to approximately 124–125 Ma, key pre-salt units were deposited, including the coquina reservoirs and organic-rich source rocks of the Itapema Formation, followed by the major evaporite sequence. The end of this period is marked by the regional Pre-Alagoas Unconformity.",False,https://www.inf.ufrgs.br/bdi/ontologies/GEOCORE_0000005,
syn-rift,Tectono-stratigraphic Interval,rdfs:subClassOf,Geological Time Interval,False,"Syn-rift is a tectono-stratigraphic interval that corresponds to the period of active continental rifting, characterized by fault-controlled mechanical subsidence and the concurrent deposition of sedimentary and volcanic successions. In the Brazilian Pre-Salt basins, this interval encompasses the deposition of lacustrine carbonates and siliciclastics, such as the Itapema and Piçarras formations, within developing half-grabens. The syn-rift phase concludes when active mechanical subsidence ceases, and its upper boundary is typically defined by the major post-rift unconformity, which marks the onset of thermal subsidence and continental breakup.",False,https://www.inf.ufrgs.br/bdi/ontologies/GEOCORE_0000005,
mesozoic,Geological Time Interval,rdf:type,Geological Time Interval,False,"Mesozoic is an era of geologic time that spans from approximately 252 to 66 million years ago, encompassing the Triassic, Jurassic, and Cretaceous periods. This era is fundamentally important for the Brazilian Pre-Salt, as the Early Cretaceous rifting that formed the South Atlantic basins and controlled the deposition of the lacustrine source rocks and carbonate reservoirs occurred within this timeframe.",False,https://www.inf.ufrgs.br/bdi/ontologies/GEOCORE_0000005,https://www.inf.ufrgs.br/bdi/ontologies/GEOCORE_0000005
alagoas stage,aptian,rdf:type,Geological Time Interval,False,"Alagoas stage is a local chronostratigraphic unit of the Brazilian marginal basins that encompasses the deposition of the Barra Velha and Ariri Formations during the upper sag phase. Bounded below by the pre-Alagoas unconformity, this stage is characterized by lacustrine carbonates and overlying evaporites and is biostratigraphically defined primarily by ostracod biozones.",False,https://www.inf.ufrgs.br/bdi/ontologies/GEOCORE_0000005,
neobarremian,barremian,rdf:type,Geological Time Interval,False,"Neobarremian is a geochronological sub-age that corresponds to the later part of the Barremian Age of the Early Cretaceous Period. Within the Brazilian Pre-Salt succession, this interval is critically important as it marks the deposition of the main lacustrine carbonate reservoir rocks of the Itapema and Barra Velha Formations.",False,https://www.inf.ufrgs.br/bdi/ontologies/GEOCORE_0000005,
alagoas,aptian,rdf:type,Geological Time Interval,False,"Alagoas is a local chronostratigraphic stage of the Brazilian continental margin that corresponds to the upper part of the Aptian age in the Lower Cretaceous. This stage represents the final phase of the lacustrine rift sequence, deposited immediately before the main salt layer of the Ariri Formation, and is characterized by carbonate successions accumulated under increasingly arid and environmentally stressful conditions.",False,https://www.inf.ufrgs.br/bdi/ontologies/GEOCORE_0000005,
cenozoic,Geological Time Interval,rdf:type,Geological Time Interval,False,"Cenozoic is a geologic era that follows the Mesozoic Era and extends to the present day, encompassing the last 66 million years of Earth's history. Known as the 'Age of Mammals', this era is subdivided into the Paleogene, Neogene, and Quaternary periods. In the context of the Brazilian Pre-Salt, the Cenozoic section constitutes the post-salt overburden, whose depositional history and weight are crucial for the thermal maturation of the underlying source rocks and the structural integrity of the salt seal.",False,https://www.inf.ufrgs.br/bdi/ontologies/GEOCORE_0000005,https://www.inf.ufrgs.br/bdi/ontologies/GEOCORE_0000005
jurassic,mesozoic,rdf:type,Geological Time Interval,False,"Jurassic is a geologic period of the Mesozoic Era that spans from approximately 201 to 145 million years ago, situated between the Triassic and Cretaceous periods. In the context of the South Atlantic margin, this period largely corresponds to the pre-rift phase before the continental breakup that led to the formation of the basins hosting the Pre-Salt deposits. While the primary Pre-Salt carbonate reservoirs are of Lower Cretaceous (Aptian) age, Jurassic sedimentary sequences may exist deep within the stratigraphic column, underlying the main rift-related successions.",False,https://www.inf.ufrgs.br/bdi/ontologies/GEOCORE_0000005,
secondary porosity,Lithology,rdfs:subClassOf,Lithology,False,"Secondary porosity is a pore space that is created within a sedimentary rock after deposition through diagenetic processes such as dissolution, fracturing, or alteration of mineral constituents. In Brazilian Pre-Salt lacustrine carbonates, it is the dominant porosity type, primarily generated by the dissolution of unstable components like Mg-clays and carbonate grains. This process creates a wide variety of pore types, including moldic, vugular, intercrystalline, and fracture porosity, which constitute the main oil storage reservoirs.",False,https://www.inf.ufrgs.br/bdi/ontologies/GEORES_0000024,https://www.inf.ufrgs.br/bdi/ontologies/GEORES_0000024
lithology,Lithology,rdfs:subClassOf,Lithology,False,"Lithology is the physical character of a rock unit that is defined by its macroscopic and microscopic attributes, including mineralogical composition, texture, grain size, and sedimentary structures. In Pre-Salt carbonate systems, the identification of distinct lithologies like shrubstone or calcirudite from core and well log data is critical as they exert primary control over reservoir quality, such as porosity and permeability.",False,https://www.inf.ufrgs.br/bdi/ontologies/GEORES_0000024,https://www.inf.ufrgs.br/bdi/ontologies/GEORES_0000024
primary porosity,Pore Space,rdfs:subClassOf,Lithology,False,"Primary porosity is the void space within a sedimentary rock that is formed at the time of deposition and is inherent to the original rock fabric. In Pre-Salt carbonates, this commonly includes interparticle porosity between grains and growth-framework porosity within microbial or bioconstructed buildups. The preservation of this initial porosity is critical for reservoir quality and is often reduced by subsequent compaction and cementation.",False,https://www.inf.ufrgs.br/bdi/ontologies/GEORES_0000024,
mineralogy,Rock Property,rdfs:subClassOf,Lithology,False,"Mineralogy is the mineral composition of a rock that describes the types, proportions, and distribution of its constituent minerals. In the context of Brazilian Pre-Salt reservoirs, the mineralogy is predominantly composed of calcite and dolomite, with significant occurrences of authigenic quartz and magnesium-rich clays like stevensite. It is typically determined through analytical techniques such as X-ray diffraction (XRD) and automated mineralogy systems like QEMSCAN.",False,https://www.inf.ufrgs.br/bdi/ontologies/GEORES_0000024,
siliciclastic,Earth Material,rdfs:subClassOf,Lithology,False,"Siliciclastic is a class of sedimentary rock, sediment, or clast that is predominantly composed of silicate minerals derived from the weathering and erosion of non-carbonate rocks. In the Brazilian Pre-Salt, these materials are typically composed of quartz, feldspar, micas, and clay minerals, and occur either as discrete beds of siltstone and mudstone or as a matrix within carbonate facies.",False,https://www.inf.ufrgs.br/bdi/ontologies/GEORES_0000024,https://www.inf.ufrgs.br/bdi/ontologies/GEOCORE_0000006
fabric,Rock Property,rdfs:subClassOf,Lithology,False,"Fabric is the petrographic attribute of a sedimentary rock that describes the spatial and geometric arrangement of its constituent elements. These elements include grains (such as shrubs, spherulites, intraclasts, and ooids), crystals, matrix material, and the resulting pore network. In the context of Brazilian Pre-Salt carbonates, fabric is a key descriptor for classifying rock types and interpreting depositional and diagenetic history.",False,https://www.inf.ufrgs.br/bdi/ontologies/GEORES_0000024,
rock texture,Rock Property,rdfs:subClassOf,Lithology,False,"Rock texture is a fundamental physical property of a rock that describes the size, shape, and fabric arrangement of its constituent components, such as grains, crystals, and matrix. In the context of Brazilian Pre-Salt carbonates, it is primarily described using the Dunham classification as modified by Embry and Klovan, which characterizes the relationship between depositional components and matrix. The original depositional texture can be preserved, modified, or completely obliterated by diagenetic processes, significantly impacting reservoir quality.",False,https://www.inf.ufrgs.br/bdi/ontologies/GEORES_0000024,
vugular porosity,secondary porosity,rdfs:subClassOf,Lithology,False,"Vugular porosity is a type of secondary porosity that is characterized by dissolution-related pores which are larger than the constituent grains or crystals of the rock. It is formed by the non-fabric selective dissolution of carbonate minerals and can represent the largest volume of porosity in certain Pre-Salt intervals, occurring predominantly in calcirudite and shrubstone facies. While isolated vugs often result in a poorly connected pore system, their association with interparticle or fracture porosity significantly enhances reservoir permeability.",False,https://www.inf.ufrgs.br/bdi/ontologies/GEORES_0000024,
fibrous calcite,Earth Material,rdfs:subClassOf,Lithology,False,"Fibrous calcite is a calcite crystal morphology that is characterized by elongated, needle-like crystals which often grow in radiating, spherulitic, or bundled aggregates. In the Brazilian Pre-Salt, it is a fundamental component of key reservoir facies, forming the primary framework of shrubby boundstones, spherulestones, and certain cement crusts in a high-saturation lacustrine setting.",False,https://www.inf.ufrgs.br/bdi/ontologies/GEORES_0000024,https://www.inf.ufrgs.br/bdi/ontologies/GEOCORE_0000006
volcanic,Earth Material,rdfs:subClassOf,Lithology,False,"Volcanic is a term for a rock, sediment, or terrain that originates from the eruption of magma onto the Earth's surface. In the Brazilian Pre-Salt, volcanic material occurs as distinct rock bodies, such as flows or islands, and as sediments intermixed with lacustrine carbonates. The weathering of these volcanic terrains is also a critical source of ions, like magnesium and silica, that influence the unique mineralogy of the carbonate system.",False,https://www.inf.ufrgs.br/bdi/ontologies/GEORES_0000024,https://www.inf.ufrgs.br/bdi/ontologies/GEOCORE_0000006
Pore Space,lithology,rdfs:subClassOf,Lithology,True,Pore Space is an immaterial entity representing the void volume within a rock or sediment that can contain fluids.,False,https://www.inf.ufrgs.br/bdi/ontologies/GEORES_0000024,
Rock Property,lithology,rdfs:subClassOf,Lithology,True,"Rock Property is a quality that inheres in a body of rock, describing its physical, chemical, or textural characteristics.",False,https://www.inf.ufrgs.br/bdi/ontologies/GEORES_0000024,
Earth Material,lithology,rdfs:subClassOf,Lithology,True,"Earth Material is a material entity that constitutes a part of the planet Earth, including rock, sediment, and minerals.",False,https://www.inf.ufrgs.br/bdi/ontologies/GEORES_0000024,
carbonate mound,carbonate build-up,rdfs:subClassOf,Mound Unit,False,"A carbonate mound is a carbonate geobody that is characterized by a pronounced, almost conical relief and is seismically identified by ambiguous limits, low-amplitude internal reflectors, and a high density of faults. These features typically constitute excellent quality reservoirs due to matrix properties and associated fracturing, and are often linked to hydrothermal alteration indicated by elevated silica and uranium content.",False,https://www.inf.ufrgs.br/bdi/ontologies/GEORES_0000015,
carbonate build-up,Mound Unit,rdfs:subClassOf,Mound Unit,False,"A carbonate build-up is a localized carbonate body that is constructed in-situ, often forming a positive topographic feature, and is typically associated with hydrothermal activity along faults in the Brazilian Pre-Salt. Characterized by aggradational geometries and composed of shrubby and spherulitic carbonates, these mounds represent excellent reservoirs with high porosity and permeability.",False,https://www.inf.ufrgs.br/bdi/ontologies/GEORES_0000015,https://www.inf.ufrgs.br/bdi/ontologies/GEORES_0000015
halite,Rock,rdfs:subClassOf,Rock,False,"Halite is an evaporite mineral that is composed of sodium chloride (NaCl) and characterized by its highly ductile behavior. In the Brazilian Pre-Salt, it is a primary constituent of the Ariri Formation evaporite sequence, where its plastic flow forms massive salt bodies and diapirs. These extensive salt layers act as a crucial regional seal for the underlying carbonate reservoirs of the petroleum system.",False,https://www.inf.ufrgs.br/bdi/ontologies/GEOCORE_0000008,https://www.inf.ufrgs.br/bdi/ontologies/GEOCORE_0000008
basalt,volcanic rock,rdfs:subClassOf,Rock,False,"Basalt is an extrusive igneous rock that, in the Brazilian Pre-Salt, typically forms tholeiitic flood basalts and flow successions which constitute the acoustic basement or early syn-rift sequences. This micro- to macro-crystalline rock, composed of feldspar, pyroxene, and augite, serves as the foundation for overlying carbonate deposition and is a source of clasts within younger reservoir units.",False,https://www.inf.ufrgs.br/bdi/ontologies/GEOCORE_0000008,
chalcedony,Rock,rdfs:subClassOf,Rock,False,"Chalcedony is a cryptocrystalline variety of silica that is characterized by distinctive textures such as fibro-radial, spherulitic, or botryoidal aggregates. In Brazilian Pre-Salt reservoirs, it acts as a common diagenetic cement that lines and partially occludes interparticle, vuggy, and fracture porosity, often occurring as a later silica phase associated with fractured zones.",False,https://www.inf.ufrgs.br/bdi/ontologies/GEOCORE_0000008,https://www.inf.ufrgs.br/bdi/ontologies/GEOCORE_0000008
volcanic rock,igneous rock,rdfs:subClassOf,Rock,False,"Volcanic rock is an igneous rock that forms from the cooling and solidification of magma or lava at or near the Earth's surface. Within the Brazilian Pre-Salt, it commonly occurs as fragments and intraclasts reworked into carbonate deposits such as grainstones and rudstones, or as mixed volcanic-sedimentary facies. The alteration of these volcanic materials is a significant source of ions, such as magnesium for stevensite precipitation, influencing the diagenetic evolution of the reservoir.",False,https://www.inf.ufrgs.br/bdi/ontologies/GEOCORE_0000008,
igneous rock,Rock,rdfs:subClassOf,Rock,False,"Igneous rock is a rock that forms from the cooling and solidification of molten magma or lava. In the Brazilian Pre-Salt, these rocks occur as intrusive sills and extrusive basalts that significantly impact the carbonate reservoir by driving diagenetic processes like silicification and dolomitization and acting as flow barriers or fractured conduits.",False,https://www.inf.ufrgs.br/bdi/ontologies/GEOCORE_0000008,https://www.inf.ufrgs.br/bdi/ontologies/GEOCORE_0000008
microcrystalline dolomite,Rock,rdfs:subClassOf,Rock,False,"Microcrystalline dolomite is a diagenetic dolomite that is characterized by a very fine crystal size and forms through the post-depositional replacement of precursor minerals. In the Brazilian Pre-Salt, it is a common replacement product of materials such as Mg-clays and calcite spherulites, occurring largely within laminite facies. This dolomite form often exhibits a lower magnesium-to-calcium ratio compared to coarser dolomite types, reflecting its replacement or recrystallization origin.",False,https://www.inf.ufrgs.br/bdi/ontologies/GEOCORE_0000008,https://www.inf.ufrgs.br/bdi/ontologies/GEOCORE_0000008
gneiss,Rock,rdfs:subClassOf,Rock,False,"Gneiss is a high-grade metamorphic rock that is characterized by a distinct foliation, with alternating bands of different mineral compositions. In the context of South Atlantic pre-salt basins, gneiss commonly constitutes the crystalline basement and also occurs as clasts within syn-rift conglomerates, sourced from the erosion of adjacent basement highs.",False,https://www.inf.ufrgs.br/bdi/ontologies/GEOCORE_0000008,https://www.inf.ufrgs.br/bdi/ontologies/GEOCORE_0000008
tholeiitic basalt,basalt,rdfs:subClassOf,Rock,False,"Tholeiitic basalt is a subalkaline igneous rock that, in the Brazilian Pre-Salt context, forms extensive flood basalts associated with the Early Cretaceous rifting of the South Atlantic. These basalts constitute the economic basement of the Santos and Campos basins, such as in the Camboriú and Cabiúnas formations, and are also found as younger flows interbedded within the pre-salt sedimentary sequence.",False,https://www.inf.ufrgs.br/bdi/ontologies/GEOCORE_0000008,
Basement,Lithostratigraphic Unit,rdfs:subClassOf,Lithostratigraphic Unit,True,Basement is a geological unit of igneous or metamorphic rock that forms the foundation beneath a sedimentary sequence.,False,https://www.inf.ufrgs.br/bdi/ontologies/GEORES_0000003,https://www.inf.ufrgs.br/bdi/ontologies/GEORES_0000003
Stratigraphic Group,Lithostratigraphic Unit,rdfs:subClassOf,Lithostratigraphic Unit,True,"A Stratigraphic Group is a lithostratigraphic unit of high rank, consisting of a succession of related formations.",False,https://www.inf.ufrgs.br/bdi/ontologies/GEORES_0000003,https://www.inf.ufrgs.br/bdi/ontologies/GEORES_0000003
salt,Lithostratigraphic Unit,rdfs:subClassOf,Lithostratigraphic Unit,False,"Salt is an Aptian-age evaporite succession that is primarily composed of halite and anhydrite and stratigraphically separates the pre-salt rift sequence from the post-salt drift sequence in the South Atlantic marginal basins. Due to the ductile nature of its halite-rich layers, this succession undergoes significant deformation and flow (halokinesis), forming complex structures such as diapirs, pillows, and welds that control overburden deformation.",False,https://www.inf.ufrgs.br/bdi/ontologies/GEORES_0000003,https://www.inf.ufrgs.br/bdi/ontologies/GEORES_0000003
salt layer,salt,rdfs:subClassOf,Lithostratigraphic Unit,False,"Salt layer is an extensive evaporitic stratigraphic unit that is composed of thick accumulations of salt deposited during the Aptian and serves as the primary regional seal for the underlying Pre-Salt petroleum system. In the Brazilian Pre-Salt, this unit corresponds to the Ariri Formation and can reach thicknesses exceeding 2000 meters. The high mobility and low permeability of the salt make it a highly effective, albeit structurally complex, seal rock.",False,https://www.inf.ufrgs.br/bdi/ontologies/GEORES_0000003,
bed,Lithostratigraphic Unit,rdfs:subClassOf,Lithostratigraphic Unit,False,"A bed is a distinct stratum of sedimentary rock that is defined by a specific lithology or texture and is bounded above and below by surfaces, known as bedding planes, which represent a change in depositional conditions. In the Pre-Salt context, beds can range from millimeters to decimeters in thickness and are composed of various carbonate facies, such as grainstones, rudstones, or shrubstones, often exhibiting sharp boundaries and measurable dip angles.",False,https://www.inf.ufrgs.br/bdi/ontologies/GEORES_0000003,https://www.inf.ufrgs.br/bdi/ontologies/GEORES_0000003
upper barra velha formation,Formation,rdf:type,Lithostratigraphic Unit,False,"The Upper Barra Velha Formation is the uppermost stratigraphic subdivision of the Aptian Barra Velha Formation that is lithologically dominated by grainstones and shrubby carbonates, constituting the main reservoir interval of the Pre-Salt succession in the Santos Basin. Deposited in a shallow, alkaline lacustrine system, its facies include reworked intraclastic grainstones and rudstones which exhibit high intergranular and growth framework porosity.",False,https://www.inf.ufrgs.br/bdi/ontologies/GEORES_0000003,https://www.inf.ufrgs.br/bdi/ontologies/GEORES_0000004
economic basement,Basement,rdfs:subClassOf,Lithostratigraphic Unit,False,"Economic basement is a geological unit composed of volcanic rocks that forms the effective lower boundary for hydrocarbon exploration within the Brazilian Pre-Salt. In the Santos Basin, this unit corresponds to the Hauterivian-age basalts of the Camboriú Formation, representing the Syn-Rift I depositional phase. It is distinguished from the underlying, older crystalline acoustic basement and is typically identified on seismic data by a high-amplitude reflector at its top.",False,https://www.inf.ufrgs.br/bdi/ontologies/GEORES_0000003,
lagoa feia group,Stratigraphic Group,rdf:type,Lithostratigraphic Unit,False,"Lagoa Feia Group is a Barremian to Late Aptian stratigraphic group that comprises the sedimentary succession deposited during the rift to early post-rift phases in basins of the Brazilian Pre-Salt. It unconformably overlies pre-rift volcanics of the Cabiúnas Formation and is composed of a series of formations containing siliciclastic, carbonate, and evaporitic deposits laid down in nonmarine to transitional environments. The upper part of the group includes the economically significant coquina and microbialite carbonate reservoirs of the Pre-Salt petroleum system.",False,https://www.inf.ufrgs.br/bdi/ontologies/GEORES_0000003,
lower barra velha formation,Formation,rdf:type,Lithostratigraphic Unit,False,"The lower Barra Velha Formation is a stratigraphic subdivision of the Barra Velha Formation that represents deposition during the syn-tectonic rift phase of the Santos Basin. It is characterized by reworked carbonate facies, predominantly rudstones and grainstones, and can include intercalations of mafic volcanic rocks. The depositional thickness of this unit is strongly controlled by fault activity, and its top is often defined by the Intra-Alagoas Unconformity.",False,https://www.inf.ufrgs.br/bdi/ontologies/GEORES_0000003,https://www.inf.ufrgs.br/bdi/ontologies/GEORES_0000004
crystalline basement,Basement,rdfs:subClassOf,Lithostratigraphic Unit,False,"Crystalline basement is the fundamental geologic unit of Precambrian-aged igneous and metamorphic rocks, primarily granites and gneisses, that forms the foundation beneath the sedimentary and volcanic sequences of a basin. In the Brazilian Pre-Salt, it represents the continental crust upon which the rift and subsequent sag phase successions, including the carbonate reservoirs, were deposited. This unit can be fractured and brecciated, serving as a host rock for diagenetic processes and mineralization.",False,https://www.inf.ufrgs.br/bdi/ontologies/GEORES_0000003,
guaratiba group,Stratigraphic Group,rdf:type,Lithostratigraphic Unit,False,"Guaratiba Group is a Lower Cretaceous stratigraphic group that encompasses the rift and post-rift sedimentary sequences of the Santos Basin, deposited from the Hauterivian to the Aptian. It is composed of the rift-phase Camboriú, Piçarras, and Itapema formations, and the post-rift Barra Velha and Ariri formations, with the Itapema and Barra Velha formations constituting the primary lacustrine carbonate reservoirs of the Brazilian Pre-Salt.",False,https://www.inf.ufrgs.br/bdi/ontologies/GEORES_0000003,
itamambuca group,Stratigraphic Group,rdf:type,Lithostratigraphic Unit,False,"The Itamambuca Group is a tectonostratigraphic group that represents the final depositional sequence of the drift phase in the Santos Basin, deposited from the Danian to Recent. Composed of marine siliciclastic and carbonate rocks, this group is characterized by a prograding system with expressive development of slope clinoforms that marks the advance of the platform break-up.",False,https://www.inf.ufrgs.br/bdi/ontologies/GEORES_0000003,
camburi group,Stratigraphic Group,rdf:type,Lithostratigraphic Unit,False,"Camburi Group is a stratigraphic group in the Santos Basin that comprises the lowermost post-salt sequence of the drift phase, deposited from the Albian to the Cenomanian. It represents the initial establishment of open marine conditions and rising sea level following the deposition of the Ariri Formation evaporites and is composed of siliciclastic and carbonate rocks, including the lower Florianopolis, Guarujá, and lower Itanhaém formations.",False,https://www.inf.ufrgs.br/bdi/ontologies/GEORES_0000003,
precambrian basement,crystalline basement,rdfs:subClassOf,Lithostratigraphic Unit,False,"Precambrian basement is a geological unit of crystalline rocks that is primarily composed of Precambrian-aged granitoids and gneisses and forms the foundational crust beneath the volcanic and sedimentary sequences of the South Atlantic marginal basins. In the Santos and Campos basins, it is unconformably overlain by the basalts of the Camboriú Formation and can act as a source for both detrital clasts and dissolved ions influencing the overlying reservoir systems.",False,https://www.inf.ufrgs.br/bdi/ontologies/GEORES_0000003,
structural high,Geological Structure,rdfs:subClassOf,Site,False,"A structural high is a tectonically-formed positive relief feature, often a horst or uplifted block, that is characterized by being topographically elevated relative to adjacent structural lows like grabens. In the Brazilian Pre-Salt, these elevated basement features controlled the depositional environment, providing favorable conditions for the accumulation of high-energy carbonate facies. Consequently, these features often form the core of major hydrocarbon accumulations and reservoirs.",False,,https://www.inf.ufrgs.br/bdi/ontologies/GEOCORE_0000004
pore space,spatial region,rdfs:subClassOf,Site,False,"Pore space is the void volume within a rock or sediment that is not occupied by solid mineral constituents and is capable of storing and transmitting fluids. In Pre-Salt carbonates, this volume comprises a complex network of primary pores (e.g., interparticle, growth-framework) and secondary pores (e.g., vugs, fractures), which are significantly modified by diagenetic processes like dissolution that enhances space and cementation that reduces it.",False,,http://purl.obolibrary.org/obo/BFO_0000006
Geological Structure,Site,rdfs:subClassOf,Site,True,A Geological Structure is a geological object representing the configuration of rock masses resulting from geological processes.,False,,
spatial region,Site,rdfs:subClassOf,Site,True,A spatial region is a continuant that is a region of space.,False,,
lacustrine environment,Sedimentary Environment,rdfs:subClassOf,Sedimentary Environment,False,"A lacustrine environment is a continental depositional environment that encompasses the physical, chemical, and biological conditions and processes occurring within a lake and its associated margins. Within the Brazilian Pre-Salt context, these environments were typically alkaline and saline, characterized by the chemical precipitation of carbonates and magnesian clays, and the development of distinct sub-environments such as littoral, sublittoral, and profundal zones. The deposits formed in these settings, including microbialites and bioclastic limestones, constitute the primary reservoir rocks of the Pre-Salt succession.",False,https://www.inf.ufrgs.br/bdi/ontologies/GEORES_0000021,https://www.inf.ufrgs.br/bdi/ontologies/GEORES_0000021
lake,Sedimentary Environment,rdfs:subClassOf,Sedimentary Environment,False,"A lake is a large-scale, tectonically controlled inland body of water that served as the depositional environment for the Aptian-age carbonate successions of the Brazilian Pre-Salt. Fluctuations in its water level, chemistry, and hydrodynamic energy, driven by climatic and tectonic factors, directly controlled the distribution of key reservoir facies such as microbialites and reworked grainstones.",False,https://www.inf.ufrgs.br/bdi/ontologies/GEORES_0000021,https://www.inf.ufrgs.br/bdi/ontologies/GEORES_0000021
deep water,marine environment,rdfs:subClassOf,Sedimentary Environment,False,"Deep water is a marine environment classification that, in the context of Brazilian Pre-Salt exploration, refers to water depths greater than 2000 meters (6500 feet). These environments are typically located far offshore, posing significant logistical and technological challenges for drilling and production operations. Sedimentologically, these settings are often associated with the deposition of fine-grained carbonate muds, contrasting with shallow water facies.",False,https://www.inf.ufrgs.br/bdi/ontologies/GEORES_0000021,
alkaline lacustrine environment,lacustrine environment,rdfs:subClassOf,Sedimentary Environment,False,"An alkaline lacustrine environment is a lacustrine depositional environment that is characterized by high pH (>9), elevated salinity, and high concentrations of dissolved ions such as Mg, Ca, and Si. In the context of the Brazilian Pre-Salt, this environment developed in a post-rift setting under arid climatic conditions, promoting the direct chemical precipitation of magnesian clays, calcite spherulites, and shrubs. These unique hydrochemical conditions were largely inhospitable to common lacustrine fauna, such as mollusks, and resulted in the formation of significant carbonate reservoirs.",False,https://www.inf.ufrgs.br/bdi/ontologies/GEORES_0000021,
marine environment,Sedimentary Environment,rdfs:subClassOf,Sedimentary Environment,False,"A marine environment is a depositional environment that is characterized by its direct connection to an ocean, containing water with oceanic salinity and chemistry. In the context of the South Atlantic's geological evolution, the establishment of open marine conditions during the Aptian drift phase marks the end of the preceding lacustrine system in which the Pre-Salt carbonates were deposited. This transition, often termed 'marine ingress', led to the deposition of the overlying Ariri Formation evaporites in a restricted marine setting.",False,https://www.inf.ufrgs.br/bdi/ontologies/GEORES_0000021,https://www.inf.ufrgs.br/bdi/ontologies/GEORES_0000021
low-energy environment,lacustrine environment,rdfs:subClassOf,Sedimentary Environment,False,"A low-energy environment is a lacustrine depositional setting that is characterized by minimal water agitation from waves or currents, typically occurring in profundal or intermediate sublittoral zones below the wave base. In the Brazilian Pre-Salt, this setting is associated with the deposition of fine-grained facies like mudstones, laminites, and spherulites, where the accumulation of mud and clays can reduce reservoir quality by occluding porosity.",False,https://www.inf.ufrgs.br/bdi/ontologies/GEORES_0000021,
slope,Geomorphic Element,rdfs:subClassOf,Sedimentary Environment,False,"Slope is a geomorphic element that constitutes the inclined depositional surface connecting a shallow-water carbonate platform or structural high to the adjacent deeper part of a lacustrine basin. This typically low-angle feature is a zone of sediment transport and deposition, characterized by processes like accretion, bypass, and mass transport, resulting in the accumulation of facies such as rudstones, packstones, and wackestones.",False,https://www.inf.ufrgs.br/bdi/ontologies/GEORES_0000021,
platform,Geomorphic Element,rdfs:subClassOf,Sedimentary Environment,False,"A platform is an extensive, relatively flat-topped area of carbonate deposition that develops on a structural high and is bounded by a distinct break in slope to an adjacent, deeper basin. It is characterized by aggradational geometries and can display complex margin styles, such as rimmed or ramp-like, influenced by paleoenvironmental conditions. Within the Brazilian Pre-Salt, these lacustrine platforms formed during the sag phase and contain significant hydrocarbon reservoirs in their shallow-water facies.",False,https://www.inf.ufrgs.br/bdi/ontologies/GEORES_0000021,
transitional environment,Sedimentary Environment,rdfs:subClassOf,Sedimentary Environment,False,"A transitional environment is a depositional setting that occupies an intermediate spatial or temporal position between distinct depositional systems, characterized by gradational properties such as water energy, depth, and facies. In the Pre-Salt, these settings include the slope between shallow and profundal zones or the boundary between continental and shallow lacustrine-marine conditions, often containing a mix of facies like grainstones and spherulites that reflect these intermediate conditions.",False,https://www.inf.ufrgs.br/bdi/ontologies/GEORES_0000021,https://www.inf.ufrgs.br/bdi/ontologies/GEORES_0000021
deep lake,lacustrine environment,rdfs:subClassOf,Sedimentary Environment,False,"Deep lake is a depositional phase within the Pre-Salt lacustrine system that is characterized by the greatest relative water depth and significant bathymetric relief between structural highs and lows. This setting, often representing a lacustrine highstand, promotes the development of carbonate slope clinoforms and the deposition of fine-grained sediments in basinal lows while microbial carbonates may colonize structural highs.",False,https://www.inf.ufrgs.br/bdi/ontologies/GEORES_0000021,
shallow water,lacustrine environment,rdfs:subClassOf,Sedimentary Environment,False,"Shallow water is a lacustrine depositional environment that is situated over or adjacent to palaeotopographic highs where water depths are sufficiently low to be influenced by wave action and promote significant carbonate production. Within the Pre-Salt context, this environment is characterized by the accumulation of reworked facies, spherulites, and in-situ microbial boundstones, and is the sub-environment most susceptible to periodic subaerial exposure.",False,https://www.inf.ufrgs.br/bdi/ontologies/GEORES_0000021,
tectonic setting,Sedimentary Environment,rdfs:subClassOf,Sedimentary Environment,False,"Tectonic setting is the regional geological framework that describes the large-scale crustal processes and structural state of a basin at a specific time. In the Brazilian Pre-Salt, the tectonic setting encompasses the evolution from the rift phase, characterized by faulting and subsidence that created accommodation space, to the subsequent post-rift or sag phase of relative tectonic quiescence. This evolution profoundly influences the architecture, composition, and distribution of carbonate reservoir facies.",False,https://www.inf.ufrgs.br/bdi/ontologies/GEORES_0000021,https://www.inf.ufrgs.br/bdi/ontologies/GEORES_0000021
carbonate factory,Sedimentary Environment,rdfs:subClassOf,Sedimentary Environment,False,"A carbonate factory is a sedimentary environment that is characterized by the large-scale in-situ production and accumulation of carbonate sediment. The type of factory is defined by its dominant sediment producers (e.g., biotic, abiotic, or microbial), depositional setting, and the prevailing physicochemical conditions of the water body, such as salinity and alkalinity. In the Brazilian Pre-Salt, distinct lacustrine factories are recognized, including the bioclastic coquina-dominated system of the Itapema Formation and the mixed abiotic, microbial, and reworked factory of the Barra Velha Formation.",False,https://www.inf.ufrgs.br/bdi/ontologies/GEORES_0000021,https://www.inf.ufrgs.br/bdi/ontologies/GEORES_0000021
shallow marine environment,marine environment,rdfs:subClassOf,Sedimentary Environment,False,"A shallow marine environment is a depositional setting that is located on the continental shelf in seawater of limited depth, typically extending from the shoreline to the outer edge of the shelf. In the context of the Brazilian Pre-Salt, this environment specifically characterizes the restricted and highly evaporative Aptian seaway that developed after the main lacustrine carbonate phase, leading to the deposition of thick evaporite sequences. This setting is distinct from, and succeeds, the predominantly non-marine lacustrine systems where the main Barra Velha Formation carbonate reservoirs were deposited.",False,https://www.inf.ufrgs.br/bdi/ontologies/GEORES_0000021,
marine setting,marine environment,rdfs:subClassOf,Sedimentary Environment,False,"A marine setting is a depositional environment that is characterized by its direct connection to an ocean, resulting in a distinct water chemistry, biota, and physical processes. Unlike lacustrine systems, marine settings typically feature a larger fetch, greater wave action, and a carbonate factory defined by marine organisms. Within the Pre-Salt, the absence of marine fossils and specific sulfate minerals in the Barra Velha Formation is key evidence used to argue against a marine origin in favor of a lacustrine model.",False,https://www.inf.ufrgs.br/bdi/ontologies/GEORES_0000021,
paleoenvironment,Sedimentary Environment,rdfs:subClassOf,Sedimentary Environment,False,"A paleoenvironment is an ancient environment of a specific time and place in the geological past that is reconstructed based on the interpretation of geological evidence, including sedimentary facies, fossils, and geochemical data. For the Brazilian Pre-Salt, the dominant paleoenvironment is interpreted as a large-scale, shallow, alkaline lacustrine system. Understanding the dynamic conditions within this system, such as water depth and chemistry, is critical for predicting the distribution and quality of carbonate reservoir facies.",False,https://www.inf.ufrgs.br/bdi/ontologies/GEORES_0000021,https://www.inf.ufrgs.br/bdi/ontologies/GEORES_0000021
Geomorphic Element,Sedimentary Environment,rdfs:subClassOf,Sedimentary Environment,True,"A Geomorphic Element is a distinct, recognizable landform or part of a landform that constitutes a component of a larger depositional environment.",False,https://www.inf.ufrgs.br/bdi/ontologies/GEORES_0000021,https://www.inf.ufrgs.br/bdi/ontologies/GEORES_0000021
sedimentary facies,Sedimentary Facies,rdfs:subClassOf,Sedimentary Facies,False,"Sedimentary facies is a body of sedimentary rock that is distinguished from adjacent strata by its unique set of lithological, structural, and biological characteristics. In the context of Brazilian Pre-Salt carbonates, these units are fundamental for interpreting specific lacustrine depositional environments and are often categorized based on their origin, such as in-situ microbial or reworked deposits. Key facies types include shrubstones, spherulstones, coquinas, and laminites, which are essential for reservoir characterization and modeling.",False,https://www.inf.ufrgs.br/bdi/ontologies/GEORES_0000029,https://www.inf.ufrgs.br/bdi/ontologies/GEORES_0000029
depositional facies,sedimentary facies,rdfs:subClassOf,Sedimentary Facies,False,"A depositional facies is a body of rock that is distinguished by a specific set of lithological, textural, and biological characteristics reflecting its formation within a particular depositional environment. In the context of Brazilian Pre-Salt lacustrine carbonates, these facies are broadly classified into in-situ deposits, such as shrubby carbonates and spherulites, and reworked deposits, like intraclastic grainstones, which are controlled by lake level and depositional energy.",False,https://www.inf.ufrgs.br/bdi/ontologies/GEORES_0000029,
reservoir facies,sedimentary facies,rdfs:subClassOf,Sedimentary Facies,False,"Reservoir facies is a sedimentary rock unit that is defined by a specific combination of depositional and diagenetic features resulting in sufficient porosity and permeability to store and transmit hydrocarbons. In the Brazilian Pre-Salt, prominent reservoir facies include in-situ shrubstones, reworked grainstones, and spherulites, whose final petrophysical properties are controlled by the interplay between original depositional fabric and subsequent diagenetic alteration.",False,https://www.inf.ufrgs.br/bdi/ontologies/GEORES_0000029,
carbonate facies,depositional facies,rdfs:subClassOf,Sedimentary Facies,False,"A carbonate facies is a distinct body of carbonate rock that is defined by a specific combination of observable petrographic, textural, and structural characteristics. These characteristics, including grain size, sorting, packing, and morphology, reflect the specific depositional environment and subsequent diagenetic history of the rock. In the Brazilian Pre-Salt, carbonate facies are broadly categorized as either in-situ (autochthonous), such as shrubs and spherulites, or reworked (allochthonous) deposits.",False,https://www.inf.ufrgs.br/bdi/ontologies/GEORES_0000029,
distal facies,depositional facies,rdfs:subClassOf,Sedimentary Facies,False,"Distal facies is a sedimentary facies that is deposited in a location relatively far from the primary sediment source or area of carbonate production, typically in deeper, lower-energy water. In the Brazilian Pre-Salt lacustrine systems, these facies are represented by lithologies such as mudstones, rhythmites, and some spherulitites, which accumulate in the more profound parts of the basin.",False,https://www.inf.ufrgs.br/bdi/ontologies/GEORES_0000029,
In-situ Carbonate Facies,carbonate facies,rdfs:subClassOf,Sedimentary Facies,True,An In-situ Carbonate Facies is a carbonate facies formed by organisms or chemical precipitation at the site of deposition without significant transport.,False,https://www.inf.ufrgs.br/bdi/ontologies/GEORES_0000029,
spherulitic shrubstone,In-situ Carbonate Facies,rdfs:subClassOf,Sedimentary Facies,False,"Spherulitic shrubstone is an in-situ carbonate facies that is composed of more than 50% shrubs and spherulites combined, with shrubs being the dominant grain type and mud content being less than 10%. This facies is characterized by very fine to coarse spherulites occurring between medium to coarse shrub branches, often displaying a fining-upward textural pattern. It commonly exhibits significant fabric-selective porosity, including large inter-shrub pore spaces and intra-shrub porosity from dissolution, which can be partially or fully occluded by calcite, dolomite, and silica cements.",False,https://www.inf.ufrgs.br/bdi/ontologies/GEORES_0000029,
laminated mudstone,In-situ Carbonate Facies,rdfs:subClassOf,Sedimentary Facies,False,"Laminated mudstone is a carbonate mudstone facies that is characterized by a millimetric-scale alternation of light-colored, carbonate-rich layers and dark, organic-rich layers. Often exhibiting crinkly or wavy lamination and associated with microbial activity in shallow lacustrine environments, this facies can contain peloids, ostracods, and primary fenestral porosity.",False,https://www.inf.ufrgs.br/bdi/ontologies/GEORES_0000029,
microbial mat,In-situ Carbonate Facies,rdfs:subClassOf,Sedimentary Facies,False,"A microbial mat is a self-sustaining benthic community that develops as a vertically layered structure at a liquid-solid interface, typically in environments with limited grazing organisms. In the Pre-Salt lacustrine carbonate successions, they are preserved as laminated, spongy, or tufted fabrics composed of microcrystalline filaments and various calcite cements, often forming distinct laminae or intercalations within other facies.",False,https://www.inf.ufrgs.br/bdi/ontologies/GEORES_0000029,
structural domain,fiat object part,rdfs:subClassOf,fiat object part,False,"A structural domain is a spatial subdivision of a geological basin that is defined by a relatively consistent set of structural characteristics, such as fault patterns, structural styles, and reflector geometries. These domains are delineated using seismic data to group areas with similar tectonic features, like horsts and grabens, and distinct structural morphologies. This subdivision simplifies geological analysis by allowing for the comparison of properties like fracture intensity and stratigraphic architecture between different regions.",False,http://purl.obolibrary.org/obo/BFO_0000024,http://purl.obolibrary.org/obo/BFO_0000024
micrite,Sediment,rdfs:subClassOf,Sediment,False,"Micrite is a microcrystalline carbonate mud that precipitates in high pH lacustrine settings and accumulates as pelagic background sediment in low-energy, deep-water environments. It typically forms finely laminated or massive deposits, indicating deposition in a calm and undisturbed setting, and can also occur as an intergranular filling in grain-supported rocks. The reservoir space within micritic rocks is primarily associated with low-angle fractures.",False,https://www.inf.ufrgs.br/bdi/ontologies/GEORES_0000031,https://www.inf.ufrgs.br/bdi/ontologies/GEORES_0000031
sediment,Sediment,rdfs:subClassOf,Sediment,False,"Sediment is a collection of unconsolidated particles that are deposited by physical, chemical, or biological processes within a lacustrine environment to form the precursor to sedimentary rock. In the Brazilian Pre-Salt, these materials primarily include in-situ microbial precipitates like shrubs and spherulites, fine-grained carbonate muds, Mg-rich clays, and reworked debris from pre-existing carbonates.",False,https://www.inf.ufrgs.br/bdi/ontologies/GEORES_0000031,https://www.inf.ufrgs.br/bdi/ontologies/GEORES_0000031
magnesian clay,Authigenic Sediment,rdfs:subClassOf,Sediment,False,"Magnesian clay is an authigenic clay mineral aggregate, predominantly stevensite, that precipitates in the saline and alkaline lacustrine environments of the Pre-Salt. These primary deposits occur as massive or laminated aggregates, peloids, ooids, or coatings and are chemically unstable, making them highly susceptible to diagenetic replacement by dolomite, silica, and calcite spherulites.",False,https://www.inf.ufrgs.br/bdi/ontologies/GEORES_0000031,
allochem,sediment,rdfs:subClassOf,Sediment,False,"Allochem is an allochthonous carbonate grain that was formed outside the area of final deposition and subsequently transported as a discrete particle. Common types of allochems found in Brazilian Pre-Salt reservoirs include bioclasts (such as bivalve and ostracod shells), ooids, peloids, oncoids, and intraclasts. The type and proportion of allochems are fundamental criteria for classifying depositional carbonate rocks.",False,https://www.inf.ufrgs.br/bdi/ontologies/GEORES_0000031,
clay matrix,Authigenic Sediment,rdfs:subClassOf,Sediment,False,"Clay matrix is a primary depositional material that consists of fine-grained magnesian clays, such as stevensite and kerolite, filling the interstitial space between framework grains in Pre-Salt carbonates. This component is highly susceptible to diagenetic alteration and is often replaced by dolomite and silica or dissolved, a process that can create significant secondary porosity and fundamentally control reservoir quality.",False,https://www.inf.ufrgs.br/bdi/ontologies/GEORES_0000031,
carbonate sediment,sediment,rdfs:subClassOf,Sediment,False,"Carbonate sediment is a naturally occurring particulate material that is composed primarily of carbonate minerals formed through chemical, biochemical, or biological processes within a depositional environment. In the Brazilian Pre-Salt, this sediment originates in a lacustrine system and includes components such as spherulites, microbial shrubs, and fine-grained muds, the accumulation of which forms the precursor to reservoir rocks.",False,https://www.inf.ufrgs.br/bdi/ontologies/GEORES_0000031,
carbonate mud,carbonate sediment,rdfs:subClassOf,Sediment,False,"Carbonate mud is a fine-grained sedimentary material that serves as a matrix between larger grains or forms discrete beds and is composed of a variable mixture of calcite, clay minerals, dolomite, and silica. In the Brazilian Pre-Salt, it is commonly deposited in lacustrine environments during periods of high lake level, often forming finely laminated deposits.",False,https://www.inf.ufrgs.br/bdi/ontologies/GEORES_0000031,
mg-silicate,Authigenic Sediment,rdfs:subClassOf,Sediment,False,"Mg-silicate is a group of authigenic magnesium silicate minerals that precipitates from a gel precursor in hyper-alkaline and saline lacustrine environments. Commonly occurring as the mineral stevensite, it forms a fine-grained matrix that constitutes the background sedimentation in Aptian sag lakes. Its precipitation is triggered by evaporation, and it serves as the medium for the nucleation of calcite spherulites and shrubs.",False,https://www.inf.ufrgs.br/bdi/ontologies/GEORES_0000031,
volcaniclastic,clastic sediment,rdfs:subClassOf,Sediment,False,"Volcaniclastic is a sedimentary material that is composed of fragments of rock and minerals produced by or derived from volcanic activity. In the Brazilian Pre-Salt, this component consists of volcanic rock fragments and is often broadly grouped with associated siliciclastic grains of plutonic origin, such as granitic-gneissic fragments, quartz, and feldspar, occurring either as discrete units or mixed within carbonate facies.",False,https://www.inf.ufrgs.br/bdi/ontologies/GEORES_0000031,
clastic sediment,sediment,rdfs:subClassOf,Sediment,False,"Clastic sediment is sedimentary material that is composed of fragments, or clasts, derived from the physical weathering and erosion of pre-existing rocks. In the Brazilian Pre-Salt, this term encompasses both siliciclastic detritus eroded from basement highs and carbonate clasts (intraclasts and lithoclasts) fragmented from earlier lacustrine carbonate successions. These sediments are commonly redeposited downslope by gravity flows, forming mixed clastic-carbonate sequences.",False,https://www.inf.ufrgs.br/bdi/ontologies/GEORES_0000031,
Authigenic Sediment,sediment,rdfs:subClassOf,Sediment,True,"Authigenic Sediment is a type of sediment that forms in-situ within a depositional environment through chemical or biological precipitation, rather than being transported from elsewhere.",False,https://www.inf.ufrgs.br/bdi/ontologies/GEORES_0000031,
fiat surface,continuant fiat boundary,rdfs:subClassOf,continuant fiat boundary,True,A fiat surface is a continuant fiat boundary that is a two-dimensional spatial region.,False,http://purl.obolibrary.org/obo/BFO_0000140,http://purl.obolibrary.org/obo/BFO_0000140
wave base,fiat surface,rdfs:subClassOf,continuant fiat boundary,False,"Wave base is a conceptual water depth that marks the lower limit at which surface wave orbital motion significantly interacts with and reworks sediment on the seafloor. This depth varies based on energy conditions, distinguishing between a shallower fair-weather wave base (FWWB) for average conditions and a deeper storm wave base (SWB) for high-energy events. In the Pre-Salt lacustrine carbonate systems, oscillations of the wave base are a primary control on the deposition, reworking, and development of key reservoir facies like coquinas and shrubstones.",False,http://purl.obolibrary.org/obo/BFO_0000140,http://purl.obolibrary.org/obo/BFO_0000146
pore type,generically dependent continuant,rdfs:subClassOf,generically dependent continuant,False,"Pore type is a class of void space within a rock that is distinguished by its genetic origin, geometric attributes, and relationship to the rock fabric. In Brazilian Pre-Salt carbonates, common pore types include interparticle, vuggy, fracture, and growth framework, which are fundamental for classifying the complex porous system influenced by both depositional and diagenetic processes. The distribution and connectivity of these types are critical controls on reservoir permeability, fluid flow characteristics, and overall reservoir quality.",False,http://purl.obolibrary.org/obo/BFO_0000031,http://purl.obolibrary.org/obo/BFO_0000031
paragenesis,generically dependent continuant,rdfs:subClassOf,generically dependent continuant,False,"Paragenesis is a chronological sequence that describes the relative timing of formation, alteration, and dissolution of minerals within a rock. This sequence is established through petrographic analysis of cross-cutting relationships and is used to reconstruct the diagenetic history of the rock. In the Brazilian Pre-Salt, it documents the complex interplay of depositional, burial, and hydrothermal events that control the evolution of reservoir porosity and permeability.",False,http://purl.obolibrary.org/obo/BFO_0000031,http://purl.obolibrary.org/obo/BFO_0000031
reservoir quality,quality,rdfs:subClassOf,quality,False,"Reservoir quality is a collective measure of a reservoir rock's petrophysical properties that determines its capacity to store and transmit fluids. It is primarily defined by the rock's porosity and permeability, which are controlled by factors such as the depositional environment, grain characteristics, and subsequent diagenetic processes like dissolution and cementation. A high reservoir quality is essential for successful hydrocarbon exploration and production, as it directly influences fluid flow and the predictability of production performance.",False,http://purl.obolibrary.org/obo/BFO_0000019,http://purl.obolibrary.org/obo/BFO_0000019
porosity,Petrophysical Property,rdfs:subClassOf,quality,False,"Porosity is a fundamental petrophysical property of a rock that quantifies the volume of void space relative to the total bulk volume, typically expressed as a percentage. In Brazilian Pre-Salt carbonates, it comprises a complex pore system including primary types (interparticle, intraparticle) and dominant secondary types created by dissolution (vuggy, moldic) or fracturing. The magnitude and connectivity of this porosity are strongly controlled by the original depositional fabric and subsequent diagenetic alteration, such as cementation or dissolution.",False,http://purl.obolibrary.org/obo/BFO_0000019,
salinity,quality,rdfs:subClassOf,quality,False,"Salinity is a measure of the total amount of dissolved salts in a fluid, such as formation water or the aqueous phase of fluid inclusions. In the context of the Brazilian Pre-Salt, it is a critical parameter typically expressed as weight percent sodium chloride equivalent (wt% NaCl eq.), which influences diagenetic processes, fluid flow, and the interpretation of depositional environments.",False,http://purl.obolibrary.org/obo/BFO_0000019,http://purl.obolibrary.org/obo/BFO_0000019
heterogeneity,quality,rdfs:subClassOf,quality,False,"Heterogeneity is the spatial variation of reservoir properties that is determined by the original depositional environment and subsequent structural and diagenetic events. This variation manifests across multiple scales as alternating high and low-quality layers, resulting in a wide range of petrophysical values such as porosity and permeability. Such variability can create flow baffles or seals, leading to the compartmentalization of the reservoir into distinct fluid or pressure segments.",False,http://purl.obolibrary.org/obo/BFO_0000019,http://purl.obolibrary.org/obo/BFO_0000019
reservoir property,quality,rdfs:subClassOf,quality,False,"A reservoir property is a measurable physical, petrophysical, or fluid characteristic that is used to describe and quantify the state, quality, and behavior of a subsurface rock formation. Key properties include rock attributes like porosity and permeability, which define the permo-porous system, and fluid attributes such as composition, pressure, and temperature (PVT). These properties are critical for understanding reservoir heterogeneity and are often estimated from well logs, core data, and seismic attributes to model fluid distribution and flow.",False,http://purl.obolibrary.org/obo/BFO_0000019,http://purl.obolibrary.org/obo/BFO_0000019
interparticle porosity,porosity,rdfs:subClassOf,quality,False,"Interparticle porosity is a type of primary porosity that consists of the void spaces between the constituent grains or particles of a sedimentary rock. In Brazilian Pre-Salt carbonates, it is predominantly associated with reworked facies like calcarenites and calcirudites and is a major contributor to high reservoir permeability. This porosity can be enhanced by dissolution but is often reduced by diagenetic processes such as compaction and cementation.",False,http://purl.obolibrary.org/obo/BFO_0000019,
vuggy porosity,Secondary Porosity,rdfs:subClassOf,quality,False,"Vuggy porosity is a type of secondary porosity that is characterized by dissolution-generated pores that are larger than the rock's constituent grains or crystals. While it is a dominant and high-volume pore type in many Pre-Salt carbonate facies, the vugs are often isolated or poorly connected, resulting in low permeability despite high porosity values.",False,http://purl.obolibrary.org/obo/BFO_0000019,
intraparticle porosity,Secondary Porosity,rdfs:subClassOf,quality,False,"Intraparticle porosity is a type of secondary porosity that consists of voids located within individual sedimentary grains or particles, formed by the partial dissolution of their internal components. In Brazilian Pre-Salt carbonates, it commonly develops within spherulites, oncoids, and bioclasts, contributing to high porosity values but often having limited permeability due to poor pore connectivity.",False,http://purl.obolibrary.org/obo/BFO_0000019,
moldic porosity,Secondary Porosity,rdfs:subClassOf,quality,False,"Moldic porosity is a type of secondary porosity that is formed by the dissolution of a sedimentary component, such as a shell or grain, leaving a pore that retains the shape of the dissolved feature. In Pre-Salt bioclastic reservoirs, it is a common pore type that contributes to high total porosity but often has low permeability due to poor connectivity between molds. The enlargement and connection of these molds can form vugular porosity, which significantly improves reservoir permeability.",False,http://purl.obolibrary.org/obo/BFO_0000019,
microporosity,porosity,rdfs:subClassOf,quality,False,"Microporosity is a component of a rock's total pore system that is characterized by pores of microscopic scale which contribute to the overall porosity volume but have very low connectivity and permeability. In Pre-Salt carbonates, it is commonly formed by diagenetic processes, such as silicification or dolomitization, that modify larger primary pores into numerous, poorly connected micropores. This pore type is petrophysically significant as it is associated with high irreducible water saturation and contributes little to fluid flow, despite potentially accounting for a large percentage of the total porosity.",False,http://purl.obolibrary.org/obo/BFO_0000019,
effective porosity,Petrophysical Property,rdfs:subClassOf,quality,False,"Effective porosity is a petrophysical property that quantifies the interconnected pore volume of a rock through which fluids can flow, excluding isolated pores and volume occupied by bound fluids. It is a key parameter for evaluating reservoir quality in Pre-Salt carbonates, where it is typically lower than total porosity and is commonly derived from Nuclear Magnetic Resonance (NMR) logs.",False,http://purl.obolibrary.org/obo/BFO_0000019,
acoustic impedance,Physical Property,rdfs:subClassOf,quality,False,"Acoustic impedance is a fundamental physical property of a formation that is defined as the product of its acoustic P-wave velocity and bulk density. As a key seismic attribute, its variations are used to interpret changes in lithology, porosity, and fluid content, with porosity being the primary driver in formations with a relatively constant mineralogy. In the context of the Brazilian Pre-Salt, high-porosity carbonate reservoirs are often identified by their characteristic low acoustic impedance signatures.",False,http://purl.obolibrary.org/obo/BFO_0000019,
total porosity,Petrophysical Property,rdfs:subClassOf,quality,False,"Total porosity is a fundamental petrophysical property that quantifies the fraction of a rock's bulk volume occupied by all void spaces, regardless of their origin or connectivity. It represents the sum of all pore types, including primary, secondary (e.g., dissolution-related), and fracture porosity, and accounts for the full range of pore sizes from micropores to vugs. This measure is critical for calculating the total volume of hydrocarbons in place within a reservoir.",False,http://purl.obolibrary.org/obo/BFO_0000019,
fracture porosity,Secondary Porosity,rdfs:subClassOf,quality,False,"Fracture porosity is a type of secondary porosity that is composed of the void space created by natural cracks, fissures, or breaks within a rock. In Brazilian Pre-Salt carbonates, these features are often irregular and continuous fractures that contribute to the overall porous system, with apertures observed to range from 0.1 to 0.5 mm. This porosity can be significantly reduced when the fractures are partially or completely filled by diagenetic minerals, including silica, calcite, and dolomite.",False,http://purl.obolibrary.org/obo/BFO_0000019,
flow capacity,Petrophysical Property,rdfs:subClassOf,quality,False,"Flow capacity is a petrophysical parameter that quantifies the ability of a reservoir interval to transmit fluids, calculated as the product of the interval's effective permeability and its thickness (kh). Expressed in millidarcy-meters (mD.m), it is a key metric used to identify high-productivity zones ('speed zones') and is determined from well tests, core analysis, or log-derived permeability profiles. In heterogeneous reservoirs like the Pre-Salt, its value is often dominated by thin, highly permeable features such as fractures or karstified layers.",False,http://purl.obolibrary.org/obo/BFO_0000019,
density,Physical Property,rdfs:subClassOf,quality,False,"Density is a fundamental physical property of a substance that quantifies its mass per unit of volume, typically expressed in grams per cubic centimeter (g/cm³). In the context of reservoir characterization, it is distinguished as either bulk density (RHOB), which is measured by well logs and includes the rock matrix and pore fluids, or grain density, which is measured from core samples and represents the density of the solid mineral constituents. Variations in density are critical for lithofacies differentiation, seismic impedance modeling, and porosity calculations in Pre-Salt carbonate reservoirs.",False,http://purl.obolibrary.org/obo/BFO_0000019,
Petrophysical Property,reservoir property,rdfs:subClassOf,quality,True,A Petrophysical Property is a reservoir property that quantifies the characteristics of a rock related to its ability to store and transmit fluids.,False,http://purl.obolibrary.org/obo/BFO_0000019,
Physical Property,reservoir property,rdfs:subClassOf,quality,True,"A Physical Property is a reservoir property that describes a measurable physical characteristic of a rock or fluid, such as its response to energy or its mass-volume relationship.",False,http://purl.obolibrary.org/obo/BFO_0000019,
Secondary Porosity,porosity,rdfs:subClassOf,quality,True,"Secondary Porosity is a type of porosity that develops in a rock after its initial deposition, through processes such as dissolution or fracturing.",False,http://purl.obolibrary.org/obo/BFO_0000019,
Physiographic Feature,site,rdfs:subClassOf,site,True,A Physiographic Feature is a site that is a large-scale part of the Earth's surface or subsurface with a characteristic form.,False,http://purl.obolibrary.org/obo/BFO_0000029,http://purl.obolibrary.org/obo/BFO_0000029
vug,pore,rdfs:subClassOf,site,False,"A vug is a non-fabric-selective pore within a carbonate rock that is generated or enhanced by dissolution and is significantly larger than the primary fabric-controlled pores. In the Brazilian Pre-Salt, vugs range from millimeters to tens of centimeters in size and can occur as isolated features or as interconnected networks, often linked by natural fractures. While isolated vugs contribute to total porosity, interconnected vug systems are critical for creating high-permeability pathways that significantly enhance reservoir quality.",False,http://purl.obolibrary.org/obo/BFO_0000029,
continental margin,Physiographic Feature,rdfs:subClassOf,site,False,"A continental margin is a major physiographic and tectonic zone that represents the transition between continental crust and an oceanic basin. In the context of the Brazilian Pre-Salt, it is the region hosting major rift-related sedimentary basins, such as the Santos Basin, which formed during the opening of the South Atlantic. The architecture and relative position within this margin control the magnitude of rifting displacement and the subsequent development of reservoir successions.",False,http://purl.obolibrary.org/obo/BFO_0000029,
oil field,site,rdfs:subClassOf,site,False,"An oil field is a subsurface area that contains one or more petroleum reservoirs from which a hydrocarbon accumulation can be produced. These fields, such as the supergiant Búzios Field, are defined by a contiguous accumulation with a quantifiable volume of original oil in place (OOIP) and are developed for commercial production. In the Brazilian Pre-Salt, major oil fields are characterized by vast lacustrine carbonate reservoirs located in deep offshore waters.",False,http://purl.obolibrary.org/obo/BFO_0000029,http://purl.obolibrary.org/obo/BFO_0000029
lula field,oil field,rdf:type,site,False,"Lula Field is a giant offshore oil field that is located in the Santos Basin, Brazil, and produces from Lower Cretaceous lacustrine carbonate reservoirs of the Pre-Salt succession. Its discovery in 2006 by the Tupi-1 well represented the opening of the Pre-Salt exploratory frontier, and it was the first of these fields to be put into production.",False,http://purl.obolibrary.org/obo/BFO_0000029,
tupi field,oil field,rdf:type,site,False,"Tupi Field is a giant petroleum field that is located on the Santos Basin External High and contains its primary reservoirs within the Aptian-age lacustrine carbonates of the Barra Velha Formation. Discovered in 2006, the field is situated in ultradeep waters of the Santos Basin, approximately 50 km southwest of the Búzios Field. The reservoirs were deposited during the post-rift sag phase over a structural feature known as the Tupi High.",False,http://purl.obolibrary.org/obo/BFO_0000029,
mero field,oil field,rdf:type,site,False,"Mero Field is a giant offshore pre-salt oil field that is located in the central Santos Basin, Brazil, as part of the larger Libra Block discovery. Discovered in 2010, the field contains vast hydrocarbon reserves hosted in high-quality microbial carbonate and coquina reservoirs within a large and geologically complex four-way structural closure.",False,http://purl.obolibrary.org/obo/BFO_0000029,
pore,site,rdfs:subClassOf,site,False,"A pore is a void space within a rock that contributes to the rock's total porosity and can store and transmit fluids. In carbonate reservoirs like the Brazilian Pre-Salt, pores are formed and modified by complex depositional and diagenetic processes, resulting in a heterogeneous, multi-scale system of voids whose size, geometry, and connectivity control reservoir quality.",False,http://purl.obolibrary.org/obo/BFO_0000029,http://purl.obolibrary.org/obo/BFO_0000029
sugar loaf high,Physiographic Feature,rdf:type,site,False,"Sugar Loaf High is a large structural high that constitutes a major basement culmination of the Outer High within the Santos Basin, offshore Brazil. This prominent palaeotopographic feature provided the foundation for an extensive Early Cretaceous lacustrine carbonate platform, which contains strata equivalent to significant pre-salt hydrocarbon reservoirs.",False,http://purl.obolibrary.org/obo/BFO_0000029,
atapu field,oil field,rdf:type,site,False,"The Atapu field is a major pre-salt oil and gas field that is located in the central portion of the Santos Basin and structurally characterized as a structural high related to a half-graben. As part of the Iara Complex, it is one of Brazil's largest producing fields, with its primary reservoirs consisting of pre-salt carbonates from the Barra Velha Formation. These reservoir rocks are associated with a shallow lacustrine depositional system influenced by active rift faults.",False,http://purl.obolibrary.org/obo/BFO_0000029,
são paulo plateau,Physiographic Feature,rdf:type,site,False,"São Paulo Plateau is a major offshore physiographic province in the South Atlantic that resulted from extensive crustal thinning and failed seafloor spreading during the opening of the South Atlantic. This plateau encompasses the deep-water portion of the Santos Basin and is the primary region for pre-salt hydrocarbon exploration. It contains key structural features, such as the Outer High, which host prolific pre-salt carbonate reservoirs.",False,http://purl.obolibrary.org/obo/BFO_0000029,
intercrystalline pore,pore,rdfs:subClassOf,site,False,"An intercrystalline pore is a type of secondary porosity that consists of the void spaces located between the constituent crystals of a diagenetically altered rock. In Brazilian Pre-Salt carbonates, this porosity is most commonly formed by dolomitization, creating a network of small, often irregular pores between dolomite crystals, or within silicified intervals. These pores are a significant component of the total pore system and can be crucial for reservoir connectivity and permeability.",False,http://purl.obolibrary.org/obo/BFO_0000029,
micropore,pore,rdfs:subClassOf,site,False,"Micropore is a type of pore space that is defined by a size range of approximately 0.125 to 0.5 micrometers, often associated with cemented packstones. In Pre-Salt carbonates, these pores can form as intraparticle porosity from calcite dissolution, as intercrystalline porosity, or between insoluble infillings within larger karst-modified vugs.",False,http://purl.obolibrary.org/obo/BFO_0000029,
cave,pore,rdfs:subClassOf,site,False,"A cave is a meter-scale dissolution cavity that is larger than the wellbore diameter and characterized by total fluid loss during drilling and a low-amplitude, high-traveltime signature on borehole image logs. As a type of karst feature often formed by hydrothermal alteration in the Pre-Salt, it represents a zone of extremely high permeability and flow capacity that cannot be sampled by conventional coring.",False,http://purl.obolibrary.org/obo/BFO_0000029,
sapinhoá field,oil field,rdf:type,site,False,"Sapinhoá Field is a giant pre-salt oil field that is located in the Santos Basin, offshore Brazil, and produces hydrocarbons primarily from the Aptian-age carbonate reservoirs of the Barra Velha Formation. As one of the principal fields within the Santos Basin's pre-salt polygon, its reservoir rocks are situated stratigraphically below the main salt layer of the Ariri Formation.",False,http://purl.obolibrary.org/obo/BFO_0000029,
interparticle pore,pore,rdfs:subClassOf,site,False,"An interparticle pore is a type of pore space that is located in the voids between the constituent grains or particles of a sedimentary rock. In Brazilian Pre-Salt lacustrine carbonates, this porosity is a dominant contributor to reservoir quality, particularly within reworked facies like grainstones and rudstones where it is often associated with high permeability. These pores can be enhanced by dissolution or occluded by diagenetic cements such as silica, dolomite, and anhydrite.",False,http://purl.obolibrary.org/obo/BFO_0000029,
pre-salt,Stratigraphic Succession,rdf:type,Stratigraphic Unit,False,"Pre-salt is a sedimentary-volcanic succession that is stratigraphically bounded by the crystalline basement at its base and the overlying Aptian evaporite layer at its top. Deposited in a lacustrine system during the Early Cretaceous continental rifting that separated South America and Africa, this sequence contains prolific carbonate reservoirs, such as the coquinas and microbialites of the Barra Velha and Itapema formations.",False,https://www.inf.ufrgs.br/bdi/ontologies/GEORES_0000002,
pre-salt reservoir,stratigraphic unit,rdfs:subClassOf,Stratigraphic Unit,False,"A pre-salt reservoir is a petroleum reservoir that is stratigraphically located beneath a thick evaporite layer and composed of carbonate rocks deposited during syn-rift to post-rift tectonic phases. These reservoirs, characteristic of the Brazilian continental margin, are typically formed in lacustrine environments and consist of complex facies such as microbialites, coquinas, and intraclastic deposits.",False,https://www.inf.ufrgs.br/bdi/ontologies/GEORES_0000002,
pre-salt section,Stratigraphic Succession,rdfs:subClassOf,Stratigraphic Unit,False,"Pre-salt section is a stratigraphic succession of Barremian-Aptian age that encompasses the rift and sag basin stages deposited prior to the extensive Aptian salt layer in the South Atlantic passive margin basins. This interval, particularly prominent in the Santos and Campos basins offshore Brazil, is characterized by unique lacustrine carbonate deposits, such as coquinas and microbialites, which form world-class hydrocarbon reservoirs.",False,https://www.inf.ufrgs.br/bdi/ontologies/GEORES_0000002,
pre-salt succession,Stratigraphic Succession,rdfs:subClassOf,Stratigraphic Unit,False,"Pre-salt succession is a stratigraphic sequence of sedimentary and volcanic rocks that is bounded by the crystalline basement at its base and the overlying Aptian evaporite layer at its top. This Lower Cretaceous succession was deposited in a continental lacustrine system during the rift-to-sag transition associated with the breakup of Gondwana, and it contains the prolific non-marine carbonate reservoirs of the Brazilian margin.",False,https://www.inf.ufrgs.br/bdi/ontologies/GEORES_0000002,
rift section,Stratigraphic Succession,rdfs:subClassOf,Stratigraphic Unit,False,"Rift section is a stratigraphic succession that comprises the sedimentary and volcanic rocks deposited during the initial extensional tectonic phase of a basin's evolution. In the context of the Brazilian Pre-Salt basins, this succession spans from the Hauterivian to the Aptian and is typically divided into a lower volcanic-dominated phase (syn-rift I) and an upper lacustrine phase (syn-rift II). The syn-rift II phase contains the primary source rocks and significant carbonate reservoirs of the Pre-Salt petroleum system.",False,https://www.inf.ufrgs.br/bdi/ontologies/GEORES_0000002,
depositional sequence,sedimentary sequence,rdfs:subClassOf,Stratigraphic Unit,False,"A depositional sequence is a relatively conformable and genetically related succession of strata that is bounded at its top and base by unconformities or their correlative conformities. It represents a major depositional cycle recording long-term changes in accommodation space and sediment supply, often driven by tectonic activity and climatic shifts. In the Brazilian Pre-Salt, these sequences are identified using seismic and well log data and encompass key reservoir intervals, such as the lacustrine carbonates of the Barra Velha Formation, which are often capped by regional evaporite deposits.",False,https://www.inf.ufrgs.br/bdi/ontologies/GEORES_0000002,
rift sequence,Tectono-Stratigraphic Unit,rdfs:subClassOf,Stratigraphic Unit,False,"A rift sequence is a tectono-stratigraphic sequence that is deposited in a basin during the active phase of continental rifting, typically within fault-bounded half-grabens. These sequences are often subdivided into multiple phases reflecting distinct stages of rifting and are bounded at the top by a major unconformity, such as the Top Rift Unconformity in the Santos Basin. Deposition typically evolves from sediment-starved conditions with localized depocenters to more widespread deposition that fills and heals the rift-related structural relief.",False,https://www.inf.ufrgs.br/bdi/ontologies/GEORES_0000002,
regional seal,stratigraphic unit,rdfs:subClassOf,Stratigraphic Unit,False,"A regional seal is a laterally extensive, low-permeability stratigraphic unit that overlies a petroleum system and prevents the upward migration of hydrocarbons. In the Brazilian Pre-Salt, the regional seal is the thick evaporite sequence of the Ariri Formation, composed primarily of halite and anhydrite. This massive salt layer effectively traps hydrocarbons within the underlying lacustrine carbonate reservoirs of the Barra Velha Formation.",False,https://www.inf.ufrgs.br/bdi/ontologies/GEORES_0000002,
sag section,Stratigraphic Succession,rdfs:subClassOf,Stratigraphic Unit,False,"Sag section is a stratigraphic succession that is deposited in a broad regional depression formed predominantly by thermal subsidence following the cessation of active mechanical rifting. In the Brazilian Pre-Salt, this succession represents a transitional tectonic phase and contains the primary Aptian lacustrine carbonate reservoir rocks, such as those of the Barra Velha and Macabu formations.",False,https://www.inf.ufrgs.br/bdi/ontologies/GEORES_0000002,
pre-salt interval,Stratigraphic Succession,rdfs:subClassOf,Stratigraphic Unit,False,"Pre-salt interval is a Lower Cretaceous stratigraphic succession that comprises syn-rift and post-rift lacustrine sediments deposited in South Atlantic rift basins prior to the widespread deposition of the Aptian salt layer. It is commonly subdivided into a lower syn-rift section, characterized by wedge-shaped geometries, and an upper sag or late-rift section, characterized by more parallel and continuous layers. This interval contains the prolific lacustrine source rocks and microbial/bioclastic carbonate reservoirs that constitute the primary petroleum system of the Brazilian Pre-Salt.",False,https://www.inf.ufrgs.br/bdi/ontologies/GEORES_0000002,
stratigraphic unit,Body of Rock,rdfs:subClassOf,Stratigraphic Unit,False,"A stratigraphic unit is a body of rock strata that is defined and identified by its distinct lithological or physical characteristics and is bounded by recognizable surfaces, such as unconformities or sequence boundaries. These units can be formally named, such as formations, or informally designated for local correlation, and serve as the fundamental building blocks for constructing stratigraphic frameworks to map the distribution of depositional systems.",False,https://www.inf.ufrgs.br/bdi/ontologies/GEORES_0000002,https://www.inf.ufrgs.br/bdi/ontologies/GEORES_0000001
reservoir interval,stratigraphic unit,rdfs:subClassOf,Stratigraphic Unit,False,"A reservoir interval is a vertical subdivision of a reservoir rock formation that is defined by a specific set of geological, petrophysical, or geophysical properties and bounded by distinct upper and lower surfaces. It is characterized by a relatively homogeneous set of attributes, such as lithofacies, porosity, permeability, or diagenetic alteration, which distinguish it from adjacent rock units. A larger reservoir body may be composed of multiple intervals with varying quality, ranging from highly productive zones to tight, non-productive flow barriers.",False,https://www.inf.ufrgs.br/bdi/ontologies/GEORES_0000002,
mega-sequence,Tectono-Stratigraphic Unit,rdfs:subClassOf,Stratigraphic Unit,False,"A mega-sequence is a large-scale tectono-stratigraphic unit that represents a major phase of a basin's evolution, such as the rift, post-rift, or drift stages. In the context of the Santos Basin, each mega-sequence comprises multiple geological formations and is bounded by major unconformities reflecting significant changes in the tectonic regime. The three primary mega-sequences recognized in the basin's evolution are the rift, post-rift (sag), and drift.",False,https://www.inf.ufrgs.br/bdi/ontologies/GEORES_0000002,
pre-salt sequence,Tectono-Stratigraphic Unit,rdfs:subClassOf,Stratigraphic Unit,False,"Pre-salt sequence is a tectono-stratigraphic succession that comprises the Early Cretaceous sedimentary and volcanic rocks deposited during the breakup of Gondwana, stratigraphically positioned between the underlying crystalline basement and the overlying regional evaporite layer. This succession encompasses the rift and sag depositional phases within extensive lacustrine systems and includes the main carbonate reservoir intervals, such as the Barra Velha Formation, as well as underlying siliciclastic and volcanic units.",False,https://www.inf.ufrgs.br/bdi/ontologies/GEORES_0000002,
upper rift,Tectono-Stratigraphic Unit,rdfs:subClassOf,Stratigraphic Unit,False,"Upper rift is a tectono-stratigraphic interval of the pre-salt succession in the Santos Basin that represents a phase of continued crustal thinning and reduced subsidence following the initial lower rift phase. This interval encompasses the deposition of the Itapema and Lower Barra Velha Formations, which contain significant coquina and microbialite reservoir rocks, and is capped by the regional Top Rift Unconformity.",False,https://www.inf.ufrgs.br/bdi/ontologies/GEORES_0000002,
supersequence,Tectono-Stratigraphic Unit,rdfs:subClassOf,Stratigraphic Unit,False,"A supersequence is a primary tectono-stratigraphic unit that comprises a genetically related succession of depositional sequences bounded by major unconformities and their correlative conformities. In the context of the Brazilian Pre-Salt, supersequences represent the highest-order stratigraphic subdivision and correspond to major basin evolution phases, such as the syn-rift, post-rift, and drift stages.",False,https://www.inf.ufrgs.br/bdi/ontologies/GEORES_0000002,
post-rift sequence,supersequence,rdfs:subClassOf,Stratigraphic Unit,False,"A post-rift sequence is a stratigraphic supersequence that was deposited during the thermal subsidence or sag phase that follows the main continental rifting stage. In the Brazilian Pre-Salt context, this sequence is primarily composed of the lacustrine carbonates of the Barra Velha Formation, which constitute the main reservoirs, and the overlying evaporites of the Ariri Formation, which form the regional seal. The deposition is characterized by an aggradational filling pattern that heals the residual rift topography as the basin transitions toward a passive margin.",False,https://www.inf.ufrgs.br/bdi/ontologies/GEORES_0000002,
carbonate sequence,Stratigraphic Succession,rdfs:subClassOf,Stratigraphic Unit,False,"A carbonate sequence is a stratigraphic succession that is predominantly composed of carbonate rocks deposited within a specific geological time interval and depositional setting. In the Brazilian Pre-Salt, this term refers to the Aptian-age succession of lacustrine to transitional carbonates, characterized by microbial facies and bounded at its top by the base of the overlying evaporites.",False,https://www.inf.ufrgs.br/bdi/ontologies/GEORES_0000002,
sedimentary sequence,sequence,rdfs:subClassOf,Stratigraphic Unit,False,"A sedimentary sequence is a succession of genetically related strata that is deposited during a complete cycle of change in accommodation space or sediment supply. It is bounded by unconformities or their correlative conformities, representing a fundamental unit in sequence stratigraphy for analyzing depositional history. In the context of the Brazilian Pre-Salt, the term often refers to major tectono-stratigraphic packages, such as the rift, transitional, and drift sequences, which record the basin's evolution.",False,https://www.inf.ufrgs.br/bdi/ontologies/GEORES_0000002,
sequence,stratigraphic unit,rdfs:subClassOf,Stratigraphic Unit,False,"A sequence is a succession of strata that is deposited during a full cycle of variation in accommodation or sediment supply and is bounded by stratigraphic surfaces of the same genesis. It is characterized by a complete cycle of facies stacking pattern variation and is considered a fundamental, mappable unit in sequence stratigraphy. In the Brazilian Pre-Salt, sequences are defined at multiple scales, from high-resolution reservoir intervals to first-order successions related to major tectonic stages of rifting.",False,https://www.inf.ufrgs.br/bdi/ontologies/GEORES_0000002,
post-rift supersequence,supersequence,rdfs:subClassOf,Stratigraphic Unit,False,"A post-rift supersequence is a tectono-stratigraphic supersequence that was deposited during the thermal subsidence or sag stage of a basin's evolution, following the cessation of active crustal extension. In the Brazilian Pre-Salt, this supersequence overlies the syn-rift deposits and is characterized by an aggradational filling pattern, comprising lacustrine carbonates, clastics, and a capping succession of evaporites. These evaporites, such as the Retiro Formation, form the regional seal for the underlying hydrocarbon reservoirs.",False,https://www.inf.ufrgs.br/bdi/ontologies/GEORES_0000002,
Tectono-Stratigraphic Unit,stratigraphic unit,rdfs:subClassOf,Stratigraphic Unit,True,A Tectono-Stratigraphic Unit is a stratigraphic unit whose boundaries are defined by major tectonic events.,False,https://www.inf.ufrgs.br/bdi/ontologies/GEORES_0000002,
Stratigraphic Succession,stratigraphic unit,rdfs:subClassOf,Stratigraphic Unit,True,A Stratigraphic Succession is a stratigraphic unit composed of a series of strata arranged in a chronological order.,False,https://www.inf.ufrgs.br/bdi/ontologies/GEORES_0000002,
rock,Sedimentary Rock,rdfs:subClassOf,Sedimentary Rock,False,"Rock is a naturally occurring solid aggregate that is composed of one or more minerals or mineraloids. Within the Brazilian Pre-Salt, these are predominantly lacustrine carbonates classified by depositional texture, diagenesis, and petrophysical properties to assess their reservoir quality.",False,https://www.inf.ufrgs.br/bdi/ontologies/GEORES_0000032,https://www.inf.ufrgs.br/bdi/ontologies/GEORES_0000032
sedimentary rock,rock,rdfs:subClassOf,Sedimentary Rock,False,"Sedimentary rock is a type of rock that is formed by the accumulation, deposition, and subsequent cementation of mineral or organic particles at or near the Earth's surface. In the Brazilian Pre-Salt, these rocks form thick sequences, including both lacustrine carbonates and marine clastics, which constitute the primary hydrocarbon reservoirs.",False,https://www.inf.ufrgs.br/bdi/ontologies/GEORES_0000032,
reservoir rock,rock,rdfs:subClassOf,Sedimentary Rock,False,"Reservoir rock is a subsurface rock unit that possesses sufficient porosity and permeability to store and transmit fluids. In the Brazilian Pre-Salt, these are predominantly lacustrine carbonates, such as bioclastic limestones (coquinas), shrubstones, and spherulitestones, whose reservoir properties are highly heterogeneous and strongly controlled by diagenetic processes.",False,https://www.inf.ufrgs.br/bdi/ontologies/GEORES_0000032,
source rock,sedimentary rock,rdfs:subClassOf,Sedimentary Rock,False,"Source rock is an organic-rich sedimentary rock that has generated or is capable of generating and expelling hydrocarbons upon thermal maturation. In the Brazilian Pre-Salt, the primary source rocks are organic-rich shales of the Itapema and Barra Velha formations, deposited in a lacustrine rift setting and containing oil-prone Type I kerogen.",False,https://www.inf.ufrgs.br/bdi/ontologies/GEORES_0000032,
continental siliciclastic,sedimentary rock,rdfs:subClassOf,Sedimentary Rock,False,"Continental siliciclastic is a class of sedimentary deposit or rock that is composed predominantly of silicate minerals and rock fragments derived from the erosion of land areas and deposited in non-marine environments. In the context of the Brazilian Pre-Salt, these deposits typically consist of quartz, feldspar, mica, and clay minerals sourced from basement rocks and are characteristic of the rift phase, often occurring interbedded or mixed with lacustrine carbonates.",False,https://www.inf.ufrgs.br/bdi/ontologies/GEORES_0000032,
sandstone,continental siliciclastic,rdfs:subClassOf,Sedimentary Rock,False,"Sandstone is a siliciclastic sedimentary rock that is composed of sand-sized grains, typically ranging from fine to coarse and often exhibiting current laminations. In the context of Pre-Salt basins, sandstones are commonly deposited in fluvial, alluvial fan, and fan delta systems, sometimes containing mollusk shells which indicate episodic siliciclastic input into a lacustrine environment.",False,https://www.inf.ufrgs.br/bdi/ontologies/GEORES_0000032,
conglomerate,continental siliciclastic,rdfs:subClassOf,Sedimentary Rock,False,"Conglomerate is a clastic sedimentary rock that is composed of rounded to subrounded clasts larger than 2 millimeters in diameter, cemented within a finer-grained matrix. In Pre-Salt sequences, these rocks are often deposited in fluvial to alluvial fan environments associated with tectonic uplift and contain a heterogeneous mix of clasts, including basement gneiss, basalt, limestone, and intraformational silica.",False,https://www.inf.ufrgs.br/bdi/ontologies/GEORES_0000032,
siltstone,continental siliciclastic,rdfs:subClassOf,Sedimentary Rock,False,"Siltstone is a sedimentary rock that is characterized by a dominant grain size of silt particles, which in the Pre-Salt context can be siliciclastic, carbonate (calcisiltite), or a hybrid mixture. The siliciclastic variety is primarily composed of K-feldspar, quartz, and mica, and may appear massive or with plane-parallel lamination. These rocks are often found as thin beds intercalated within larger carbonate units, representing deposition from gravitational flows in a lacustrine setting.",False,https://www.inf.ufrgs.br/bdi/ontologies/GEORES_0000032,
breccia,continental siliciclastic,rdfs:subClassOf,Sedimentary Rock,False,"Breccia is a clastic rock that is composed of angular to subangular fragments of pre-existing rock cemented together in a finer-grained matrix. In the Brazilian Pre-Salt, breccias are formed by diverse mechanisms including gravitational slope collapse, fault-related brittle failure, and hydrothermal or karst-related diagenesis, often creating highly permeable reservoir intervals.",False,https://www.inf.ufrgs.br/bdi/ontologies/GEORES_0000032,
shale,continental siliciclastic,rdfs:subClassOf,Sedimentary Rock,False,"Shale is a fine-grained siliciclastic sedimentary rock that is composed of clay and silt-sized particles, characterized in the Pre-Salt context by its very low permeability. Within the lacustrine Pre-Salt succession, these rocks are identified by high gamma-ray log responses and act as significant vertical permeability barriers. These shale layers, such as the Jiquiá shales, can cause reservoir compartmentalization by separating hydrocarbon-bearing zones.",False,https://www.inf.ufrgs.br/bdi/ontologies/GEORES_0000032,
organic-rich shale,shale,rdfs:subClassOf,Sedimentary Rock,False,"Organic-rich shale is a fine-grained sedimentary rock that is characterized by a high content of organic matter and functions as a primary hydrocarbon source rock in lacustrine rift systems. Deposited in deep, anoxic, profundal lake environments, these rocks typically contain amorphous kerogen with high hydrogen indexes, making them the main source for the Pre-Salt petroleum systems. In the Santos Basin, they are prominent within the Piçarras and Itapema formations and often exhibit a high gamma-ray log response.",False,https://www.inf.ufrgs.br/bdi/ontologies/GEORES_0000032,
dark shale,organic-rich shale,rdfs:subClassOf,Sedimentary Rock,False,"Dark shale is a fine-grained, organic-rich sedimentary rock that is characterized by its dark coloration, high gamma-ray signature, and significant source rock potential. Within the Brazilian Pre-Salt, these shales are prominently found within the Itapema Formation, where they can act as effective vertical seals that compartmentalize reservoirs.",False,https://www.inf.ufrgs.br/bdi/ontologies/GEORES_0000032,
Chemical Sedimentary Rock,sedimentary rock,rdfs:subClassOf,Sedimentary Rock,True,Chemical Sedimentary Rock is a sedimentary rock formed by the precipitation of minerals from an aqueous solution.,False,https://www.inf.ufrgs.br/bdi/ontologies/GEORES_0000032,
chert,Chemical Sedimentary Rock,rdfs:subClassOf,Sedimentary Rock,False,"Chert is a siliceous sedimentary rock composed of microcrystalline quartz that, in Pre-Salt lacustrine settings, is primarily formed by low-temperature silica precipitation associated with microbial activity. It commonly occurs as microbial boundstone buildups, as thin beds, or as a replacive diagenetic mineral. Due to its frequent development of vuggy and fracture porosity, chert constitutes a major reservoir facies in these systems.",False,https://www.inf.ufrgs.br/bdi/ontologies/GEORES_0000032,
evaporite,Chemical Sedimentary Rock,rdfs:subClassOf,Sedimentary Rock,False,"Evaporite is a chemical sedimentary rock that is formed by the precipitation of mineral salts from a body of water that has become concentrated by evaporation. In the Brazilian Pre-Salt, these Aptian-age deposits are predominantly composed of halite and anhydrite, forming the regional seal above the carbonate reservoirs. The significant thickness and ductile nature of the halite layers also drive halokinesis, creating complex salt structures that influence overburden deformation.",False,https://www.inf.ufrgs.br/bdi/ontologies/GEORES_0000032,
evaporite deposit,Chemical Sedimentary Rock,rdfs:subClassOf,Sedimentary Rock,False,"An evaporite deposit is a chemical sedimentary rock that is formed by the precipitation of saline minerals, such as halite, anhydrite, and carnallite, from the evaporation of a restricted lacustrine or shallow marine water body. In the Brazilian Pre-Salt, these deposits constitute thick, stratified successions, like the Ariri and Retiro Formations, that serve as a critical regional seal for the underlying hydrocarbon accumulations. The evaporite sequence also influences the thermal regime of the basin, preventing the overmaturation of source rocks.",False,https://www.inf.ufrgs.br/bdi/ontologies/GEORES_0000032,
carbonate rock,sedimentary rock,rdfs:subClassOf,Sedimentary Rock,False,"Carbonate rock is a class of sedimentary rock that is composed of more than 50% carbonate minerals, principally calcite and dolomite. Characterized by high chemical reactivity, these rocks exhibit significant heterogeneity due to complex depositional and diagenetic processes, forming unique lacustrine types in the Brazilian Pre-Salt such as microbially-influenced shrubstones and chemically precipitated spherulites.",False,https://www.inf.ufrgs.br/bdi/ontologies/GEORES_0000032,
carbonate,carbonate rock,rdfs:subClassOf,Sedimentary Rock,False,"Carbonate is a class of sedimentary rocks that is composed primarily of carbonate minerals, such as calcite and dolomite, originating from biological activity, chemical precipitation, or the accumulation of skeletal fragments. In the context of the Brazilian Pre-Salt, these rocks form extensive lacustrine reservoir systems, often classified by their depositional texture and unique constituents like microbialites and spherulites.",False,https://www.inf.ufrgs.br/bdi/ontologies/GEORES_0000032,
limestone,carbonate rock,rdfs:subClassOf,Sedimentary Rock,False,"Limestone is a carbonate sedimentary rock that is composed predominantly of calcium carbonate minerals, chiefly calcite and aragonite. In the Brazilian Pre-Salt, it encompasses a wide range of lacustrine facies, including bioclastic, spherulitic, and argillaceous varieties, whose reservoir quality is often controlled by subsequent diagenetic processes like dissolution, brecciation, and silicification.",False,https://www.inf.ufrgs.br/bdi/ontologies/GEORES_0000032,
dolostone,carbonate rock,rdfs:subClassOf,Sedimentary Rock,False,"Dolostone is a sedimentary carbonate rock that is predominantly composed of the mineral dolomite, typically formed through the diagenetic replacement of precursor calcium carbonate minerals. In the Brazilian Pre-Salt, these rocks are often characterized by dolomite rhombs and aggregates within a matrix of Mg-clays and organic matter, and frequently exhibit high intercrystalline porosity and permeability, constituting an important reservoir facies.",False,https://www.inf.ufrgs.br/bdi/ontologies/GEORES_0000032,
marl,carbonate rock,rdfs:subClassOf,Sedimentary Rock,False,"Marl is a sedimentary rock that is composed of a mixture of carbonate minerals, such as calcite, and fine-grained siliciclastic sediment, primarily clay and silt. It is typically an earthy, low-permeability deposit formed in low-energy aquatic environments, including freshwater or brackish lakes. Within the Brazilian Pre-Salt succession, rocks with this composition are generally referred to as argillaceous limestones or calcareous mudstones and often act as non-reservoir intervals or seals.",False,https://www.inf.ufrgs.br/bdi/ontologies/GEORES_0000032,
calcilutite,carbonate rock,rdfs:subClassOf,Sedimentary Rock,False,"Calcilutite is a fine-grained carbonate rock that is composed of mud-sized particles and often characterized by complex textures including parallel or crenulated laminations, peloids, and microbial structures. In the Brazilian Pre-Salt, it is predominantly composed of calcite, dolomite, and quartz, reflecting significant post-depositional alteration through dolomitization and silicification.",False,https://www.inf.ufrgs.br/bdi/ontologies/GEORES_0000032,
shrubstone,carbonate rock,rdfs:subClassOf,Sedimentary Rock,False,"Shrubstone is a carbonate rock that is composed primarily of shrubs, which are fascicular aggregates of fibrous calcite crystals displaying branched, bush-like growth patterns. These shrubs can coalesce to form layered crusts or domal structures and often exhibit significant inter-aggregate and vugular porosity, making it a key reservoir lithotype in lacustrine carbonate systems. It is commonly classified into subtypes, such as shrubby or arborescent, based on the scale of its growth framework.",False,https://www.inf.ufrgs.br/bdi/ontologies/GEORES_0000032,
fascicular calcite crust,carbonate rock,rdfs:subClassOf,Sedimentary Rock,False,"Fascicular calcite crust is an abiotic carbonate precipitate that is characterized by coalescing, shrub-like aggregates of fascicular-optic calcite crystals which form vertically accreted layers. Formed through syngenetic or early diagenetic chemical precipitation at or near the water-sediment interface in lacustrine environments, these crusts constitute a primary reservoir facies in the Brazilian Pre-Salt and are distinct from microbialites.",False,https://www.inf.ufrgs.br/bdi/ontologies/GEORES_0000032,
floatstone,carbonate rock,rdfs:subClassOf,Sedimentary Rock,False,"Floatstone is a matrix-supported carbonate rock that is characterized by containing over 10% of components larger than 2 millimeters in diameter which are supported by a finer-grained matrix. In the Brazilian Pre-Salt, these larger components often consist of microbialite fragments, oncoids, shells, and various tufa types, embedded within a matrix of micrite, silt, or sand.",False,https://www.inf.ufrgs.br/bdi/ontologies/GEORES_0000032,
cementstone,carbonate rock,rdfs:subClassOf,Sedimentary Rock,False,"Cementstone is a carbonate rock that is texturally defined by being dominated by in-situ precipitated cement rather than depositional grains or a biological framework. In the Brazilian Pre-Salt, it refers to chemogenic lacustrine limestones, such as shrub framestones, formed by the coalescence of fibrous calcite or radiating spherulites.",False,https://www.inf.ufrgs.br/bdi/ontologies/GEORES_0000032,
lacustrine coquina,carbonate rock,rdfs:subClassOf,Sedimentary Rock,False,"Lacustrine coquina is a mollusk-rich carbonate rock that is formed by the accumulation of shells and their fragments within a lacustrine depositional system. In the Brazilian Pre-Salt, these coquinas typically formed in shallow, high-energy waters on structural highs and constitute a primary reservoir facies.",False,https://www.inf.ufrgs.br/bdi/ontologies/GEORES_0000032,
continental carbonate,carbonate rock,rdfs:subClassOf,Sedimentary Rock,False,"Continental carbonate is a sedimentary carbonate rock that forms in a wide range of non-marine depositional environments, including lacustrine, palustrine, and spring systems. These rocks are subject to the direct influence of meteoric fluids, microbial activity, and pedogenetic processes, and their formation is strongly controlled by physicochemical parameters such as CO2 degassing and ion availability.",False,https://www.inf.ufrgs.br/bdi/ontologies/GEORES_0000032,
lacustrine carbonate,continental carbonate,rdfs:subClassOf,Sedimentary Rock,False,"Lacustrine carbonate is a carbonate rock that is formed by chemical, biochemical, or detrital processes within a lake environment, with its genesis controlled by local factors such as tectonics, climate, and water chemistry rather than global marine conditions. In the Brazilian Pre-Salt, these rocks were deposited in extensive rift-related saline or brackish lakes and are characterized by unusual textures, such as shrubs and spherulites, forming world-class hydrocarbon reservoirs.",False,https://www.inf.ufrgs.br/bdi/ontologies/GEORES_0000032,
pre-salt carbonate,lacustrine carbonate,rdfs:subClassOf,Sedimentary Rock,False,"Pre-salt carbonate is a sedimentary rock that was deposited in an alkaline lacustrine system during the Barremian-Aptian rifting phase, stratigraphically located beneath the extensive salt layer of the South Atlantic passive margins. Composed of biotic and abiotic carbonates often associated with magnesium-rich clays like stevensite, these deposits exhibit high facies variability and constitute one of the world's most significant petroleum reservoir systems.",False,https://www.inf.ufrgs.br/bdi/ontologies/GEORES_0000032,
travertine,continental carbonate,rdfs:subClassOf,Sedimentary Rock,False,"Travertine is a continental carbonate deposit that is formed by the abiotic precipitation of carbonate minerals from hydrothermal waters discharging at or near the Earth's surface, often along faults and fractures. Precipitation is typically triggered by the degassing of carbon dioxide from the discharging fluids, and its resulting depositional geometries, such as fissure ridges, mounds, and terraced plateaus, are controlled by fluid flow velocity and local topography.",False,https://www.inf.ufrgs.br/bdi/ontologies/GEORES_0000032,
laminated carbonate,carbonate rock,rdfs:subClassOf,Sedimentary Rock,False,"Laminated carbonate is a sedimentary carbonate rock that is characterized by a fine, layered internal structure, which in the Pre-Salt context often results from the diagenetic replacement of precursor laminated magnesium clays by calcite or dolomite. Also known as laminites, these rocks are a typical facies of saline to brackish lacustrine depositional systems, where they can form planar, wavy, or platy layers often associated with microbial activity and spherulites.",False,https://www.inf.ufrgs.br/bdi/ontologies/GEORES_0000032,
laminite,laminated carbonate,rdfs:subClassOf,Sedimentary Rock,False,"Laminite is a fine-grained laminated carbonate rock that originates from the diagenetic replacement of primary laminated clay deposits, such as stevensite, by calcite or dolomite. Characteristic of Pre-Salt lacustrine depositional systems, these rocks often preserve the original lamination, which is highlighted by remnants of organic matter and fine siliciclastic grains. They frequently exhibit complex diagenetic overprints, including silicification and the development of secondary dissolution porosity, which significantly influence their reservoir properties.",False,https://www.inf.ufrgs.br/bdi/ontologies/GEORES_0000032,
spherulitic carbonate,carbonate rock,rdfs:subClassOf,Sedimentary Rock,False,"Spherulitic carbonate is a sedimentary carbonate rock that is characterized by the presence of spherulites, which are spherical-to-elliptical grains composed of a radiating array of calcite crystals. This rock type encompasses various depositional textures, including mudstones, packstones, and grainstones, and is a common component of the lacustrine reservoir facies of the Brazilian Pre-Salt, often found in association with shrubby carbonates.",False,https://www.inf.ufrgs.br/bdi/ontologies/GEORES_0000032,
spherulitestone,spherulitic carbonate,rdfs:subClassOf,Sedimentary Rock,False,"Spherulitestone is a sedimentary carbonate rock that is composed of more than 90% spherulites, which are spherical to subspherical aggregates of radiating calcite crystals. Typically found in the lacustrine Pre-Salt succession, this rock exhibits a grainstone-like texture with tightly packed, well-sorted, and rounded grains, although individual spherulites may be deformed or coalesced.",False,https://www.inf.ufrgs.br/bdi/ontologies/GEORES_0000032,
microbial carbonate,carbonate rock,rdfs:subClassOf,Sedimentary Rock,False,"A microbial carbonate is a sedimentary carbonate rock that is formed through the mediation or influence of microbial activity, such as the trapping and binding of sediment or the induction of mineral precipitation by biofilms. These rocks often exhibit characteristic fabrics, including laminated (stromatolites), clotted (thrombolites), or shrub-like (dendrolites) structures. In the context of the Brazilian Pre-Salt, the term is central to the debate over the origin of lacustrine reservoir facies, with ongoing research distinguishing between true microbialites and abiotic chemical precipitates that mimic microbial textures.",False,https://www.inf.ufrgs.br/bdi/ontologies/GEORES_0000032,
microbialite,microbial carbonate,rdfs:subClassOf,Sedimentary Rock,False,"Microbialite is an organosedimentary deposit that is produced, induced, or influenced by the activity of benthic microbial communities. In the Brazilian Pre-Salt, this facies typically occurs as an autochthonous, porous carbonate rock forming tabular to irregular bodies composed of microbially-precipitated clots and peloids cemented by calcite. These bodies can be massive, show relict lamination, or exhibit subvertical branching structures.",False,https://www.inf.ufrgs.br/bdi/ontologies/GEORES_0000032,
boundstone,microbial carbonate,rdfs:subClassOf,Sedimentary Rock,False,"Boundstone is a sedimentary carbonate rock that is defined by its original components being bound together in-situ during deposition. In the Brazilian Pre-Salt, this facies typically manifests as microbialites, such as stromatolites with concentric laminations, formed by microbial mats in a lacustrine system. The classification of certain fabrics, like shrubs, as true boundstones is a subject of ongoing scientific debate regarding their potential microbial versus abiotic origin.",False,https://www.inf.ufrgs.br/bdi/ontologies/GEORES_0000032,
reworked carbonate,carbonate rock,rdfs:subClassOf,Sedimentary Rock,False,"Reworked carbonate is a clastic carbonate rock that is composed of transported and redeposited fragments of pre-existing carbonate facies, primarily calcitic spherulites and shrubs. Typically occurring as grainstone or rudstone textures, these facies are deposited by high-energy flows and are characterized by high primary porosity and permeability, making them significant reservoir intervals.",False,https://www.inf.ufrgs.br/bdi/ontologies/GEORES_0000032,
calcarenite,reworked carbonate,rdfs:subClassOf,Sedimentary Rock,False,"Calcarenite is a clastic carbonate rock that is predominantly composed of sand-sized grains, which in the Pre-Salt are typically reworked intraclasts, ooids, and bioclasts. These reworked deposits often form laminated beds and can possess significant primary interparticle porosity, which is frequently modified by subsequent dolomite or silica cementation.",False,https://www.inf.ufrgs.br/bdi/ontologies/GEORES_0000032,
calcirudite,reworked carbonate,rdfs:subClassOf,Sedimentary Rock,False,"Calcirudite is a clastic carbonate rock that is composed predominantly of carbonate fragments larger than 2 mm in diameter, equivalent to granule and pebble size. Within the Brazilian Pre-Salt, these rocks are typically poorly sorted and contain intraclasts derived from lacustrine facies such as microbialites, tufa, and spherulitic carbonates. They occur as either clast-supported (rudstone) or matrix-supported (floatstone) beds, often deposited by high-energy processes like debris flows.",False,https://www.inf.ufrgs.br/bdi/ontologies/GEORES_0000032,
Mud-Supported Carbonate Rock,carbonate rock,rdfs:subClassOf,Sedimentary Rock,True,Mud-Supported Carbonate Rock is a carbonate rock in which the grains are not in contact and are supported by a mud matrix.,False,https://www.inf.ufrgs.br/bdi/ontologies/GEORES_0000032,
mudstone,Mud-Supported Carbonate Rock,rdfs:subClassOf,Sedimentary Rock,False,"Mudstone is a mud-supported carbonate rock that is composed of less than 10% grains suspended in a carbonate mud matrix. Within Pre-Salt lacustrine systems, these rocks display significant mineralogical variation, including Mg-clay, siliceous, and dolomitic types, and can function as organic-rich source rocks or, when associated with features like spherulites, as intervals with reservoir potential.",False,https://www.inf.ufrgs.br/bdi/ontologies/GEORES_0000032,
wackestone,Mud-Supported Carbonate Rock,rdfs:subClassOf,Sedimentary Rock,False,"Wackestone is a mud-supported carbonate rock that is characterized by containing over 10% grains, such as ostracod bioclasts, spherulite fragments, and peloids, suspended within a carbonate mud matrix. This facies typically forms in low-energy depositional environments below the storm-wave base and can appear massive or exhibit plane-parallel lamination.",False,https://www.inf.ufrgs.br/bdi/ontologies/GEORES_0000032,
spherulitic mudstone,mudstone,rdfs:subClassOf,Sedimentary Rock,False,"Spherulitic mudstone is a mud-supported carbonate facies that is characterized by containing less than 70% spherulites embedded within a matrix of mud and Mg-clays. The spherulite grains are typically loosely packed and rarely touch, and this facies often exhibits higher porosity and permeability compared to other Pre-Salt mudstones.",False,https://www.inf.ufrgs.br/bdi/ontologies/GEORES_0000032,
dolomudstone,mudstone,rdfs:subClassOf,Sedimentary Rock,False,"Dolomudstone is a carbonate mudstone that is predominantly composed of mud-grade dolomite crystals. In the Brazilian Pre-Salt, it often occurs as thin, irregularly laminated beds containing fine calcite particles and variable mud content. This rock type typically exhibits low matrix porosity, consisting of small intercrystalline and interparticle pores, but can form effective reservoirs where porosity is enhanced by intense fracturing.",False,https://www.inf.ufrgs.br/bdi/ontologies/GEORES_0000032,
Grain-Supported Carbonate Rock,carbonate rock,rdfs:subClassOf,Sedimentary Rock,True,Grain-Supported Carbonate Rock is a carbonate rock in which the grains are in contact and form a self-supporting framework.,False,https://www.inf.ufrgs.br/bdi/ontologies/GEORES_0000032,
packstone,Grain-Supported Carbonate Rock,rdfs:subClassOf,Sedimentary Rock,False,"Packstone is a grain-supported sedimentary carbonate rock that contains a matrix of carbonate mud (micrite). In the context of Brazilian Pre-Salt lacustrine successions, these rocks are composed of reworked grains such as shrub fragments, spherulites, peloids, and bioclasts, and typically exhibit massive, laminated, or cross-stratified structures.",False,https://www.inf.ufrgs.br/bdi/ontologies/GEORES_0000032,
grainstone,Grain-Supported Carbonate Rock,rdfs:subClassOf,Sedimentary Rock,False,"Grainstone is a grain-supported sedimentary carbonate rock that is characterized by the absence of a mud matrix and, in the context of the Brazilian Pre-Salt, is defined by having over 50% reworked components. Typically formed by the reworking of deposits like spherulitestones and shrubstones in high-energy lacustrine shoreline environments, its constituent grains include spherulites, peloids, bioclasts, and fragments of shrubs or volcanic rocks.",False,https://www.inf.ufrgs.br/bdi/ontologies/GEORES_0000032,
rudstone,Grain-Supported Carbonate Rock,rdfs:subClassOf,Sedimentary Rock,False,"Rudstone is a grain-supported carbonate rock that is characterized by having more than 10% of its volume composed of grains larger than 2 mm in diameter. Within the Brazilian Pre-Salt, it forms a significant reservoir facies where the coarse grains are typically intraclasts, spherulites, or bioclastic fragments, and its heterogeneous pore system is controlled by grain packing and subsequent diagenesis.",False,https://www.inf.ufrgs.br/bdi/ontologies/GEORES_0000032,
intraclastic grainstone,grainstone,rdfs:subClassOf,Sedimentary Rock,False,"Intraclastic grainstone is a grain-supported sedimentary carbonate rock that is characterized by a composition dominated by intraclasts with a grain size typically less than 2 mm. Within the Brazilian Pre-Salt, it is a significant reservoir facies composed of reworked fragments of fascicular calcite crusts, spherulites, and laminites, often exhibiting moderate to good sorting.",False,https://www.inf.ufrgs.br/bdi/ontologies/GEORES_0000032,
bioclastic grainstone,grainstone,rdfs:subClassOf,Sedimentary Rock,False,"Bioclastic grainstone is a grain-supported bioclastic carbonate rock that is characterized by a grain size of less than 2 mm and the absence of a mud matrix. Primarily composed of fragmented lacustrine organisms such as bivalves, gastropods, and ostracods, this rock type is a key reservoir facies in the Brazilian Pre-Salt that frequently undergoes diagenetic alteration.",False,https://www.inf.ufrgs.br/bdi/ontologies/GEORES_0000032,
bioclastic rudstone,rudstone,rdfs:subClassOf,Sedimentary Rock,False,"Bioclastic rudstone is a grain-supported bioclastic carbonate rock that is characterized by having more than 10% of its grains larger than 2 mm in diameter. In the Brazilian Pre-Salt, these rocks are predominantly composed of fragmented and disarticulated bivalve shells, often chaotically arranged, and may contain common intraclasts. It constitutes a significant reservoir facies, exhibiting a heterogeneous pore system that includes interparticle, moldic, and vugular porosity.",False,https://www.inf.ufrgs.br/bdi/ontologies/GEORES_0000032,
bivalve rudstone,bioclastic rudstone,rdfs:subClassOf,Sedimentary Rock,False,"Bivalve rudstone is a bioclastic rudstone that is characterized by a grain-supported fabric in which the primary constituents are whole or fragmented bivalve shells, often with subordinate gastropods and ostracods. Within the Brazilian Pre-Salt lacustrine successions, these rocks typically exhibit poor to moderate sorting, a chaotic fabric, and are subject to significant diagenetic alteration, including dissolution and cementation, which creates complex moldic, vuggy, and interparticle pore systems.",False,https://www.inf.ufrgs.br/bdi/ontologies/GEORES_0000032,
